class,feature,coefficient
p,bruises_Unknown,0.0
p,bruises_f,0.5939854509688103
p,bruises_t,-0.5744879202681268
p,cap-color_Unknown,0.0
p,cap-color_b,2.393799139559865
p,cap-color_c,-1.6595159228656362
p,cap-color_e,0.2823454580993514
p,cap-color_g,0.17843084428038625
p,cap-color_n,-0.36308402484622965
p,cap-color_p,2.752448721121788
p,cap-color_r,-1.690707157186658
p,cap-color_u,-1.9889125062952242
p,cap-color_w,0.7301393051490375
p,cap-color_y,-0.6154463263160006
p,cap-shape_Unknown,0.0
p,cap-shape_b,0.2108298883568525
p,cap-shape_c,0.7399376007705303
p,cap-shape_f,0.20172441413699488
p,cap-shape_k,0.5406472267035134
p,cap-shape_s,-2.0894486274162682
p,cap-shape_x,0.4158070281490652
p,cap-surface_Unknown,0.0
p,cap-surface_f,-2.0227321799967135
p,cap-surface_g,0.6445142141043823
p,cap-surface_s,1.2468029109060168
p,cap-surface_y,0.1509125856869956
p,gill-size_Unknown,0.0
p,gill-size_b,-4.899253261487479
p,gill-size_n,4.918750792188163
p,gill-spacing_Unknown,0.0
p,gill-spacing_c,3.612910503432316
p,gill-spacing_w,-3.5934129727316333
p,habitat_Unknown,0.0
p,habitat_d,-2.8828278325126084
p,habitat_g,2.6531892581466607
p,habitat_l,-1.885373877878306
p,habitat_m,2.17292223946091
p,habitat_p,-1.294498423195786
p,habitat_u,1.7028681971520194
p,habitat_w,-0.44678203047220333
p,ring-number_Unknown,0.0
p,ring-number_n,3.387463176699015
p,ring-number_o,-0.7112177045899167
p,ring-number_t,-2.656747941408414
p,stalk-root_Unknown,0.14695695025865257
p,stalk-root_b,5.747863918934054
p,stalk-root_c,-0.871281499658247
p,stalk-root_e,-3.783358043616364
p,stalk-root_r,-1.220683795217409
p,stalk-shape_Unknown,0.0
p,stalk-shape_e,0.04978484282843402
p,stalk-shape_t,-0.03028731212775888
p,stalk-surface-above-ring_Unknown,0.0
p,stalk-surface-above-ring_f,-1.02943131094979
p,stalk-surface-above-ring_k,4.013569421250969
p,stalk-surface-above-ring_s,-1.8289727077468663
p,stalk-surface-above-ring_y,-1.1356678718536248
p,stalk-surface-below-ring_Unknown,0.0
p,stalk-surface-below-ring_f,-2.2663806608018926
p,stalk-surface-below-ring_k,1.9622661137330926
p,stalk-surface-below-ring_s,-0.7486064900787849
p,stalk-surface-below-ring_y,1.0722185678482663
p,veil-color_Unknown,0.0
p,veil-color_n,-0.38775273813468714
p,veil-color_o,-0.337544008539913
p,veil-color_w,-1.696244347664249
p,veil-color_y,2.4410386250395346
