class,feature,coefficient,odds_ratio
p,bruises_Unknown,0.0,1.0
p,bruises_f,0.5939854509688103,1.811192468941159
p,bruises_t,-0.5744879202681268,0.5629930923557186
p,cap-color_Unknown,0.0,1.0
p,cap-color_b,2.393799139559865,10.95503468919865
p,cap-color_c,-1.6595159228656362,0.19023104431543156
p,cap-color_e,0.2823454580993514,1.3262368001027467
p,cap-color_g,0.17843084428038625,1.1953402158022404
p,cap-color_n,-0.36308402484622965,0.695527989411393
p,cap-color_p,2.752448721121788,15.680983264036621
p,cap-color_r,-1.690707157186658,0.18438908581110347
p,cap-color_u,-1.9889125062952242,0.13684416172039032
p,cap-color_w,0.7301393051490375,2.0753696972228033
p,cap-color_y,-0.6154463263160006,0.5403996468919975
p,cap-shape_Unknown,0.0,1.0
p,cap-shape_b,0.2108298883568525,1.2347022999584476
p,cap-shape_c,0.7399376007705303,2.095804733813591
p,cap-shape_f,0.20172441413699488,1.2235107793717266
p,cap-shape_k,0.5406472267035134,1.7171178671467326
p,cap-shape_s,-2.0894486274162682,0.12375535231773066
p,cap-shape_x,0.4158070281490652,1.515593373791213
p,cap-surface_Unknown,0.0,1.0
p,cap-surface_f,-2.0227321799967135,0.1322935211451181
p,cap-surface_g,0.6445142141043823,1.9050613525144324
p,cap-surface_s,1.2468029109060168,3.479201839122046
p,cap-surface_y,0.1509125856869956,1.1628949999711793
p,gill-size_Unknown,0.0,1.0
p,gill-size_b,-4.899253261487479,0.007452145797982864
p,gill-size_n,4.918750792188163,136.83157530500557
p,gill-spacing_Unknown,0.0,1.0
p,gill-spacing_c,3.612910503432316,37.07379936070469
p,gill-spacing_w,-3.5934129727316333,0.02750429862932692
p,habitat_Unknown,0.0,1.0
p,habitat_d,-2.8828278325126084,0.05597624735994217
p,habitat_g,2.6531892581466607,14.199251587983376
p,habitat_l,-1.885373877878306,0.15177230451319088
p,habitat_m,2.17292223946091,8.783915276038364
p,habitat_p,-1.294498423195786,0.2740352796061943
p,habitat_u,1.7028681971520194,5.489670289452923
p,habitat_w,-0.44678203047220333,0.6396833245521909
p,ring-number_Unknown,0.0,1.0
p,ring-number_n,3.387463176699015,29.5907903679447
p,ring-number_o,-0.7112177045899167,0.4910458844233088
p,ring-number_t,-2.656747941408414,0.0701760677436094
p,stalk-root_Unknown,0.14695695025865257,1.1583040972647198
p,stalk-root_b,5.747863918934054,313.5202398562721
p,stalk-root_c,-0.871281499658247,0.41841500684333766
p,stalk-root_e,-3.783358043616364,0.02274618036747679
p,stalk-root_r,-1.220683795217409,0.29502835895336266
p,stalk-shape_Unknown,0.0,1.0
p,stalk-shape_e,0.04978484282843402,1.0510449321916744
p,stalk-shape_t,-0.03028731212775888,0.970166752827849
p,stalk-surface-above-ring_Unknown,0.0,1.0
p,stalk-surface-above-ring_f,-1.02943131094979,0.35721004425873387
p,stalk-surface-above-ring_k,4.013569421250969,55.344064700281706
p,stalk-surface-above-ring_s,-1.8289727077468663,0.16057844406421307
p,stalk-surface-above-ring_y,-1.1356678718536248,0.3212075242160841
p,stalk-surface-below-ring_Unknown,0.0,1.0
p,stalk-surface-below-ring_f,-2.2663806608018926,0.10368677939818371
p,stalk-surface-below-ring_k,1.9622661137330926,7.115433189977579
p,stalk-surface-below-ring_s,-0.7486064900787849,0.4730252590690176
p,stalk-surface-below-ring_y,1.0722185678482663,2.9218546473220837
p,veil-color_Unknown,0.0,1.0
p,veil-color_n,-0.38775273813468714,0.6785801095057931
p,veil-color_o,-0.337544008539913,0.71352057301692
p,veil-color_w,-1.696244347664249,0.18337090983960433
p,veil-color_y,2.4410386250395346,11.484963120558175
