row_identifier,actual_class,predicted_class,probability_confidence
19,Doctors_4_Plus,Doctors_2_3,0.7253248
38,Doctors_0_1,Doctors_2_3,0.49944896
47,Doctors_0_1,Doctors_4_Plus,0.4661628
51,Doctors_2_3,Doctors_4_Plus,0.5404251
76,Doctors_0_1,Doctors_2_3,0.5557263
88,Doctors_0_1,Doctors_2_3,0.38730815
92,Doctors_0_1,Doctors_2_3,0.6463409
104,Doctors_0_1,Doctors_2_3,0.41510952
108,Doctors_0_1,Doctors_2_3,0.48531568
109,Doctors_4_Plus,Doctors_2_3,0.7674091
120,Doctors_0_1,Doctors_2_3,0.6535489
121,Doctors_4_Plus,Doctors_2_3,0.4573792
127,Doctors_0_1,Doctors_2_3,0.5127862
142,Doctors_0_1,Doctors_2_3,0.4959838
147,Doctors_2_3,Doctors_4_Plus,0.46235844
152,Doctors_4_Plus,Doctors_2_3,0.47888055
176,Doctors_2_3,Doctors_4_Plus,0.49029905
185,Doctors_0_1,Doctors_2_3,0.6672677
199,Doctors_4_Plus,Doctors_0_1,0.36565426
205,Doctors_0_1,Doctors_2_3,0.57464325
212,Doctors_4_Plus,Doctors_2_3,0.42845875
214,Doctors_0_1,Doctors_4_Plus,0.4385146
217,Doctors_2_3,Doctors_4_Plus,0.49911162
219,Doctors_4_Plus,Doctors_2_3,0.59669274
224,Doctors_4_Plus,Doctors_2_3,0.38730815
249,Doctors_0_1,Doctors_2_3,0.45291406
253,Doctors_4_Plus,Doctors_2_3,0.44656333
273,Doctors_4_Plus,Doctors_2_3,0.71988744
283,Doctors_4_Plus,Doctors_2_3,0.5154683
286,Doctors_0_1,Doctors_4_Plus,0.40954784
303,Doctors_0_1,Doctors_2_3,0.41961002
315,Doctors_0_1,Doctors_2_3,0.56047857
316,Doctors_2_3,Doctors_0_1,0.4671225
320,Doctors_4_Plus,Doctors_2_3,0.4265939
344,Doctors_0_1,Doctors_2_3,0.4573792
359,Doctors_0_1,Doctors_2_3,0.41510952
361,Doctors_4_Plus,Doctors_2_3,0.4776843
369,Doctors_4_Plus,Doctors_2_3,0.4959838
379,Doctors_0_1,Doctors_2_3,0.48402867
400,Doctors_4_Plus,Doctors_0_1,0.4671225
419,Doctors_2_3,Doctors_4_Plus,0.5923616
433,Doctors_0_1,Doctors_2_3,0.47888055
434,Doctors_4_Plus,Doctors_0_1,0.5026348
444,Doctors_0_1,Doctors_2_3,0.5412674
445,Doctors_4_Plus,Doctors_2_3,0.45733815
456,Doctors_0_1,Doctors_2_3,0.5946295
478,Doctors_0_1,Doctors_4_Plus,0.4816246
487,Doctors_0_1,Doctors_2_3,0.44420502
489,Doctors_4_Plus,Doctors_2_3,0.43599072
491,Doctors_0_1,Doctors_2_3,0.78061634
496,Doctors_4_Plus,Doctors_2_3,0.5557263
