row_identifier,prob_Doctors_0_1,prob_Doctors_2_3,prob_Doctors_4_Plus
0,0.014365548,0.9530956,0.032538842
1,0.023399355,0.89993954,0.0766611
2,0.13809714,0.7836261,0.07827682
3,0.07022288,0.82491535,0.104861796
4,0.057011604,0.6754755,0.2675129
5,0.050606266,0.39734,0.55205375
6,0.0102953315,0.8920836,0.097621046
7,0.008286167,0.057776324,0.9339375
8,0.09008538,0.89825314,0.0116615
9,0.07331185,0.079024196,0.84766394
10,0.17034489,0.13992347,0.68973166
11,0.006038904,0.075323015,0.9186381
12,0.19569458,0.32486302,0.47944245
13,0.6308005,0.11264173,0.25655776
14,0.022159548,0.75034815,0.2274923
15,0.052558072,0.1250191,0.82242286
16,0.020326683,0.072575346,0.907098
17,0.13898642,0.730953,0.13006058
18,0.13605781,0.2776557,0.58628654
19,0.09418026,0.7253248,0.18049486
20,0.10952233,0.85482395,0.035653766
21,0.65990245,0.19356933,0.14652821
22,0.051394463,0.43166083,0.51694465
23,0.16005608,0.8067392,0.033204727
24,0.11540478,0.48697653,0.39761865
25,0.49120682,0.46228796,0.04650517
26,0.8371501,0.07252759,0.09032236
27,0.033944514,0.7251321,0.24092339
28,0.002318409,0.17686959,0.820812
29,0.3168185,0.6463409,0.036840584
30,0.13869332,0.7338722,0.12743449
31,0.067531586,0.19198635,0.74048203
32,0.31502774,0.38730815,0.29766414
33,0.02357142,0.80326325,0.17316538
34,0.14488585,0.20276001,0.6523542
35,0.2024997,0.74378145,0.05371891
36,0.42613798,0.4074595,0.16640249
37,0.84688973,0.092313655,0.060796563
38,0.25974062,0.49944896,0.2408104
39,0.034050558,0.40416,0.5617895
40,0.030869223,0.8937463,0.0753845
41,0.012758735,0.2326426,0.7545986
42,0.031484872,0.9014154,0.06709965
43,0.15408507,0.5929285,0.25298637
44,0.18439071,0.67874175,0.13686752
45,0.12957574,0.72010845,0.15031585
46,0.022521356,0.7485625,0.22891615
47,0.34219277,0.19164442,0.4661628
48,0.11327068,0.2834495,0.6032798
49,0.053533293,0.15266573,0.79380095
50,0.1254576,0.16986483,0.7046775
51,0.111120805,0.3484541,0.5404251
52,0.07697663,0.2259668,0.6970566
53,0.070472494,0.4304159,0.49911162
54,0.08776717,0.8177407,0.09449216
55,0.017158436,0.0573112,0.9255303
56,0.13251346,0.7017898,0.16569673
57,0.62375015,0.2232318,0.15301807
58,0.018536622,0.10362283,0.8778405
59,0.18675216,0.36100763,0.45224014
60,0.07428308,0.8915192,0.034197755
61,0.045422733,0.8488318,0.10574554
62,0.012198694,0.21988991,0.7679114
63,0.78205955,0.14124268,0.07669776
64,0.11149151,0.29614687,0.5923616
65,0.5026348,0.318462,0.17890316
66,0.031617172,0.7674091,0.20097372
67,0.032287724,0.17752828,0.79018396
68,0.11678535,0.24871317,0.6345015
69,0.77582544,0.073621795,0.15055275
70,0.06632159,0.74838203,0.18529642
71,0.23603237,0.5432454,0.22072227
72,0.04212742,0.2590085,0.6988641
73,0.033921137,0.92623514,0.039843734
74,0.06969455,0.9138155,0.01648994
75,0.24926595,0.7243414,0.026392601
76,0.16343027,0.5557263,0.2808435
77,0.012395873,0.7822447,0.20535943
78,0.106333725,0.65889144,0.23477486
79,0.03571573,0.16061929,0.80366504
80,0.17059381,0.43731153,0.39209464
81,0.14423585,0.77543867,0.08032544
82,0.14445905,0.15086292,0.70467806
83,0.15518934,0.08891934,0.7558913
84,0.08625455,0.2327932,0.6809522
85,0.059266023,0.7218152,0.21891876
86,0.17579463,0.78061634,0.04358898
87,0.028648946,0.30595922,0.6653918
88,0.31502774,0.38730815,0.29766414
89,0.04334586,0.903401,0.053253118
90,0.049795967,0.34656936,0.60363466
91,0.013795118,0.13981374,0.84639114
92,0.3168185,0.6463409,0.036840584
93,0.2932414,0.22513393,0.4816246
94,0.08306073,0.8808686,0.03607063
95,0.042295314,0.8537283,0.10397633
96,0.082437985,0.72974145,0.18782058
97,0.10506535,0.79413104,0.10080364
98,0.41111526,0.34141257,0.24747218
99,0.06340689,0.10140501,0.83518815
100,0.016970577,0.20277135,0.78025806
101,0.07946507,0.8084504,0.112084575
102,0.08398843,0.8958871,0.020124536
103,0.082677655,0.68670636,0.23061594
104,0.39139822,0.41510952,0.19349226
105,0.33334872,0.28838238,0.37826893
106,0.0812126,0.6762933,0.24249408
107,0.023851914,0.31833524,0.65781283
108,0.31019607,0.48531568,0.20448817
109,0.031617172,0.7674091,0.20097372
110,0.054925833,0.30854207,0.63653207
111,0.16182889,0.60630393,0.23186722
112,0.19087474,0.49054787,0.3185774
113,0.38579977,0.5412674,0.072932824
114,0.24201772,0.42205974,0.33592257
115,0.17828049,0.7423192,0.079400264
116,0.16188712,0.7983826,0.03973031
117,0.12162807,0.7925249,0.08584709
118,0.09710176,0.75264055,0.15025768
119,0.011394577,0.9224188,0.06618665
120,0.24660279,0.6535489,0.09984832
121,0.25070134,0.4573792,0.29191944
122,0.060828432,0.84141207,0.09775956
123,0.025926493,0.8953098,0.07876371
124,0.04837473,0.8392034,0.1124218
125,0.034431905,0.8728253,0.09274275
126,0.011331404,0.8554502,0.13321838
127,0.28334224,0.5127862,0.20387156
128,0.01301879,0.93905336,0.04792781
129,0.17579463,0.78061634,0.04358898
130,0.065747656,0.17028691,0.7639654
131,0.11193187,0.87982243,0.008245696
132,0.3603574,0.46171907,0.17792353
133,0.029523686,0.109007515,0.86146885
134,0.026015077,0.22562645,0.7483585
135,0.10809178,0.7287084,0.16319981
136,0.11540478,0.48697653,0.39761865
137,0.44186735,0.27836424,0.27976835
138,0.23493658,0.5873247,0.17773871
139,0.039360087,0.22815546,0.73248446
140,0.17981206,0.7632622,0.056925725
141,0.7099451,0.22309709,0.06695787
142,0.34708062,0.4959838,0.15693553
143,0.58705235,0.14882141,0.2641262
144,0.6845385,0.2536911,0.061770424
145,0.19641349,0.23523565,0.56835085
146,0.13610025,0.095323704,0.7685761
147,0.08590554,0.451736,0.46235844
148,0.09928141,0.8774335,0.023285152
149,0.53618544,0.09599049,0.3678241
150,0.032587275,0.5053734,0.4620393
151,0.08939477,0.79642636,0.11417889
152,0.25447232,0.47888055,0.2666471
153,0.0054659424,0.92361766,0.07091636
154,0.037833914,0.8217802,0.14038588
155,0.074137665,0.7846413,0.14122108
156,0.043986004,0.21847501,0.737539
157,0.2264854,0.65680313,0.11671144
158,0.12019398,0.72325206,0.15655392
159,0.028855447,0.15915926,0.8119853
160,0.08441863,0.57138985,0.34419146
161,0.10857587,0.2384624,0.6529617
162,0.37949702,0.5408012,0.0797017
163,0.07663868,0.25376022,0.6696011
164,0.5866865,0.38293764,0.03037586
165,0.09053367,0.84353465,0.06593163
166,0.052558072,0.1250191,0.82242286
167,0.02699407,0.8985412,0.07446474
168,0.18294996,0.5755183,0.24153173
169,0.15814683,0.8017545,0.040098693
170,0.026999857,0.107563,0.86543715
171,0.050199565,0.37092692,0.5788735
172,0.032673582,0.5588336,0.4084928
173,0.572789,0.3219799,0.10523106
174,0.28633457,0.6512085,0.062456895
175,0.2569324,0.6347133,0.108354285
176,0.050069354,0.4596316,0.49029905
177,0.1170971,0.7546811,0.12822184
178,0.07046405,0.5911313,0.33840463
179,0.23905562,0.71894723,0.041997116
180,0.16556099,0.7379234,0.096515596
181,0.06577539,0.8984169,0.035807732
182,0.5850086,0.09197252,0.32301882
183,0.82193536,0.15307532,0.024989309
184,0.14850701,0.719977,0.13151596
185,0.20241636,0.6672677,0.13031591
186,0.11382932,0.757543,0.12862767
187,0.114122085,0.79520077,0.090677135
188,0.023901058,0.26584145,0.7102575
189,0.2045407,0.5601914,0.23526788
190,0.03211243,0.90993077,0.057956763
191,0.1509567,0.26028854,0.5887548
192,0.10350202,0.06828019,0.8282178
193,0.011981108,0.118904255,0.8691146
194,0.02433771,0.14988092,0.82578135
195,0.02589855,0.112560086,0.8615414
196,0.4671225,0.43013415,0.10274334
197,0.03139506,0.6908048,0.27780017
198,0.08622136,0.79123694,0.122541666
199,0.36565426,0.28416267,0.3501831
200,0.2036258,0.6406141,0.15576017
201,0.09893622,0.18064441,0.7204194
202,0.14652252,0.796943,0.056534458
203,0.14878757,0.66975,0.1814624
204,0.0819995,0.73877364,0.17922688
205,0.2963657,0.57464325,0.12899104
206,0.4671225,0.43013415,0.10274334
207,0.056984235,0.8710206,0.07199519
208,0.7698457,0.1564514,0.073702864
209,0.10545908,0.63314277,0.26139817
210,0.2871965,0.2575527,0.4552508
211,0.10807768,0.8557627,0.03615964
212,0.2024178,0.42845875,0.3691234
213,0.007388008,0.914898,0.07771407
214,0.19768652,0.36379883,0.4385146
215,0.13527422,0.76284844,0.10187729
216,0.060946736,0.14892167,0.79013157
217,0.070472494,0.4304159,0.49911162
218,0.03845875,0.77847445,0.18306676
219,0.0779263,0.59669274,0.32538098
220,0.07636806,0.81993395,0.10369802
221,0.035774197,0.7564561,0.20776972
222,0.20409185,0.76092756,0.034980558
223,0.027379123,0.91319555,0.059425347
224,0.31502774,0.38730815,0.29766414
225,0.053924415,0.8989794,0.047096167
226,0.09008761,0.16948637,0.74042606
227,0.15530376,0.8255352,0.019161021
228,0.84624684,0.0998756,0.05387759
229,0.30919468,0.23534395,0.4554614
230,0.02589855,0.112560086,0.8615414
231,0.050234817,0.8023426,0.14742258
232,0.09909824,0.13891728,0.76198447
233,0.087971926,0.3033898,0.6086383
234,0.06792209,0.8216995,0.11037838
235,0.44900036,0.22448394,0.3265157
236,0.04267139,0.6655403,0.29178837
237,0.06024426,0.12665737,0.81309843
238,0.06969455,0.9138155,0.01648994
239,0.7406258,0.19084099,0.06853315
240,0.26232705,0.32118618,0.4164868
241,0.01791329,0.96348643,0.01860034
242,0.012298109,0.102397084,0.88530475
243,0.11788649,0.2597604,0.62235314
244,0.23498166,0.10437416,0.6606442
245,0.8389019,0.079653844,0.08144422
246,0.0218751,0.108285725,0.8698392
247,0.024823625,0.21207434,0.7631021
248,0.7609859,0.19157611,0.047438
249,0.40513685,0.45291406,0.14194903
250,0.2510468,0.2665428,0.48241043
251,0.8430916,0.11405005,0.042858332
252,0.6064447,0.30698732,0.086567916
253,0.122890234,0.44656333,0.43054646
254,0.03859043,0.18459646,0.7768131
255,0.044377275,0.8339301,0.12169264
256,0.045812212,0.61106724,0.3431206
257,0.042535603,0.8817172,0.075747184
258,0.17040542,0.52065766,0.30893692
259,0.07210097,0.05399105,0.873908
260,0.5293909,0.3558442,0.11476492
261,0.06298051,0.61109006,0.32592943
262,0.26212683,0.6066834,0.13118981
263,0.16182889,0.60630393,0.23186722
264,0.13838299,0.75738275,0.104234226
265,0.076027855,0.15484561,0.7691265
266,0.31019607,0.48531568,0.20448817
267,0.48960328,0.42474362,0.08565307
268,0.06250188,0.7806144,0.15688372
269,0.009246926,0.94511324,0.045639828
270,0.12958229,0.23136783,0.6390499
271,0.1712082,0.70700586,0.12178599
272,0.16724876,0.7325476,0.100203656
273,0.04173559,0.71988744,0.23837699
274,0.10960299,0.8283026,0.062094383
275,0.25447232,0.47888055,0.2666471
276,0.016011396,0.9240617,0.059926964
277,0.26631266,0.65774965,0.07593767
278,0.0409458,0.92032725,0.03872694
279,0.027420094,0.6319862,0.34059373
280,0.031617172,0.7674091,0.20097372
281,0.02596053,0.80054265,0.17349684
282,0.01823068,0.09153047,0.8902389
283,0.1777689,0.5154683,0.30676284
284,0.21894601,0.37381127,0.40724272
285,0.0786469,0.74651057,0.17484255
286,0.18902308,0.40142906,0.40954784
287,0.069694914,0.7946007,0.13570437
288,0.11312339,0.32593316,0.5609434
289,0.08587463,0.16174042,0.75238496
290,0.08322949,0.82265973,0.094110765
291,0.072701685,0.07572787,0.8515705
292,0.08890873,0.443552,0.4675393
293,0.012957473,0.122319944,0.86472255
294,0.28690463,0.6075199,0.10557548
295,0.07593848,0.65355784,0.27050364
296,0.24660279,0.6535489,0.09984832
297,0.12872702,0.69516087,0.17611213
298,0.7914755,0.18832967,0.020194849
299,0.03679284,0.1233963,0.8398109
300,0.01964138,0.8962173,0.08414133
301,0.03724574,0.24526095,0.7174933
302,0.54841244,0.32426253,0.12732503
303,0.27221814,0.41961002,0.30817184
304,0.009911067,0.8061176,0.18397129
305,0.47363302,0.45531127,0.07105568
306,0.04837067,0.5230084,0.42862087
307,0.3092983,0.5141919,0.17650981
308,0.18775275,0.7282604,0.08398685
309,0.08393543,0.8323313,0.083733276
310,0.019810772,0.8830962,0.097093
311,0.18252467,0.07882699,0.7386483
312,0.005564583,0.029768163,0.9646672
313,0.16343027,0.5557263,0.2808435
314,0.019696228,0.8934536,0.086850144
315,0.31557378,0.56047857,0.123947605
316,0.4671225,0.43013415,0.10274334
317,0.09508007,0.8828623,0.022057595
318,0.67264545,0.24525554,0.08209897
319,0.094724394,0.84260464,0.062670976
320,0.19810022,0.4265939,0.37530586
321,0.07119185,0.35746437,0.5713438
322,0.38591522,0.28377846,0.3303063
323,0.070472494,0.4304159,0.49911162
324,0.19087474,0.49054787,0.3185774
325,0.03696255,0.8063209,0.15671657
326,0.078150764,0.7844263,0.137423
327,0.23034588,0.71841985,0.05123427
328,0.824656,0.16251588,0.012828065
329,0.08469767,0.8742841,0.041018244
330,0.2036258,0.6406141,0.15576017
331,0.016169645,0.9518884,0.031941984
332,0.7248511,0.21119677,0.06395213
333,0.23589373,0.34646633,0.41763994
334,0.4101134,0.2966214,0.2932652
335,0.11372709,0.709335,0.17693791
336,0.04781145,0.7731813,0.17900728
337,0.11541642,0.8550139,0.029569708
338,0.39139822,0.41510952,0.19349226
339,0.024070647,0.7608302,0.21509916
340,0.16343027,0.5557263,0.2808435
341,0.11693431,0.7475072,0.13555847
342,0.10312854,0.85661346,0.04025804
343,0.095735,0.85343933,0.050825667
344,0.25070134,0.4573792,0.29191944
345,0.121697254,0.8413242,0.036978588
346,0.11335562,0.78444606,0.102198325
347,0.6948119,0.27526897,0.029919187
348,0.022617029,0.1059895,0.8713935
349,0.20241636,0.6672677,0.13031591
350,0.27613476,0.7018356,0.0220297
351,0.026041383,0.9464736,0.027485043
352,0.10758606,0.71581274,0.17660123
353,0.049132727,0.8851625,0.06570479
354,0.25070134,0.4573792,0.29191944
355,0.04947395,0.8272391,0.12328694
356,0.50011,0.34611905,0.15377092
357,0.0779263,0.59669274,0.32538098
358,0.040537857,0.08055152,0.87891066
359,0.39139822,0.41510952,0.19349226
360,0.80870235,0.117284,0.07401361
361,0.15693113,0.4776843,0.36538455
362,0.04175183,0.09888249,0.8593657
363,0.02790292,0.94977313,0.022323936
364,0.11585459,0.8634975,0.020647947
365,0.026307177,0.8835645,0.09012834
366,0.0064820447,0.8972588,0.09625911
367,0.113179944,0.3723946,0.51442546
368,0.24416438,0.6225667,0.13326891
369,0.34708062,0.4959838,0.15693553
370,0.032045435,0.20053545,0.7674191
371,0.0045186724,0.42119482,0.5742865
372,0.26631266,0.65774965,0.07593767
373,0.023780802,0.84931743,0.12690175
374,0.14840719,0.3127904,0.5388024
375,0.023183256,0.81945145,0.15736526
376,0.08462453,0.8241411,0.09123436
377,0.042000774,0.9342357,0.023763558
378,0.17579463,0.78061634,0.04358898
379,0.36793214,0.48402867,0.14803912
380,0.037898634,0.300777,0.66132444
381,0.15147945,0.8071447,0.04137588
382,0.22052072,0.55394816,0.2255311
383,0.19768652,0.36379883,0.4385146
384,0.20241636,0.6672677,0.13031591
385,0.105722986,0.73035765,0.1639194
386,0.03507414,0.8207749,0.1441509
387,0.015146769,0.9317972,0.05305596
388,0.045540214,0.93195003,0.022509748
389,0.28468102,0.49921364,0.2161054
390,0.04440278,0.8766345,0.07896278
391,0.6655846,0.19491458,0.13950083
392,0.69277054,0.24297652,0.06425294
393,0.02403921,0.12658294,0.8493779
394,0.026258068,0.13367248,0.8400695
395,0.043940455,0.8676161,0.08844339
396,0.015960645,0.737246,0.24679334
397,0.095129184,0.8671866,0.03768419
398,0.39073282,0.24187693,0.36739022
399,0.08501861,0.7365161,0.17846529
400,0.4671225,0.43013415,0.10274334
401,0.070472494,0.4304159,0.49911162
402,0.026559206,0.13030253,0.8431383
403,0.06850534,0.8124868,0.11900786
404,0.11149151,0.29614687,0.5923616
405,0.10763958,0.754424,0.13793643
406,0.04561724,0.90994525,0.04443748
407,0.05383874,0.21299204,0.7331692
408,0.60418403,0.18040779,0.2154082
409,0.015265942,0.7845566,0.20017743
410,0.07739011,0.19586325,0.7267467
411,0.17184155,0.7733838,0.054774623
412,0.41532195,0.23147653,0.35320145
413,0.023087593,0.91094446,0.06596794
414,0.038751103,0.7325926,0.22865629
415,0.14329715,0.2974126,0.5592903
416,0.030665616,0.16158271,0.8077517
417,0.61367524,0.26811475,0.11820997
418,0.39695418,0.29358134,0.30946445
419,0.11149151,0.29614687,0.5923616
420,0.039638102,0.13511558,0.8252463
421,0.04398295,0.57563365,0.38038343
422,0.114122085,0.79520077,0.090677135
423,0.7519432,0.17684714,0.07120972
424,0.89542466,0.053957224,0.050618064
425,0.052953854,0.8108874,0.1361588
426,0.1170971,0.7546811,0.12822184
427,0.023082927,0.9726968,0.0042202827
428,0.11890933,0.045366216,0.8357245
429,0.12218635,0.60630673,0.27150688
430,0.22896603,0.669889,0.101145014
431,0.15106262,0.8202963,0.028641066
432,0.11139142,0.5892943,0.29931423
433,0.25447232,0.47888055,0.2666471
434,0.5026348,0.318462,0.17890316
435,0.019721484,0.22325495,0.7570235
436,0.5182961,0.40031922,0.08138465
437,0.03459783,0.83757293,0.12782927
438,0.0737766,0.21332113,0.71290225
439,0.16505837,0.7400692,0.094872445
440,0.010777125,0.2054185,0.78380436
441,0.04631224,0.9089457,0.04474203
442,0.08085002,0.12467593,0.79447407
443,0.51693314,0.37823984,0.10482706
444,0.38579977,0.5412674,0.072932824
445,0.13427415,0.45733815,0.40838775
446,0.08042865,0.15747823,0.7620931
447,0.07643618,0.8154265,0.10813736
448,0.14347766,0.8328861,0.023636214
449,0.03151449,0.5095825,0.45890298
450,0.19136877,0.6924318,0.11619943
451,0.26927954,0.6771218,0.05359867
452,0.6977916,0.22417071,0.07803772
453,0.29558066,0.68008,0.024339298
454,0.03933467,0.91487974,0.045785576
455,0.04689654,0.24415466,0.7089488
456,0.38811406,0.5946295,0.01725637
457,0.010882016,0.87767714,0.111440904
458,0.01190851,0.9386357,0.049455762
459,0.111120805,0.3484541,0.5404251
460,0.015653053,0.14595981,0.83838713
461,0.10637182,0.07328772,0.82034045
462,0.6748653,0.23574798,0.08938671
463,0.039449885,0.17763567,0.78291446
464,0.034628548,0.23367962,0.7316919
465,0.5810737,0.19490767,0.22401865
466,0.06024798,0.81633687,0.123415165
467,0.06792209,0.8216995,0.11037838
468,0.28103682,0.5777875,0.14117567
469,0.8066819,0.14127135,0.052046794
470,0.050634313,0.84762824,0.10173743
471,0.08469767,0.8742841,0.041018244
472,0.8343629,0.11846555,0.04717149
473,0.03625534,0.9270954,0.03664918
474,0.108069606,0.3030181,0.5889123
475,0.055034295,0.61009157,0.33487418
476,0.23635402,0.15869668,0.6049493
477,0.11788649,0.2597604,0.62235314
478,0.2932414,0.22513393,0.4816246
479,0.038562343,0.2319361,0.72950155
480,0.1170971,0.7546811,0.12822184
481,0.16257414,0.7758831,0.06154275
482,0.02034542,0.15335181,0.8263027
483,0.0722294,0.8054649,0.12230562
484,0.10510575,0.7164397,0.17845456
485,0.066316694,0.32358575,0.6100976
486,0.023040185,0.7716472,0.20531254
487,0.25743452,0.44420502,0.29836047
488,0.8702824,0.11802224,0.0116953375
489,0.16595386,0.43599072,0.39805546
490,0.5323614,0.20905294,0.25858563
491,0.17579463,0.78061634,0.04358898
492,0.13494013,0.78874594,0.07631395
493,0.011720297,0.7394046,0.24887513
494,0.68030834,0.2781952,0.04149648
495,0.08109504,0.84618497,0.07272
496,0.16343027,0.5557263,0.2808435
497,0.12595917,0.19625433,0.6777865
498,0.051954757,0.7353311,0.21271417
499,0.9765471,0.01444067,0.009012229
500,0.9773637,0.019839738,0.0027965375
501,0.93090767,0.020967755,0.04812459
502,0.97637516,0.019997614,0.0036272549
503,0.9516233,0.0381816,0.010195057
504,0.9345254,0.05199625,0.013478401
505,0.9882945,0.004673903,0.0070315613
506,0.90124255,0.061477922,0.037279535
507,0.97808194,0.013358235,0.008559754
508,0.98658806,0.009422235,0.0039896974
509,0.94598764,0.031666905,0.022345385
510,0.9844356,0.008918112,0.00664629
511,0.9720196,0.021121684,0.006858737
512,0.943468,0.03602297,0.020509044
513,0.9478411,0.0358552,0.01630364
514,0.9985707,0.0005587934,0.000870539
515,0.92026496,0.06340089,0.016334143
516,0.9486376,0.045791775,0.005570653
517,0.9961558,0.00258135,0.0012628107
518,0.99600804,0.0023837467,0.0016082337
519,0.9879953,0.008030144,0.0039744754
520,0.96273506,0.02408663,0.013178298
521,0.94428533,0.035059612,0.020654997
522,0.9943757,0.0033879469,0.0022363863
523,0.8857904,0.10058502,0.013624599
524,0.9736467,0.023262732,0.0030905574
525,0.94385654,0.048903394,0.0072400877
526,0.67087495,0.27247486,0.056650173
527,0.96109223,0.026797827,0.012110001
528,0.94652945,0.035757102,0.01771344
529,0.967953,0.028037488,0.0040095267
530,0.9618491,0.032290515,0.005860419
531,0.9755697,0.014618132,0.009812095
532,0.99589974,0.0022761016,0.0018240948
533,0.997726,0.00092237303,0.0013516494
534,0.7350818,0.19888498,0.066033185
535,0.9556623,0.021306252,0.023031477
536,0.9805252,0.0166183,0.002856467
537,0.9046071,0.043666445,0.051726434
538,0.98353034,0.010453802,0.006015842
539,0.8544309,0.0779675,0.06760162
540,0.77312315,0.112300046,0.11457677
