Bathroom_Needs_Keeps_Patient_from_Sleeping,Dental_Health,Employment,Gender,Medication_Keeps_Patient_from_Sleeping,Mental_Health,Pain_Keeps_Patient_from_Sleeping,Physical_Health,Prescription_Sleep_Medication,Race,Stress_Keeps_Patient_from_Sleeping,Trouble_Sleeping,Uknown_Keeps_Patient_from_Sleeping,Number_of_Doctors_Visited
No,Good,Retired,Female,No,Good,No,Fair,Do_Not_Use,White_Non_Hispanic,No,Trouble_Sleeping_2,Yes,Doctors_4_Plus
Yes,Good,Retired,Male,No,Very_Good,No,Fair,Do_Not_Use,White_Non_Hispanic,Yes,Trouble_Sleeping_3,No,Doctors_2_3
No,Good,Retired,Male,No,Very_Good,No,Good,Do_Not_Use,Hispanic,No,Trouble_Sleeping_3,Yes,Doctors_4_Plus
Yes,Good,Retired,Female,No,Very_Good,No,Good,Do_Not_Use,Hispanic,No,Trouble_Sleeping_3,No,Doctors_0_1
No,Good,Retired,Female,No,Good,No,Good,Do_Not_Use,White_Non_Hispanic,Yes,Trouble_Sleeping_2,No,Doctors_4_Plus
Yes,Fair,Retired,Male,No,Very_Good,No,Good,Do_Not_Use,White_Non_Hispanic,No,Trouble_Sleeping_3,No,Doctors_2_3
Yes,Excellent,Retired,Male,No,Excellent,Yes,Fair,Use_Regularly,White_Non_Hispanic,No,Trouble_Sleeping_2,No,Doctors_4_Plus
No,,Retired,Male,No,Very_Good,No,Good,Do_Not_Use,White_Non_Hispanic,Yes,Trouble_Sleeping_3,No,Doctors_2_3
Yes,Very_Good,Retired,Female,No,Excellent,Yes,Good,Do_Not_Use,White_Non_Hispanic,No,Trouble_Sleeping_3,No,Doctors_2_3
No,Good,Working_Full_Time,Male,No,Excellent,No,Very_Good,Do_Not_Use,White_Non_Hispanic,No,Trouble_Sleeping_3,Yes,Doctors_0_1
No,Very_Good,Working_Full_Time,Male,No,Excellent,No,Good,Do_Not_Use,White_Non_Hispanic,No,Trouble_Sleeping_3,Yes,Doctors_2_3
Yes,Poor,Working_Part_Time,Male,No,Very_Good,No,Good,Do_Not_Use,White_Non_Hispanic,No,Trouble_Sleeping_3,No,Doctors_2_3
Yes,Fair,Retired,Male,No,Good,No,Fair,Do_Not_Use,White_Non_Hispanic,No,Trouble_Sleeping_3,No,Doctors_0_1
Yes,Good,Retired,Female,No,Very_Good,No,Good,Do_Not_Use,White_Non_Hispanic,Yes,Trouble_Sleeping_2,No,Doctors_2_3
No,Excellent,Retired,Male,No,Excellent,No,Good,Do_Not_Use,White_Non_Hispanic,No,Trouble_Sleeping_1,Yes,Doctors_4_Plus
Yes,Very_Good,Retired,Male,No,Good,No,Good,Do_Not_Use,White_Non_Hispanic,No,Trouble_Sleeping_3,No,Doctors_4_Plus
Yes,Very_Good,Retired,Male,No,Good,Yes,Fair,Do_Not_Use,White_Non_Hispanic,No,Trouble_Sleeping_2,No,Doctors_2_3
Yes,Fair,Retired,Female,No,Good,No,Fair,Do_Not_Use,White_Non_Hispanic,No,Trouble_Sleeping_3,No,Doctors_4_Plus
No,Good,Working_Part_Time,Male,No,Excellent,No,Good,Do_Not_Use,White_Non_Hispanic,No,Trouble_Sleeping_3,No,Doctors_2_3
Yes,Good,Retired,Male,No,Very_Good,No,Good,Do_Not_Use,Black_Non_Hispanic,No,Trouble_Sleeping_3,No,Doctors_2_3
Yes,Good,Retired,Male,No,Very_Good,Yes,Good,Do_Not_Use,White_Non_Hispanic,Yes,Trouble_Sleeping_2,No,Doctors_4_Plus
Yes,Very_Good,Retired,Female,No,Excellent,Yes,Very_Good,Use_Occasionally,White_Non_Hispanic,No,Trouble_Sleeping_3,No,Doctors_4_Plus
No,Very_Good,Retired,Male,No,Very_Good,No,Very_Good,Do_Not_Use,White_Non_Hispanic,No,Trouble_Sleeping_2,No,Doctors_0_1
Yes,,Retired,Female,No,Very_Good,No,Fair,Use_Regularly,Black_Non_Hispanic,No,Trouble_Sleeping_3,Yes,Doctors_2_3
No,Poor,Retired,Female,No,Good,No,Fair,Do_Not_Use,White_Non_Hispanic,No,Trouble_Sleeping_2,No,Doctors_4_Plus
Yes,Good,Retired,Female,No,Excellent,No,Good,Do_Not_Use,White_Non_Hispanic,Yes,Trouble_Sleeping_2,No,Doctors_4_Plus
No,Poor,Retired,Male,No,Excellent,Yes,Fair,Do_Not_Use,White_Non_Hispanic,Yes,Trouble_Sleeping_1,No,Doctors_2_3
No,,Working_Part_Time,Female,No,Very_Good,No,Good,Do_Not_Use,White_Non_Hispanic,Yes,Trouble_Sleeping_3,No,Doctors_2_3
No,Good,Retired,Female,No,Excellent,No,Very_Good,Do_Not_Use,White_Non_Hispanic,No,Trouble_Sleeping_3,Yes,Doctors_2_3
No,,Retired,Female,No,Excellent,No,Good,Do_Not_Use,White_Non_Hispanic,No,Trouble_Sleeping_2,Yes,Doctors_4_Plus
Yes,Very_Good,Retired,Male,No,Excellent,No,Very_Good,Do_Not_Use,White_Non_Hispanic,No,Trouble_Sleeping_3,Yes,Doctors_0_1
Yes,Very_Good,Retired,Female,No,Very_Good,Yes,Very_Good,Do_Not_Use,White_Non_Hispanic,No,Trouble_Sleeping_3,Yes,Doctors_0_1
Yes,Good,Retired,Male,No,Very_Good,No,Very_Good,Do_Not_Use,White_Non_Hispanic,No,Trouble_Sleeping_3,No,Doctors_0_1
No,Excellent,Retired,Female,No,Excellent,No,Very_Good,Do_Not_Use,White_Non_Hispanic,No,Trouble_Sleeping_1,Yes,Doctors_4_Plus
Yes,Very_Good,Retired,Female,No,Excellent,No,Very_Good,Do_Not_Use,White_Non_Hispanic,No,Trouble_Sleeping_3,No,Doctors_2_3
Yes,Fair,Working_Part_Time,Female,No,Excellent,No,Very_Good,Do_Not_Use,White_Non_Hispanic,No,Trouble_Sleeping_3,No,Doctors_4_Plus
No,Very_Good,Retired,Female,No,Very_Good,No,Good,Do_Not_Use,White_Non_Hispanic,No,Trouble_Sleeping_3,No,Doctors_2_3
No,Good,Working_Part_Time,Male,No,Good,No,Good,Do_Not_Use,White_Non_Hispanic,Yes,Trouble_Sleeping_3,No,Doctors_2_3
No,Good,Working_Part_Time,Female,No,Very_Good,No,Very_Good,Use_Occasionally,White_Non_Hispanic,No,Trouble_Sleeping_2,Yes,Doctors_0_1
No,Very_Good,Retired,Female,No,Very_Good,No,Very_Good,Do_Not_Use,White_Non_Hispanic,No,Trouble_Sleeping_3,Yes,Doctors_4_Plus
No,Excellent,Retired,Male,No,Good,No,Good,Do_Not_Use,White_Non_Hispanic,No,Trouble_Sleeping_2,Yes,Doctors_2_3
No,Poor,Retired,Male,No,Good,No,Fair,Use_Occasionally,White_Non_Hispanic,Yes,Trouble_Sleeping_2,No,Doctors_2_3
No,Good,Retired,Male,No,Very_Good,No,Fair,Do_Not_Use,White_Non_Hispanic,No,Trouble_Sleeping_3,Yes,Doctors_2_3
No,Very_Good,Retired,Female,No,Very_Good,No,Good,Do_Not_Use,White_Non_Hispanic,No,Trouble_Sleeping_3,Yes,Doctors_4_Plus
No,Fair,Retired,Female,No,Excellent,No,Very_Good,Do_Not_Use,White_Non_Hispanic,No,Trouble_Sleeping_3,Yes,Doctors_2_3
No,Good,Retired,Female,No,Good,No,Good,Do_Not_Use,White_Non_Hispanic,No,Trouble_Sleeping_3,Yes,Doctors_0_1
No,Good,Retired,Female,No,Very_Good,No,Good,Do_Not_Use,White_Non_Hispanic,No,Trouble_Sleeping_3,Yes,Doctors_2_3
No,Fair,Working_Part_Time,Female,No,Excellent,No,Very_Good,Do_Not_Use,White_Non_Hispanic,No,Trouble_Sleeping_2,Yes,Doctors_2_3
Yes,Excellent,Retired,Female,No,Excellent,No,Good,Do_Not_Use,White_Non_Hispanic,No,Trouble_Sleeping_3,No,Doctors_4_Plus
Yes,Poor,Retired,Male,No,Good,No,Fair,Use_Regularly,White_Non_Hispanic,Yes,Trouble_Sleeping_2,No,Doctors_2_3
No,Excellent,Retired,Female,No,Excellent,No,Very_Good,Do_Not_Use,White_Non_Hispanic,Yes,Trouble_Sleeping_2,No,Doctors_2_3
Yes,Good,Retired,Male,No,Excellent,No,Very_Good,Do_Not_Use,White_Non_Hispanic,No,Trouble_Sleeping_3,No,Doctors_2_3
No,Fair,Retired,Male,No,Very_Good,No,Good,Use_Regularly,Black_Non_Hispanic,Yes,Trouble_Sleeping_1,No,Doctors_2_3
No,Very_Good,Retired,Male,No,Very_Good,No,Good,Do_Not_Use,White_Non_Hispanic,No,Trouble_Sleeping_3,Yes,Doctors_4_Plus
Yes,Good,Retired,Female,No,Excellent,No,Very_Good,Do_Not_Use,White_Non_Hispanic,No,Trouble_Sleeping_3,No,Doctors_2_3
No,Fair,Retired,Female,No,Fair,No,Fair,Do_Not_Use,White_Non_Hispanic,No,Trouble_Sleeping_1,Yes,Doctors_2_3
No,Very_Good,Retired,Female,No,Very_Good,No,Very_Good,Do_Not_Use,White_Non_Hispanic,No,Trouble_Sleeping_3,Yes,Doctors_2_3
No,Good,Retired,Female,No,Excellent,No,Fair,Do_Not_Use,White_Non_Hispanic,No,Trouble_Sleeping_1,Yes,Doctors_2_3
Yes,Very_Good,Retired,Male,No,Excellent,Yes,Poor,Do_Not_Use,White_Non_Hispanic,No,Trouble_Sleeping_3,No,Doctors_4_Plus
Yes,Excellent,Retired,Male,No,Excellent,Yes,Very_Good,Use_Occasionally,White_Non_Hispanic,No,Trouble_Sleeping_2,No,Doctors_4_Plus
Yes,Very_Good,Retired,Male,No,Very_Good,No,Good,Do_Not_Use,Two_or_More_Races,Yes,Trouble_Sleeping_3,No,Doctors_4_Plus
Yes,Excellent,Working_Full_Time,Female,No,Very_Good,No,Very_Good,Do_Not_Use,White_Non_Hispanic,Yes,Trouble_Sleeping_3,No,Doctors_2_3
Yes,Very_Good,Retired,Female,No,Excellent,No,Very_Good,Do_Not_Use,White_Non_Hispanic,No,Trouble_Sleeping_3,Yes,Doctors_0_1
No,Excellent,Retired,Female,No,Very_Good,No,Very_Good,Do_Not_Use,White_Non_Hispanic,No,Trouble_Sleeping_1,Yes,Doctors_2_3
No,Good,Retired,Female,No,Good,No,Fair,Do_Not_Use,White_Non_Hispanic,Yes,Trouble_Sleeping_1,Yes,Doctors_4_Plus
Yes,Very_Good,Retired,Male,No,Very_Good,Yes,Very_Good,Do_Not_Use,Hispanic,Yes,Trouble_Sleeping_3,No,Doctors_0_1
Yes,Very_Good,Retired,Male,No,Excellent,No,Very_Good,Do_Not_Use,White_Non_Hispanic,No,Trouble_Sleeping_3,Yes,Doctors_2_3
Yes,Good,Working_Part_Time,Male,No,Very_Good,No,Very_Good,Do_Not_Use,White_Non_Hispanic,No,Trouble_Sleeping_3,No,Doctors_2_3
No,Very_Good,Retired,Female,No,Excellent,No,Very_Good,Do_Not_Use,White_Non_Hispanic,No,Trouble_Sleeping_3,Yes,Doctors_0_1
Yes,Poor,Retired,Male,No,Very_Good,No,Poor,Do_Not_Use,White_Non_Hispanic,No,Trouble_Sleeping_3,No,Doctors_2_3
Yes,Fair,Retired,Male,No,Fair,No,Good,Do_Not_Use,White_Non_Hispanic,No,Trouble_Sleeping_3,No,Doctors_4_Plus
No,Very_Good,Retired,Male,No,Excellent,No,Very_Good,Do_Not_Use,White_Non_Hispanic,No,Trouble_Sleeping_2,No,Doctors_2_3
No,Very_Good,Retired,Female,No,Very_Good,No,Very_Good,Do_Not_Use,White_Non_Hispanic,Yes,Trouble_Sleeping_2,Yes,Doctors_2_3
Yes,,Retired,Female,Yes,Excellent,No,Fair,Do_Not_Use,White_Non_Hispanic,No,Trouble_Sleeping_2,No,Doctors_4_Plus
No,Good,Retired,Female,No,Excellent,No,Good,Do_Not_Use,White_Non_Hispanic,No,Trouble_Sleeping_2,Yes,Doctors_0_1
No,Fair,Retired,Male,No,Very_Good,No,Good,Do_Not_Use,White_Non_Hispanic,No,Trouble_Sleeping_2,Yes,Doctors_4_Plus
Yes,Good,Retired,Female,No,Excellent,Yes,Good,Do_Not_Use,White_Non_Hispanic,No,Trouble_Sleeping_2,No,Doctors_0_1
Yes,Very_Good,Working_Part_Time,Male,No,Good,No,Good,Do_Not_Use,Two_or_More_Races,No,Trouble_Sleeping_2,No,Doctors_2_3
Yes,Very_Good,Retired,Male,Yes,Excellent,Yes,Good,Do_Not_Use,White_Non_Hispanic,No,Trouble_Sleeping_3,No,Doctors_2_3
Yes,Good,Retired,Female,Yes,Good,No,Good,Do_Not_Use,White_Non_Hispanic,No,Trouble_Sleeping_2,No,Doctors_2_3
Yes,Fair,Working_Part_Time,Female,No,Excellent,Yes,Good,Do_Not_Use,White_Non_Hispanic,Yes,Trouble_Sleeping_2,No,Doctors_4_Plus
No,Fair,Retired,Male,No,Good,No,Good,Do_Not_Use,White_Non_Hispanic,No,Trouble_Sleeping_3,No,Doctors_2_3
No,Good,Retired,Male,No,Good,No,Good,Do_Not_Use,White_Non_Hispanic,Yes,Trouble_Sleeping_2,Yes,Doctors_2_3
No,Very_Good,Retired,Female,No,Very_Good,No,Very_Good,Use_Occasionally,White_Non_Hispanic,No,Trouble_Sleeping_3,Yes,Doctors_2_3
Yes,Fair,Retired,Male,No,Good,Yes,Good,Do_Not_Use,White_Non_Hispanic,No,Trouble_Sleeping_2,No,Doctors_2_3
No,Good,Retired,Male,No,Excellent,No,Good,Do_Not_Use,White_Non_Hispanic,No,Trouble_Sleeping_3,Yes,Doctors_2_3
Yes,Excellent,Retired,Female,No,Good,Yes,Good,Do_Not_Use,White_Non_Hispanic,No,Trouble_Sleeping_3,Yes,Doctors_2_3
No,Very_Good,Working_Part_Time,Male,No,Very_Good,No,Very_Good,Do_Not_Use,White_Non_Hispanic,No,Trouble_Sleeping_3,Yes,Doctors_0_1
Yes,Very_Good,Retired,Female,No,Good,No,Fair,Do_Not_Use,White_Non_Hispanic,No,Trouble_Sleeping_3,No,Doctors_0_1
Yes,Fair,Retired,Female,No,Refused,No,Excellent,Do_Not_Use,White_Non_Hispanic,No,Trouble_Sleeping_1,No,Doctors_2_3
No,Good,Retired,Female,No,Good,No,Fair,Do_Not_Use,Black_Non_Hispanic,No,Trouble_Sleeping_2,Yes,Doctors_2_3
No,Good,Retired,Male,No,Very_Good,No,Very_Good,Use_Occasionally,White_Non_Hispanic,No,Trouble_Sleeping_2,Yes,Doctors_2_3
No,Very_Good,Retired,Female,No,Excellent,No,Good,Use_Regularly,White_Non_Hispanic,No,Trouble_Sleeping_2,Yes,Doctors_4_Plus
Yes,Good,Retired,Male,No,Excellent,No,Good,Do_Not_Use,White_Non_Hispanic,No,Trouble_Sleeping_3,No,Doctors_0_1
Yes,Good,Working_Full_Time,Male,No,Excellent,No,Very_Good,Do_Not_Use,White_Non_Hispanic,No,Trouble_Sleeping_3,No,Doctors_2_3
Yes,Very_Good,Working_Full_Time,Female,No,Very_Good,No,Very_Good,Do_Not_Use,White_Non_Hispanic,No,Trouble_Sleeping_2,No,Doctors_0_1
Yes,Very_Good,Retired,Female,No,Excellent,No,Very_Good,Do_Not_Use,White_Non_Hispanic,No,Trouble_Sleeping_3,No,Doctors_2_3
Yes,Very_Good,Retired,Male,No,Good,No,Very_Good,Do_Not_Use,White_Non_Hispanic,No,Trouble_Sleeping_3,No,Doctors_0_1
Yes,Very_Good,Retired,Male,No,Good,No,Good,Do_Not_Use,Black_Non_Hispanic,No,Trouble_Sleeping_2,No,Doctors_2_3
No,Fair,Retired,Female,No,Very_Good,No,Very_Good,Do_Not_Use,White_Non_Hispanic,No,Trouble_Sleeping_2,Yes,Doctors_2_3
Yes,Very_Good,Retired,Male,No,Very_Good,No,Very_Good,Do_Not_Use,White_Non_Hispanic,No,Trouble_Sleeping_3,No,Doctors_2_3
Yes,Very_Good,Retired,Male,Yes,Very_Good,Yes,Fair,Do_Not_Use,White_Non_Hispanic,Yes,Trouble_Sleeping_2,No,Doctors_4_Plus
Yes,Fair,Retired,Male,No,Very_Good,No,Good,Do_Not_Use,Other_Non_Hispanic,No,Trouble_Sleeping_3,No,Doctors_0_1
No,Good,Retired,Female,No,Very_Good,No,Good,Do_Not_Use,White_Non_Hispanic,Yes,Trouble_Sleeping_2,No,Doctors_2_3
Yes,Very_Good,Retired,Female,No,Very_Good,No,Very_Good,Do_Not_Use,White_Non_Hispanic,Yes,Trouble_Sleeping_1,No,Doctors_2_3
Yes,Good,Retired,Female,No,Very_Good,No,Very_Good,Do_Not_Use,White_Non_Hispanic,No,Trouble_Sleeping_3,No,Doctors_2_3
Yes,Good,Retired,Male,No,Very_Good,Yes,Fair,Do_Not_Use,White_Non_Hispanic,No,Trouble_Sleeping_2,No,Doctors_2_3
Yes,Fair,Retired,Female,No,Excellent,Yes,Good,Use_Regularly,White_Non_Hispanic,No,Trouble_Sleeping_2,No,Doctors_2_3
Yes,Excellent,Working_Part_Time,Male,No,Very_Good,No,Fair,Do_Not_Use,White_Non_Hispanic,Yes,Trouble_Sleeping_2,Yes,Doctors_2_3
Yes,,Retired,Male,No,Very_Good,No,Good,Do_Not_Use,White_Non_Hispanic,No,Trouble_Sleeping_3,No,Doctors_4_Plus
Yes,Very_Good,Retired,Female,No,Very_Good,No,Very_Good,Do_Not_Use,White_Non_Hispanic,Yes,Trouble_Sleeping_3,No,Doctors_4_Plus
Yes,Excellent,Retired,Female,No,Excellent,No,Excellent,Do_Not_Use,White_Non_Hispanic,No,Trouble_Sleeping_3,No,Doctors_0_1
Yes,Very_Good,Retired,Male,Yes,Very_Good,No,Very_Good,Do_Not_Use,White_Non_Hispanic,No,Trouble_Sleeping_2,No,Doctors_4_Plus
Yes,Very_Good,Retired,Male,No,Excellent,No,Very_Good,Do_Not_Use,White_Non_Hispanic,No,Trouble_Sleeping_2,Yes,Doctors_4_Plus
Yes,Very_Good,Retired,Male,No,Excellent,No,Very_Good,Do_Not_Use,White_Non_Hispanic,No,Trouble_Sleeping_2,No,Doctors_0_1
No,Very_Good,Retired,Male,No,Very_Good,No,Very_Good,Do_Not_Use,White_Non_Hispanic,No,Trouble_Sleeping_3,Yes,Doctors_0_1
No,Very_Good,Retired,Male,No,Excellent,Yes,Very_Good,Do_Not_Use,White_Non_Hispanic,No,Trouble_Sleeping_2,No,Doctors_0_1
Yes,Very_Good,Retired,Female,No,Excellent,Yes,Good,Refused,White_Non_Hispanic,Yes,Trouble_Sleeping_2,No,Doctors_0_1
Yes,,Retired,Male,No,Very_Good,No,Good,Use_Regularly,White_Non_Hispanic,No,Trouble_Sleeping_2,No,Doctors_4_Plus
No,,Retired,Female,No,Excellent,No,Good,Do_Not_Use,Black_Non_Hispanic,Yes,Trouble_Sleeping_2,No,Doctors_2_3
No,Very_Good,Retired,Female,No,Excellent,No,Excellent,Do_Not_Use,White_Non_Hispanic,Yes,Trouble_Sleeping_3,No,Doctors_2_3
No,,Not_Working,Female,No,Good,No,Good,Do_Not_Use,Other_Non_Hispanic,Yes,Trouble_Sleeping_1,No,Doctors_0_1
Yes,Good,Working_Part_Time,Female,No,Good,No,Fair,Use_Occasionally,White_Non_Hispanic,No,Trouble_Sleeping_3,No,Doctors_2_3
Yes,Fair,Retired,Female,No,Excellent,Yes,Good,Do_Not_Use,White_Non_Hispanic,No,Trouble_Sleeping_2,No,Doctors_2_3
No,Fair,Retired,Female,No,Very_Good,No,Good,Do_Not_Use,White_Non_Hispanic,No,Trouble_Sleeping_3,Yes,Doctors_2_3
Yes,Very_Good,Retired,Male,No,Very_Good,No,Good,Do_Not_Use,White_Non_Hispanic,Yes,Trouble_Sleeping_3,No,Doctors_0_1
Yes,Fair,Retired,Male,No,Good,No,Good,Do_Not_Use,White_Non_Hispanic,No,Trouble_Sleeping_2,No,Doctors_2_3
No,Very_Good,Retired,Male,No,Very_Good,No,Good,Do_Not_Use,White_Non_Hispanic,No,Trouble_Sleeping_3,Yes,Doctors_4_Plus
Yes,Good,Retired,Female,No,Very_Good,Yes,Fair,Do_Not_Use,White_Non_Hispanic,Yes,Trouble_Sleeping_1,No,Doctors_4_Plus
No,Fair,Retired,Female,No,Fair,Yes,Fair,Use_Regularly,White_Non_Hispanic,No,Trouble_Sleeping_2,Yes,Doctors_4_Plus
Yes,Very_Good,Retired,Female,No,Excellent,No,Good,Do_Not_Use,White_Non_Hispanic,No,Trouble_Sleeping_2,No,Doctors_2_3
Yes,Good,Retired,Female,No,Good,Yes,Good,Do_Not_Use,White_Non_Hispanic,No,Trouble_Sleeping_2,No,Doctors_0_1
Yes,Good,Retired,Male,No,Very_Good,No,Good,Do_Not_Use,White_Non_Hispanic,Yes,Trouble_Sleeping_2,No,Doctors_4_Plus
No,Fair,Retired,Male,No,Very_Good,No,Good,Do_Not_Use,White_Non_Hispanic,No,Trouble_Sleeping_3,Yes,Doctors_2_3
No,Very_Good,Working_Full_Time,Male,No,Good,No,Very_Good,Do_Not_Use,Two_or_More_Races,Yes,Trouble_Sleeping_2,Yes,Doctors_2_3
No,Good,Retired,Male,No,Good,Yes,Poor,Use_Regularly,White_Non_Hispanic,Yes,Trouble_Sleeping_1,Yes,Doctors_4_Plus
No,Very_Good,Retired,Male,No,Excellent,No,Very_Good,Do_Not_Use,White_Non_Hispanic,No,Trouble_Sleeping_3,Yes,Doctors_2_3
Yes,,Retired,Male,No,Good,No,Good,Do_Not_Use,White_Non_Hispanic,No,Trouble_Sleeping_3,No,Doctors_2_3
Yes,Good,Retired,Male,Yes,Good,No,Very_Good,Use_Occasionally,White_Non_Hispanic,Yes,Trouble_Sleeping_2,No,Doctors_2_3
Yes,Very_Good,Retired,Female,No,Excellent,Yes,Very_Good,Do_Not_Use,White_Non_Hispanic,No,Trouble_Sleeping_2,No,Doctors_4_Plus
Yes,Fair,Retired,Female,No,Good,Yes,Good,Do_Not_Use,White_Non_Hispanic,Yes,Trouble_Sleeping_3,No,Doctors_4_Plus
No,Very_Good,Retired,Female,No,Excellent,No,Excellent,Do_Not_Use,White_Non_Hispanic,No,Trouble_Sleeping_2,Yes,Doctors_4_Plus
No,Fair,Retired,Male,No,Excellent,No,Good,Do_Not_Use,White_Non_Hispanic,No,Trouble_Sleeping_2,Yes,Doctors_2_3
Yes,Fair,Retired,Male,No,Very_Good,No,Fair,Do_Not_Use,White_Non_Hispanic,No,Trouble_Sleeping_3,No,Doctors_2_3
No,Good,Retired,Female,No,Excellent,No,Good,Do_Not_Use,White_Non_Hispanic,No,Trouble_Sleeping_2,Yes,Doctors_4_Plus
No,Poor,Retired,Female,No,Excellent,No,Fair,Do_Not_Use,White_Non_Hispanic,No,Trouble_Sleeping_2,Yes,Doctors_2_3
No,Good,Retired,Female,No,Very_Good,No,Good,Do_Not_Use,White_Non_Hispanic,No,Trouble_Sleeping_2,Yes,Doctors_2_3
No,Good,Retired,Female,No,Very_Good,No,Good,Use_Occasionally,White_Non_Hispanic,No,Trouble_Sleeping_2,Yes,Doctors_2_3
No,Fair,Not_Working,Male,No,Good,No,Good,Do_Not_Use,White_Non_Hispanic,No,Trouble_Sleeping_2,Yes,Doctors_0_1
No,Good,Retired,Male,No,Excellent,Yes,Fair,Do_Not_Use,White_Non_Hispanic,No,Trouble_Sleeping_2,Yes,Doctors_2_3
No,Very_Good,Retired,Female,No,Very_Good,No,Very_Good,Do_Not_Use,White_Non_Hispanic,No,Trouble_Sleeping_2,Yes,Doctors_2_3
No,Fair,Retired,Male,No,Very_Good,No,Good,Do_Not_Use,Other_Non_Hispanic,No,Trouble_Sleeping_3,Yes,Doctors_4_Plus
No,,Retired,Male,No,Excellent,No,Fair,Do_Not_Use,Two_or_More_Races,No,Trouble_Sleeping_3,Yes,Doctors_2_3
No,Excellent,Working_Part_Time,Female,No,Very_Good,No,Very_Good,Do_Not_Use,White_Non_Hispanic,No,Trouble_Sleeping_3,Yes,Doctors_2_3
Yes,Good,Retired,Male,No,Excellent,No,Very_Good,Do_Not_Use,Black_Non_Hispanic,No,Trouble_Sleeping_3,No,Doctors_2_3
Yes,Very_Good,Retired,Female,Yes,Good,No,Good,Do_Not_Use,White_Non_Hispanic,No,Trouble_Sleeping_2,No,Doctors_4_Plus
No,Very_Good,Retired,Male,No,Excellent,No,Very_Good,Do_Not_Use,Hispanic,No,Trouble_Sleeping_3,Yes,Doctors_2_3
Yes,Very_Good,Working_Part_Time,Female,No,Good,No,Good,Do_Not_Use,White_Non_Hispanic,No,Trouble_Sleeping_2,No,Doctors_0_1
No,Very_Good,Retired,Female,No,Very_Good,No,Good,Do_Not_Use,White_Non_Hispanic,No,Trouble_Sleeping_2,Yes,Doctors_2_3
No,Good,Working_Part_Time,Male,No,Very_Good,No,Good,Do_Not_Use,White_Non_Hispanic,No,Trouble_Sleeping_3,No,Doctors_4_Plus
Yes,Very_Good,Retired,Female,No,Very_Good,Yes,Fair,Do_Not_Use,White_Non_Hispanic,No,Trouble_Sleeping_1,Yes,Doctors_0_1
No,Fair,Retired,Male,No,Excellent,Yes,Good,Use_Occasionally,White_Non_Hispanic,Yes,Trouble_Sleeping_2,No,Doctors_2_3
No,Very_Good,Retired,Female,No,Excellent,No,Very_Good,Do_Not_Use,White_Non_Hispanic,Yes,Trouble_Sleeping_2,No,Doctors_2_3
No,Fair,Retired,Female,No,Good,No,Good,Do_Not_Use,Black_Non_Hispanic,No,Trouble_Sleeping_3,Yes,Doctors_2_3
No,Very_Good,Retired,Male,No,Very_Good,No,Fair,Do_Not_Use,White_Non_Hispanic,Yes,Trouble_Sleeping_2,No,Doctors_2_3
No,Very_Good,Retired,Female,No,Very_Good,No,Good,Do_Not_Use,White_Non_Hispanic,No,Trouble_Sleeping_3,Yes,Doctors_2_3
Yes,Fair,Retired,Male,No,Good,No,Fair,Use_Regularly,White_Non_Hispanic,No,Trouble_Sleeping_1,Yes,Doctors_2_3
No,Very_Good,Retired,Female,No,Very_Good,No,Good,Do_Not_Use,White_Non_Hispanic,No,Trouble_Sleeping_3,Yes,Doctors_4_Plus
Yes,Very_Good,Retired,Male,No,Very_Good,No,Very_Good,Do_Not_Use,Black_Non_Hispanic,No,Trouble_Sleeping_3,No,Doctors_2_3
No,Fair,Retired,Male,No,Excellent,Yes,Fair,Use_Regularly,White_Non_Hispanic,No,Trouble_Sleeping_1,No,Doctors_2_3
No,Poor,Retired,Male,No,Very_Good,Yes,Good,Do_Not_Use,White_Non_Hispanic,No,Trouble_Sleeping_3,No,Doctors_0_1
No,Very_Good,Retired,Male,No,Very_Good,No,Very_Good,Do_Not_Use,White_Non_Hispanic,Yes,Trouble_Sleeping_3,No,Doctors_2_3
No,,Retired,Female,No,Excellent,No,Fair,Do_Not_Use,White_Non_Hispanic,No,Trouble_Sleeping_2,Yes,Doctors_0_1
Yes,,Retired,Male,No,Excellent,Yes,Good,Do_Not_Use,White_Non_Hispanic,No,Trouble_Sleeping_2,Yes,Doctors_2_3
No,Very_Good,Retired,Female,No,Very_Good,No,Good,Do_Not_Use,White_Non_Hispanic,No,Trouble_Sleeping_3,No,Doctors_4_Plus
Yes,Fair,Retired,Male,No,Fair,No,Fair,Do_Not_Use,White_Non_Hispanic,No,Trouble_Sleeping_3,Yes,Doctors_2_3
No,Good,Retired,Male,Yes,Very_Good,No,Very_Good,Do_Not_Use,White_Non_Hispanic,No,Trouble_Sleeping_3,No,Doctors_2_3
No,Excellent,Working_Part_Time,Male,No,Excellent,No,Very_Good,Do_Not_Use,White_Non_Hispanic,No,Trouble_Sleeping_3,Yes,Doctors_2_3
No,Good,Working_Full_Time,Male,No,Excellent,No,Poor,Do_Not_Use,White_Non_Hispanic,No,Trouble_Sleeping_1,Yes,Doctors_2_3
No,Good,Retired,Female,No,Very_Good,No,Good,Do_Not_Use,White_Non_Hispanic,No,Trouble_Sleeping_3,Yes,Doctors_4_Plus
Yes,Very_Good,Retired,Female,No,Excellent,No,Very_Good,Do_Not_Use,White_Non_Hispanic,No,Trouble_Sleeping_3,No,Doctors_2_3
No,Fair,Working_Full_Time,Male,No,Good,No,Good,Do_Not_Use,White_Non_Hispanic,Yes,Trouble_Sleeping_3,No,Doctors_4_Plus
No,Poor,Retired,Female,No,Fair,Yes,Poor,Do_Not_Use,White_Non_Hispanic,No,Trouble_Sleeping_1,No,Doctors_0_1
No,Good,Retired,Male,No,Good,No,Good,Do_Not_Use,White_Non_Hispanic,No,Trouble_Sleeping_2,Yes,Doctors_2_3
No,Good,Retired,Male,No,Very_Good,No,Fair,Do_Not_Use,White_Non_Hispanic,No,Trouble_Sleeping_2,Yes,Doctors_2_3
No,Excellent,Retired,Female,No,Excellent,No,Very_Good,Do_Not_Use,White_Non_Hispanic,No,Trouble_Sleeping_3,Yes,Doctors_0_1
Yes,Good,Retired,Female,No,Good,No,Good,Do_Not_Use,White_Non_Hispanic,No,Trouble_Sleeping_3,No,Doctors_0_1
Yes,Good,Retired,Male,No,Good,Yes,Fair,Do_Not_Use,White_Non_Hispanic,No,Trouble_Sleeping_3,Yes,Doctors_4_Plus
No,Good,Retired,Male,No,Very_Good,No,Good,Do_Not_Use,White_Non_Hispanic,Yes,Trouble_Sleeping_2,No,Doctors_4_Plus
No,Very_Good,Retired,Female,No,Very_Good,No,Very_Good,Do_Not_Use,White_Non_Hispanic,No,Trouble_Sleeping_3,Yes,Doctors_2_3
No,Very_Good,Retired,Female,No,Excellent,No,Very_Good,Do_Not_Use,White_Non_Hispanic,Yes,Trouble_Sleeping_2,No,Doctors_0_1
Yes,Very_Good,Retired,Female,No,Good,No,Very_Good,Use_Occasionally,White_Non_Hispanic,Yes,Trouble_Sleeping_2,No,Doctors_2_3
No,Very_Good,Retired,Female,No,Very_Good,No,Good,Do_Not_Use,White_Non_Hispanic,Yes,Trouble_Sleeping_3,No,Doctors_2_3
No,Poor,Not_Working,Male,No,Fair,No,Fair,Do_Not_Use,White_Non_Hispanic,No,Trouble_Sleeping_1,No,Doctors_0_1
Yes,Fair,Retired,Male,No,Good,No,Poor,Do_Not_Use,White_Non_Hispanic,No,Trouble_Sleeping_3,No,Doctors_2_3
Yes,Very_Good,Retired,Male,No,Very_Good,No,Very_Good,Do_Not_Use,White_Non_Hispanic,No,Trouble_Sleeping_3,No,Doctors_2_3
No,Excellent,Working_Part_Time,Female,No,Very_Good,No,Excellent,Do_Not_Use,White_Non_Hispanic,No,Trouble_Sleeping_3,No,Doctors_2_3
No,Excellent,Retired,Female,No,Excellent,No,Excellent,Do_Not_Use,White_Non_Hispanic,Yes,Trouble_Sleeping_3,No,Doctors_2_3
Yes,,Retired,Female,Yes,Fair,Yes,Fair,Do_Not_Use,White_Non_Hispanic,No,Trouble_Sleeping_2,No,Doctors_2_3
No,Good,Retired,Female,No,Very_Good,No,Very_Good,Do_Not_Use,White_Non_Hispanic,No,Trouble_Sleeping_3,Yes,Doctors_2_3
No,,Retired,Female,No,Good,No,Good,Do_Not_Use,White_Non_Hispanic,No,Trouble_Sleeping_3,Yes,Doctors_2_3
No,Good,Retired,Male,No,Good,No,Fair,Do_Not_Use,White_Non_Hispanic,No,Trouble_Sleeping_2,Yes,Doctors_4_Plus
No,Fair,Retired,Male,No,Very_Good,No,Good,Do_Not_Use,White_Non_Hispanic,Yes,Trouble_Sleeping_3,No,Doctors_2_3
Yes,Good,Retired,Male,No,Excellent,No,Very_Good,Do_Not_Use,White_Non_Hispanic,No,Trouble_Sleeping_3,No,Doctors_4_Plus
Yes,Good,Retired,Male,No,Very_Good,No,Very_Good,Do_Not_Use,White_Non_Hispanic,No,Trouble_Sleeping_2,Yes,Doctors_4_Plus
No,Good,Retired,Male,No,Refused,No,Very_Good,Do_Not_Use,White_Non_Hispanic,No,Trouble_Sleeping_2,Yes,Doctors_0_1
Yes,Very_Good,Retired,Female,No,Very_Good,Yes,Very_Good,Use_Occasionally,White_Non_Hispanic,No,Trouble_Sleeping_2,Yes,Doctors_4_Plus
Yes,Good,Retired,Male,No,Fair,Yes,Poor,Do_Not_Use,White_Non_Hispanic,No,Trouble_Sleeping_2,Yes,Doctors_2_3
No,Good,Retired,Female,No,Very_Good,No,Very_Good,Do_Not_Use,White_Non_Hispanic,Yes,Trouble_Sleeping_3,Yes,Doctors_2_3
Yes,Very_Good,Retired,Male,No,Excellent,No,Very_Good,Do_Not_Use,White_Non_Hispanic,No,Trouble_Sleeping_3,No,Doctors_0_1
Yes,Fair,Retired,Female,Yes,Good,Yes,Good,Do_Not_Use,White_Non_Hispanic,Yes,Trouble_Sleeping_1,No,Doctors_2_3
Yes,Good,Retired,Female,No,Good,No,Good,Do_Not_Use,White_Non_Hispanic,No,Trouble_Sleeping_2,Yes,Doctors_2_3
Yes,Very_Good,Retired,Female,Yes,Good,Yes,Excellent,Do_Not_Use,White_Non_Hispanic,No,Trouble_Sleeping_2,No,Doctors_4_Plus
No,Very_Good,Working_Full_Time,Female,No,Excellent,Yes,Good,Do_Not_Use,Two_or_More_Races,Yes,Trouble_Sleeping_3,No,Doctors_2_3
Yes,Good,Retired,Male,No,Good,Yes,Fair,Use_Regularly,White_Non_Hispanic,Yes,Trouble_Sleeping_2,No,Doctors_4_Plus
No,Very_Good,Working_Part_Time,Male,No,Excellent,No,Good,Do_Not_Use,White_Non_Hispanic,No,Trouble_Sleeping_3,Yes,Doctors_4_Plus
Yes,Good,Retired,Female,No,Very_Good,No,Very_Good,Do_Not_Use,White_Non_Hispanic,Yes,Trouble_Sleeping_3,No,Doctors_4_Plus
No,Excellent,Retired,Female,No,Excellent,No,Very_Good,Do_Not_Use,White_Non_Hispanic,No,Trouble_Sleeping_2,Yes,Doctors_2_3
No,Very_Good,Retired,Male,No,Excellent,No,Very_Good,Do_Not_Use,White_Non_Hispanic,No,Trouble_Sleeping_3,Yes,Doctors_2_3
Yes,Excellent,Retired,Female,No,Very_Good,No,Very_Good,Do_Not_Use,White_Non_Hispanic,No,Trouble_Sleeping_3,No,Doctors_2_3
Yes,Very_Good,Retired,Female,No,Good,Yes,Good,Use_Occasionally,White_Non_Hispanic,No,Trouble_Sleeping_2,No,Doctors_2_3
No,Very_Good,Retired,Female,No,Good,No,Good,Do_Not_Use,White_Non_Hispanic,Yes,Trouble_Sleeping_2,Yes,Doctors_4_Plus
Yes,Good,Retired,Male,No,Very_Good,Yes,Fair,Do_Not_Use,White_Non_Hispanic,No,Trouble_Sleeping_3,No,Doctors_4_Plus
Yes,,Retired,Female,No,Very_Good,Yes,Fair,Do_Not_Use,White_Non_Hispanic,No,Trouble_Sleeping_3,No,Doctors_4_Plus
Yes,Excellent,Retired,Male,No,Very_Good,No,Excellent,Do_Not_Use,White_Non_Hispanic,No,Trouble_Sleeping_3,No,Doctors_4_Plus
Yes,Good,Retired,Male,No,Fair,Yes,Good,Do_Not_Use,Hispanic,Yes,Trouble_Sleeping_2,No,Doctors_2_3
No,Very_Good,Retired,Female,No,Excellent,No,Excellent,Do_Not_Use,White_Non_Hispanic,Yes,Trouble_Sleeping_2,No,Doctors_0_1
Yes,Very_Good,Working_Part_Time,Male,No,Very_Good,No,Very_Good,Do_Not_Use,Other_Non_Hispanic,No,Trouble_Sleeping_3,No,Doctors_0_1
Yes,Fair,Working_Full_Time,Male,No,Fair,No,Good,Do_Not_Use,White_Non_Hispanic,No,Trouble_Sleeping_2,No,Doctors_0_1
Yes,Very_Good,Working_Part_Time,Male,No,Excellent,No,Very_Good,Do_Not_Use,White_Non_Hispanic,No,Trouble_Sleeping_3,Yes,Doctors_2_3
Yes,,Retired,Female,No,Good,No,Good,Do_Not_Use,White_Non_Hispanic,No,Trouble_Sleeping_3,No,Doctors_0_1
Yes,Very_Good,Retired,Male,No,Very_Good,No,Very_Good,Do_Not_Use,White_Non_Hispanic,No,Trouble_Sleeping_2,No,Doctors_2_3
Yes,Very_Good,Retired,Female,No,Excellent,No,Very_Good,Do_Not_Use,White_Non_Hispanic,Yes,Trouble_Sleeping_2,No,Doctors_2_3
No,Fair,Working_Part_Time,Female,No,Very_Good,No,Good,Do_Not_Use,White_Non_Hispanic,No,Trouble_Sleeping_3,Yes,Doctors_0_1
No,Fair,Retired,Male,No,Good,Yes,Good,Do_Not_Use,White_Non_Hispanic,No,Trouble_Sleeping_2,Yes,Doctors_2_3
Yes,Very_Good,Retired,Male,No,Very_Good,Yes,Very_Good,Do_Not_Use,White_Non_Hispanic,No,Trouble_Sleeping_3,No,Doctors_2_3
No,Very_Good,Retired,Male,No,Excellent,No,Excellent,Do_Not_Use,White_Non_Hispanic,Yes,Trouble_Sleeping_2,No,Doctors_2_3
Yes,Good,Retired,Female,Yes,Good,Yes,Good,Do_Not_Use,Hispanic,Yes,Trouble_Sleeping_2,No,Doctors_2_3
No,Good,Retired,Male,No,Good,Yes,Good,Do_Not_Use,White_Non_Hispanic,No,Trouble_Sleeping_2,Yes,Doctors_2_3
No,,Working_Full_Time,Male,No,Very_Good,No,Very_Good,Do_Not_Use,White_Non_Hispanic,No,Trouble_Sleeping_3,Yes,Doctors_2_3
No,Excellent,Retired,Male,No,Good,No,Very_Good,Use_Occasionally,White_Non_Hispanic,Yes,Trouble_Sleeping_3,No,Doctors_2_3
No,Very_Good,Retired,Female,No,Very_Good,No,Good,Do_Not_Use,Two_or_More_Races,No,Trouble_Sleeping_3,Yes,Doctors_4_Plus
No,Very_Good,Retired,Male,No,Very_Good,No,Very_Good,Do_Not_Use,White_Non_Hispanic,Yes,Trouble_Sleeping_3,No,Doctors_2_3
Yes,Very_Good,Retired,Male,No,Very_Good,No,Very_Good,Do_Not_Use,White_Non_Hispanic,No,Trouble_Sleeping_3,No,Doctors_2_3
No,Good,Retired,Female,No,Good,No,Good,Do_Not_Use,Hispanic,Yes,Trouble_Sleeping_3,No,Doctors_2_3
Yes,Very_Good,Retired,Female,No,Very_Good,Yes,Very_Good,Do_Not_Use,White_Non_Hispanic,No,Trouble_Sleeping_3,No,Doctors_4_Plus
No,Very_Good,Retired,Male,No,Excellent,No,Good,Do_Not_Use,White_Non_Hispanic,No,Trouble_Sleeping_3,No,Doctors_4_Plus
No,Good,Retired,Male,No,Excellent,No,Very_Good,Do_Not_Use,White_Non_Hispanic,No,Trouble_Sleeping_3,No,Doctors_2_3
No,Fair,Retired,Male,No,Very_Good,No,Very_Good,Do_Not_Use,White_Non_Hispanic,No,Trouble_Sleeping_2,Yes,Doctors_0_1
Yes,Good,Retired,Male,No,Excellent,No,Very_Good,Do_Not_Use,White_Non_Hispanic,No,Trouble_Sleeping_3,No,Doctors_4_Plus
Yes,Good,Retired,Female,No,Good,Yes,Good,Do_Not_Use,White_Non_Hispanic,Yes,Trouble_Sleeping_2,Yes,Doctors_4_Plus
Yes,Fair,Retired,Female,No,Excellent,Yes,Excellent,Do_Not_Use,Black_Non_Hispanic,No,Trouble_Sleeping_3,Yes,Doctors_0_1
Yes,Very_Good,Retired,Female,No,Excellent,No,Fair,Do_Not_Use,White_Non_Hispanic,No,Trouble_Sleeping_3,No,Doctors_4_Plus
No,Good,Retired,Male,No,Good,No,Good,Use_Regularly,White_Non_Hispanic,No,Trouble_Sleeping_3,Yes,Doctors_4_Plus
Yes,Good,Retired,Male,No,Good,No,Good,Do_Not_Use,White_Non_Hispanic,Yes,Trouble_Sleeping_2,No,Doctors_4_Plus
Yes,,Retired,Female,No,Very_Good,Yes,Fair,Use_Occasionally,White_Non_Hispanic,No,Trouble_Sleeping_2,No,Doctors_4_Plus
No,Good,Retired,Female,No,Very_Good,No,Good,Do_Not_Use,Other_Non_Hispanic,Yes,Trouble_Sleeping_2,No,Doctors_4_Plus
No,Very_Good,Retired,Male,No,Excellent,No,Very_Good,Do_Not_Use,White_Non_Hispanic,No,Trouble_Sleeping_3,Yes,Doctors_2_3
Yes,Good,Retired,Female,No,Very_Good,No,Very_Good,Do_Not_Use,White_Non_Hispanic,No,Trouble_Sleeping_3,No,Doctors_0_1
Yes,Very_Good,Working_Part_Time,Female,No,Very_Good,No,Good,Do_Not_Use,White_Non_Hispanic,No,Trouble_Sleeping_3,No,Doctors_2_3
Yes,Excellent,Retired,Female,No,Excellent,Yes,Good,Do_Not_Use,White_Non_Hispanic,No,Trouble_Sleeping_2,No,Doctors_4_Plus
No,Good,Retired,Female,No,Very_Good,No,Good,Do_Not_Use,White_Non_Hispanic,No,Trouble_Sleeping_2,Yes,Doctors_2_3
No,,Retired,Female,No,Very_Good,No,Fair,Do_Not_Use,White_Non_Hispanic,Yes,Trouble_Sleeping_3,No,Doctors_2_3
No,Good,Retired,Male,No,Good,No,Good,Use_Regularly,White_Non_Hispanic,No,Trouble_Sleeping_3,Yes,Doctors_4_Plus
No,Fair,Retired,Female,Yes,Very_Good,Yes,Good,Do_Not_Use,Black_Non_Hispanic,No,Trouble_Sleeping_1,No,Doctors_4_Plus
Yes,Fair,Retired,Female,No,Excellent,Yes,Good,Do_Not_Use,White_Non_Hispanic,No,Trouble_Sleeping_2,Yes,Doctors_2_3
Yes,Good,Retired,Male,No,Good,No,Good,Do_Not_Use,White_Non_Hispanic,No,Trouble_Sleeping_3,Yes,Doctors_2_3
Yes,Very_Good,Retired,Female,No,Excellent,No,Very_Good,Do_Not_Use,White_Non_Hispanic,Yes,Trouble_Sleeping_3,No,Doctors_2_3
No,Fair,Retired,Female,No,Fair,No,Fair,Do_Not_Use,White_Non_Hispanic,No,Trouble_Sleeping_3,No,Doctors_0_1
Yes,Very_Good,Retired,Male,No,Good,No,Very_Good,Use_Regularly,White_Non_Hispanic,Yes,Trouble_Sleeping_1,No,Doctors_4_Plus
Yes,Very_Good,Working_Part_Time,Male,No,Excellent,No,Excellent,Do_Not_Use,Other_Non_Hispanic,No,Trouble_Sleeping_2,No,Doctors_0_1
No,Fair,Working_Full_Time,Male,No,Excellent,Yes,Very_Good,Do_Not_Use,White_Non_Hispanic,Yes,Trouble_Sleeping_2,No,Doctors_0_1
No,Good,Retired,Female,No,Excellent,Yes,Very_Good,Use_Regularly,White_Non_Hispanic,No,Trouble_Sleeping_1,No,Doctors_2_3
Yes,Refused,Working_Part_Time,Male,No,Refused,No,Good,Use_Occasionally,White_Non_Hispanic,No,Trouble_Sleeping_1,Yes,Doctors_0_1
Yes,Excellent,Retired,Male,No,Excellent,No,Very_Good,Do_Not_Use,White_Non_Hispanic,No,Trouble_Sleeping_2,Yes,Doctors_2_3
No,,Retired,Male,No,Good,Yes,Fair,Do_Not_Use,White_Non_Hispanic,No,Trouble_Sleeping_3,No,Doctors_4_Plus
Yes,Very_Good,Retired,Female,No,Very_Good,No,Very_Good,Do_Not_Use,White_Non_Hispanic,Yes,Trouble_Sleeping_2,No,Doctors_2_3
No,Poor,Not_Working,Female,No,Very_Good,No,Good,Do_Not_Use,Hispanic,Yes,Trouble_Sleeping_3,No,Doctors_0_1
No,Good,Not_Working,Female,No,Fair,No,Fair,Use_Regularly,Hispanic,No,Trouble_Sleeping_1,Yes,Doctors_2_3
Yes,Fair,Retired,Female,No,Good,No,Fair,Do_Not_Use,White_Non_Hispanic,No,Trouble_Sleeping_3,Yes,Doctors_2_3
Yes,Good,Retired,Female,Yes,Good,Yes,Fair,Do_Not_Use,Black_Non_Hispanic,Yes,Trouble_Sleeping_3,No,Doctors_4_Plus
Yes,,Retired,Male,No,Good,No,Good,Do_Not_Use,White_Non_Hispanic,No,Trouble_Sleeping_3,No,Doctors_2_3
Yes,Very_Good,Retired,Male,No,Excellent,No,Good,Do_Not_Use,White_Non_Hispanic,No,Trouble_Sleeping_3,No,Doctors_2_3
No,,Retired,Male,Yes,Good,No,Fair,Do_Not_Use,White_Non_Hispanic,No,Trouble_Sleeping_2,No,Doctors_4_Plus
No,Good,Retired,Female,No,Very_Good,No,Good,Use_Regularly,White_Non_Hispanic,No,Trouble_Sleeping_2,Yes,Doctors_2_3
No,Good,Retired,Male,No,Refused,No,Very_Good,Do_Not_Use,White_Non_Hispanic,Yes,Trouble_Sleeping_3,No,Doctors_0_1
Yes,Excellent,Retired,Female,No,Excellent,No,Very_Good,Do_Not_Use,White_Non_Hispanic,Yes,Trouble_Sleeping_3,No,Doctors_2_3
Yes,Good,Working_Part_Time,Male,No,Very_Good,Yes,Good,Use_Occasionally,White_Non_Hispanic,No,Trouble_Sleeping_2,Yes,Doctors_2_3
No,Good,Retired,Male,No,Very_Good,No,Good,Do_Not_Use,White_Non_Hispanic,No,Trouble_Sleeping_3,Yes,Doctors_4_Plus
Yes,Good,Retired,Female,No,Excellent,No,Good,Do_Not_Use,Black_Non_Hispanic,No,Trouble_Sleeping_3,Yes,Doctors_4_Plus
No,Very_Good,Retired,Female,No,Very_Good,No,Good,Do_Not_Use,White_Non_Hispanic,No,Trouble_Sleeping_2,Yes,Doctors_2_3
No,Good,Working_Full_Time,Female,No,Excellent,Yes,Very_Good,Do_Not_Use,Black_Non_Hispanic,Yes,Trouble_Sleeping_2,No,Doctors_2_3
No,Excellent,Working_Full_Time,Female,No,Excellent,No,Very_Good,Do_Not_Use,Other_Non_Hispanic,Yes,Trouble_Sleeping_3,Yes,Doctors_2_3
Yes,,Not_Working,Female,No,Excellent,No,Very_Good,Do_Not_Use,White_Non_Hispanic,No,Trouble_Sleeping_3,Yes,Doctors_2_3
No,Fair,Retired,Female,No,Very_Good,No,Good,Use_Occasionally,Two_or_More_Races,Yes,Trouble_Sleeping_2,Yes,Doctors_2_3
Yes,Excellent,Working_Part_Time,Male,No,Excellent,No,Good,Do_Not_Use,Hispanic,No,Trouble_Sleeping_2,No,Doctors_2_3
Yes,Excellent,Retired,Male,No,Excellent,No,Excellent,Do_Not_Use,White_Non_Hispanic,No,Trouble_Sleeping_3,No,Doctors_4_Plus
No,Refused,Retired,Female,No,Very_Good,No,Very_Good,Do_Not_Use,Hispanic,No,Trouble_Sleeping_3,Yes,Doctors_2_3
Yes,Fair,Retired,Male,No,Good,No,Good,Do_Not_Use,White_Non_Hispanic,Yes,Trouble_Sleeping_2,No,Doctors_2_3
No,Fair,Retired,Female,No,Good,Yes,Good,Do_Not_Use,White_Non_Hispanic,Yes,Trouble_Sleeping_2,No,Doctors_0_1
No,Very_Good,Retired,Female,No,Excellent,No,Good,Do_Not_Use,White_Non_Hispanic,No,Trouble_Sleeping_2,Yes,Doctors_4_Plus
Yes,Fair,Retired,Male,No,Good,Yes,Good,Do_Not_Use,White_Non_Hispanic,No,Trouble_Sleeping_2,No,Doctors_2_3
No,,Retired,Male,No,Very_Good,No,Poor,Do_Not_Use,White_Non_Hispanic,No,Trouble_Sleeping_3,Yes,Doctors_2_3
No,Very_Good,Retired,Male,No,Very_Good,Yes,Fair,Do_Not_Use,Two_or_More_Races,Yes,Trouble_Sleeping_2,Yes,Doctors_4_Plus
Yes,Good,Retired,Male,No,Excellent,No,Good,Do_Not_Use,Hispanic,No,Trouble_Sleeping_2,No,Doctors_0_1
No,Good,Retired,Female,No,Good,No,Very_Good,Do_Not_Use,White_Non_Hispanic,No,Trouble_Sleeping_3,Yes,Doctors_2_3
Yes,Good,Retired,Male,No,Very_Good,No,Very_Good,Do_Not_Use,White_Non_Hispanic,No,Trouble_Sleeping_2,No,Doctors_4_Plus
No,Very_Good,Retired,Female,No,Very_Good,Yes,Good,Do_Not_Use,White_Non_Hispanic,No,Trouble_Sleeping_2,Yes,Doctors_0_1
Yes,Very_Good,Retired,Female,No,Very_Good,No,Very_Good,Do_Not_Use,White_Non_Hispanic,No,Trouble_Sleeping_3,No,Doctors_2_3
No,Very_Good,Retired,Female,No,Very_Good,No,Good,Use_Regularly,White_Non_Hispanic,Yes,Trouble_Sleeping_2,No,Doctors_2_3
Yes,Fair,Retired,Female,No,Excellent,No,Excellent,Do_Not_Use,White_Non_Hispanic,No,Trouble_Sleeping_2,Yes,Doctors_2_3
Yes,Fair,Retired,Female,No,Very_Good,No,Good,Do_Not_Use,White_Non_Hispanic,No,Trouble_Sleeping_2,Yes,Doctors_0_1
Yes,Good,Retired,Female,No,Good,No,Good,Do_Not_Use,White_Non_Hispanic,No,Trouble_Sleeping_2,No,Doctors_0_1
No,Good,Retired,Male,No,Good,No,Good,Do_Not_Use,White_Non_Hispanic,No,Trouble_Sleeping_1,Yes,Doctors_0_1
Yes,Very_Good,Retired,Male,No,Excellent,No,Very_Good,Do_Not_Use,White_Non_Hispanic,No,Trouble_Sleeping_3,No,Doctors_4_Plus
No,Excellent,Not_Working,Male,No,Excellent,No,Poor,Use_Regularly,White_Non_Hispanic,No,Trouble_Sleeping_1,Yes,Doctors_4_Plus
No,Fair,Retired,Female,No,Excellent,No,Very_Good,Do_Not_Use,White_Non_Hispanic,No,Trouble_Sleeping_2,Yes,Doctors_0_1
Yes,Good,Retired,Female,No,Good,No,Good,Do_Not_Use,White_Non_Hispanic,No,Trouble_Sleeping_3,No,Doctors_4_Plus
No,Excellent,Retired,Female,No,Refused,No,Excellent,Do_Not_Use,White_Non_Hispanic,No,Trouble_Sleeping_2,No,Doctors_0_1
No,Very_Good,Retired,Male,No,Very_Good,Yes,Very_Good,Do_Not_Use,White_Non_Hispanic,No,Trouble_Sleeping_2,No,Doctors_2_3
No,Excellent,Retired,Male,No,Excellent,No,Excellent,Do_Not_Use,Black_Non_Hispanic,No,Trouble_Sleeping_3,No,Doctors_2_3
No,Good,Retired,Male,Yes,Excellent,Yes,Fair,Do_Not_Use,Hispanic,No,Trouble_Sleeping_2,No,Doctors_4_Plus
No,Good,Retired,Male,No,Excellent,No,Good,Do_Not_Use,White_Non_Hispanic,No,Trouble_Sleeping_3,Yes,Doctors_2_3
Yes,Excellent,Retired,Female,No,Excellent,No,Very_Good,Do_Not_Use,White_Non_Hispanic,Yes,Trouble_Sleeping_2,No,Doctors_4_Plus
Yes,Very_Good,Retired,Male,No,Excellent,No,Excellent,Use_Occasionally,White_Non_Hispanic,No,Trouble_Sleeping_2,No,Doctors_0_1
No,Very_Good,Retired,Male,No,Fair,No,Good,Do_Not_Use,White_Non_Hispanic,Yes,Trouble_Sleeping_1,No,Doctors_2_3
Yes,Very_Good,Working_Full_Time,Female,No,Excellent,Yes,Good,Do_Not_Use,Hispanic,No,Trouble_Sleeping_3,No,Doctors_2_3
Yes,Fair,Retired,Female,No,Good,No,Good,Do_Not_Use,White_Non_Hispanic,Yes,Trouble_Sleeping_2,No,Doctors_0_1
No,Good,Retired,Female,No,Very_Good,No,Fair,Do_Not_Use,White_Non_Hispanic,Yes,Trouble_Sleeping_3,No,Doctors_4_Plus
Yes,Fair,Retired,Female,No,Very_Good,No,Good,Do_Not_Use,White_Non_Hispanic,No,Trouble_Sleeping_2,No,Doctors_0_1
No,Fair,Retired,Male,Yes,Good,Yes,Fair,Do_Not_Use,White_Non_Hispanic,Yes,Trouble_Sleeping_2,No,Doctors_2_3
Yes,Good,Retired,Male,No,Good,No,Good,Do_Not_Use,Hispanic,No,Trouble_Sleeping_3,No,Doctors_0_1
No,Excellent,Retired,Male,No,Very_Good,Yes,Very_Good,Do_Not_Use,White_Non_Hispanic,Yes,Trouble_Sleeping_3,No,Doctors_2_3
Yes,Very_Good,Retired,Female,No,Very_Good,No,Good,Do_Not_Use,White_Non_Hispanic,No,Trouble_Sleeping_3,No,Doctors_4_Plus
Yes,Good,Retired,Female,No,Very_Good,No,Good,Do_Not_Use,White_Non_Hispanic,Yes,Trouble_Sleeping_2,Yes,Doctors_4_Plus
No,Poor,Not_Working,Female,No,Fair,No,Fair,Use_Regularly,White_Non_Hispanic,No,Trouble_Sleeping_1,Yes,Doctors_4_Plus
Yes,Fair,Retired,Female,No,Good,No,Good,Do_Not_Use,White_Non_Hispanic,No,Trouble_Sleeping_2,Yes,Doctors_4_Plus
No,Good,Retired,Female,No,Good,No,Good,Do_Not_Use,Black_Non_Hispanic,Yes,Trouble_Sleeping_3,Yes,Doctors_2_3
No,Very_Good,Retired,Female,No,Very_Good,Yes,Good,Do_Not_Use,White_Non_Hispanic,No,Trouble_Sleeping_2,No,Doctors_4_Plus
Yes,Good,Retired,Female,No,Very_Good,No,Very_Good,Do_Not_Use,White_Non_Hispanic,No,Trouble_Sleeping_3,No,Doctors_4_Plus
No,Good,Retired,Male,No,Refused,Yes,Fair,Do_Not_Use,Black_Non_Hispanic,Yes,Trouble_Sleeping_3,No,Doctors_4_Plus
No,Very_Good,Retired,Male,No,Refused,No,Very_Good,Do_Not_Use,Black_Non_Hispanic,No,Trouble_Sleeping_3,No,Doctors_2_3
Yes,Good,Retired,Female,No,Very_Good,No,Fair,Do_Not_Use,White_Non_Hispanic,No,Trouble_Sleeping_3,Yes,Doctors_4_Plus
Yes,Good,Retired,Male,No,Good,Yes,Fair,Use_Occasionally,White_Non_Hispanic,No,Trouble_Sleeping_2,Yes,Doctors_2_3
No,Very_Good,Working_Part_Time,Female,No,Excellent,No,Very_Good,Do_Not_Use,White_Non_Hispanic,No,Trouble_Sleeping_3,Yes,Doctors_0_1
Yes,Good,Retired,Male,No,Good,No,Poor,Do_Not_Use,White_Non_Hispanic,No,Trouble_Sleeping_3,No,Doctors_2_3
No,Good,Working_Full_Time,Female,No,Very_Good,No,Good,Do_Not_Use,Two_or_More_Races,No,Trouble_Sleeping_2,Yes,Doctors_2_3
Yes,Fair,Retired,Female,No,Very_Good,Yes,Fair,Use_Regularly,Two_or_More_Races,No,Trouble_Sleeping_1,Yes,Doctors_4_Plus
Yes,Very_Good,Retired,Female,No,Very_Good,No,Good,Do_Not_Use,White_Non_Hispanic,No,Trouble_Sleeping_3,No,Doctors_2_3
Yes,Fair,Retired,Female,No,Very_Good,No,Very_Good,Do_Not_Use,White_Non_Hispanic,Yes,Trouble_Sleeping_3,No,Doctors_2_3
Yes,Very_Good,Retired,Female,No,Good,No,Good,Do_Not_Use,Hispanic,Yes,Trouble_Sleeping_2,No,Doctors_4_Plus
Yes,Fair,Retired,Male,No,Fair,No,Good,Do_Not_Use,White_Non_Hispanic,No,Trouble_Sleeping_2,Yes,Doctors_0_1
Yes,Fair,Retired,Female,No,Very_Good,No,Fair,Do_Not_Use,Other_Non_Hispanic,No,Trouble_Sleeping_2,Yes,Doctors_0_1
No,Fair,Retired,Female,Yes,Very_Good,No,Good,Do_Not_Use,Black_Non_Hispanic,No,Trouble_Sleeping_3,Yes,Doctors_4_Plus
Yes,Very_Good,Retired,Male,No,Excellent,No,Very_Good,Do_Not_Use,White_Non_Hispanic,No,Trouble_Sleeping_2,Yes,Doctors_0_1
No,Excellent,Retired,Female,No,Very_Good,No,Very_Good,Do_Not_Use,White_Non_Hispanic,Yes,Trouble_Sleeping_2,No,Doctors_2_3
Yes,Fair,Retired,Male,No,Excellent,No,Good,Do_Not_Use,White_Non_Hispanic,No,Trouble_Sleeping_2,No,Doctors_4_Plus
No,Very_Good,Working_Part_Time,Female,No,Good,Yes,Good,Do_Not_Use,White_Non_Hispanic,Yes,Trouble_Sleeping_2,No,Doctors_2_3
Yes,Good,Retired,Male,No,Good,No,Excellent,Use_Occasionally,White_Non_Hispanic,Yes,Trouble_Sleeping_2,No,Doctors_2_3
No,Good,Retired,Female,No,Very_Good,No,Good,Do_Not_Use,Other_Non_Hispanic,No,Trouble_Sleeping_3,Yes,Doctors_2_3
Yes,Good,Retired,Female,No,Good,No,Fair,Refused,White_Non_Hispanic,No,Trouble_Sleeping_1,No,Doctors_4_Plus
Yes,Good,Retired,Female,No,Good,No,Good,Do_Not_Use,White_Non_Hispanic,No,Trouble_Sleeping_3,Yes,Doctors_0_1
Yes,Fair,Retired,Male,Yes,Good,No,Fair,Do_Not_Use,Two_or_More_Races,No,Trouble_Sleeping_2,Yes,Doctors_2_3
Yes,Fair,Retired,Female,No,Very_Good,No,Fair,Do_Not_Use,Black_Non_Hispanic,Yes,Trouble_Sleeping_2,No,Doctors_4_Plus
Yes,Excellent,Retired,Male,No,Very_Good,No,Very_Good,Do_Not_Use,White_Non_Hispanic,No,Trouble_Sleeping_3,Yes,Doctors_4_Plus
Yes,Very_Good,Not_Working,Female,No,Very_Good,No,Very_Good,Do_Not_Use,Other_Non_Hispanic,Yes,Trouble_Sleeping_3,No,Doctors_4_Plus
Yes,Good,Retired,Female,No,Good,No,Good,Use_Regularly,White_Non_Hispanic,No,Trouble_Sleeping_2,No,Doctors_4_Plus
No,Good,Retired,Female,Yes,Good,Yes,Good,Do_Not_Use,White_Non_Hispanic,No,Trouble_Sleeping_1,Yes,Doctors_2_3
Yes,,Retired,Female,No,Very_Good,No,Fair,Do_Not_Use,Hispanic,No,Trouble_Sleeping_2,Yes,Doctors_4_Plus
No,Poor,Retired,Female,No,Good,Yes,Fair,Do_Not_Use,Hispanic,Yes,Trouble_Sleeping_3,No,Doctors_2_3
No,Good,Retired,Male,No,Very_Good,No,Good,Do_Not_Use,Black_Non_Hispanic,No,Trouble_Sleeping_2,No,Doctors_2_3
No,Good,Retired,Female,No,Excellent,No,Very_Good,Do_Not_Use,Two_or_More_Races,No,Trouble_Sleeping_1,Yes,Doctors_2_3
No,Good,Working_Full_Time,Male,No,Good,No,Good,Do_Not_Use,White_Non_Hispanic,No,Trouble_Sleeping_2,Yes,Doctors_2_3
Yes,Good,Working_Part_Time,Female,No,Very_Good,No,Very_Good,Do_Not_Use,White_Non_Hispanic,No,Trouble_Sleeping_2,No,Doctors_4_Plus
No,Very_Good,Retired,Male,No,Very_Good,Yes,Very_Good,Do_Not_Use,Black_Non_Hispanic,No,Trouble_Sleeping_2,No,Doctors_2_3
Yes,Very_Good,Retired,Male,No,Very_Good,Yes,Very_Good,Do_Not_Use,Black_Non_Hispanic,No,Trouble_Sleeping_2,No,Doctors_2_3
Yes,Poor,Working_Full_Time,Male,No,Excellent,No,Good,Do_Not_Use,White_Non_Hispanic,No,Trouble_Sleeping_3,No,Doctors_2_3
No,,Retired,Male,No,Good,Yes,Very_Good,Do_Not_Use,White_Non_Hispanic,No,Trouble_Sleeping_3,No,Doctors_0_1
Yes,Fair,Retired,Male,No,Good,No,Good,Do_Not_Use,White_Non_Hispanic,No,Trouble_Sleeping_3,No,Doctors_2_3
Yes,Good,Working_Part_Time,Female,No,Very_Good,No,Very_Good,Do_Not_Use,White_Non_Hispanic,No,Trouble_Sleeping_2,Yes,Doctors_2_3
Yes,Good,Retired,Male,No,Good,No,Good,Do_Not_Use,Black_Non_Hispanic,No,Trouble_Sleeping_3,No,Doctors_2_3
Yes,Good,Retired,Male,No,Very_Good,Yes,Good,Do_Not_Use,White_Non_Hispanic,Yes,Trouble_Sleeping_3,No,Doctors_2_3
Yes,Good,Retired,Male,No,Excellent,No,Good,Do_Not_Use,White_Non_Hispanic,Yes,Trouble_Sleeping_2,No,Doctors_2_3
Yes,Very_Good,Retired,Male,No,Very_Good,No,Good,Do_Not_Use,White_Non_Hispanic,No,Trouble_Sleeping_3,No,Doctors_2_3
No,Very_Good,Retired,Female,No,Excellent,No,Excellent,Do_Not_Use,White_Non_Hispanic,No,Trouble_Sleeping_3,Yes,Doctors_2_3
No,Very_Good,Retired,Male,No,Excellent,No,Very_Good,Do_Not_Use,White_Non_Hispanic,No,Trouble_Sleeping_3,Yes,Doctors_2_3
No,Excellent,Retired,Female,No,Excellent,Yes,Very_Good,Do_Not_Use,White_Non_Hispanic,Yes,Trouble_Sleeping_2,No,Doctors_2_3
No,Very_Good,Retired,Male,No,Excellent,No,Good,Use_Occasionally,White_Non_Hispanic,No,Trouble_Sleeping_3,No,Doctors_0_1
Yes,,Retired,Female,No,Good,No,Fair,Do_Not_Use,White_Non_Hispanic,Yes,Trouble_Sleeping_2,No,Doctors_4_Plus
Yes,Fair,Retired,Male,No,Excellent,No,Very_Good,Do_Not_Use,White_Non_Hispanic,No,Trouble_Sleeping_3,Yes,Doctors_2_3
Yes,Good,Retired,Male,No,Very_Good,No,Good,Do_Not_Use,White_Non_Hispanic,No,Trouble_Sleeping_3,No,Doctors_4_Plus
No,Very_Good,Retired,Female,No,Excellent,No,Very_Good,Do_Not_Use,White_Non_Hispanic,No,Trouble_Sleeping_3,Yes,Doctors_4_Plus
No,Good,Retired,Female,No,Good,No,Good,Do_Not_Use,White_Non_Hispanic,No,Trouble_Sleeping_2,Yes,Doctors_2_3
Yes,Very_Good,Retired,Female,No,Very_Good,Yes,Good,Do_Not_Use,White_Non_Hispanic,No,Trouble_Sleeping_3,No,Doctors_2_3
Yes,Very_Good,Retired,Female,No,Very_Good,No,Excellent,Do_Not_Use,White_Non_Hispanic,No,Trouble_Sleeping_2,No,Doctors_4_Plus
Yes,Good,Retired,Female,No,Excellent,No,Very_Good,Do_Not_Use,Hispanic,No,Trouble_Sleeping_2,Yes,Doctors_0_1
Yes,Fair,Retired,Female,No,Very_Good,Yes,Fair,Do_Not_Use,Two_or_More_Races,No,Trouble_Sleeping_1,No,Doctors_4_Plus
Yes,Very_Good,Retired,Male,No,Very_Good,No,Very_Good,Do_Not_Use,Black_Non_Hispanic,No,Trouble_Sleeping_2,No,Doctors_0_1
Yes,Good,Retired,Female,No,Good,Yes,Fair,Do_Not_Use,White_Non_Hispanic,No,Trouble_Sleeping_2,Yes,Doctors_0_1
Yes,Good,Retired,Female,Yes,Very_Good,No,Good,Do_Not_Use,White_Non_Hispanic,Yes,Trouble_Sleeping_1,No,Doctors_2_3
No,Good,Retired,Male,No,Good,No,Good,Do_Not_Use,White_Non_Hispanic,No,Trouble_Sleeping_3,Yes,Doctors_4_Plus
No,Good,Retired,Male,No,Excellent,No,Very_Good,Do_Not_Use,White_Non_Hispanic,No,Trouble_Sleeping_3,Yes,Doctors_4_Plus
No,Very_Good,Retired,Female,No,Very_Good,No,Very_Good,Do_Not_Use,White_Non_Hispanic,No,Trouble_Sleeping_3,Yes,Doctors_2_3
No,Poor,Retired,Male,No,Very_Good,No,Poor,Use_Regularly,Black_Non_Hispanic,No,Trouble_Sleeping_1,Yes,Doctors_4_Plus
Yes,Excellent,Retired,Female,No,Very_Good,Yes,Good,Use_Occasionally,White_Non_Hispanic,No,Trouble_Sleeping_2,No,Doctors_2_3
Yes,Very_Good,Retired,Female,No,Good,Yes,Good,Do_Not_Use,Two_or_More_Races,Yes,Trouble_Sleeping_3,No,Doctors_2_3
Yes,Very_Good,Retired,Female,No,Very_Good,No,Good,Do_Not_Use,White_Non_Hispanic,Yes,Trouble_Sleeping_2,No,Doctors_0_1
Yes,,Retired,Male,No,Very_Good,No,Very_Good,Do_Not_Use,White_Non_Hispanic,No,Trouble_Sleeping_3,Yes,Doctors_0_1
Yes,Poor,Retired,Female,No,Fair,Yes,Fair,Do_Not_Use,White_Non_Hispanic,Yes,Trouble_Sleeping_3,No,Doctors_2_3
Yes,Fair,Retired,Male,No,Very_Good,No,Good,Do_Not_Use,White_Non_Hispanic,No,Trouble_Sleeping_3,No,Doctors_2_3
No,Excellent,Retired,Female,No,Excellent,No,Good,Do_Not_Use,White_Non_Hispanic,Yes,Trouble_Sleeping_1,No,Doctors_0_1
Yes,Fair,Retired,Female,No,Good,Yes,Fair,Use_Regularly,White_Non_Hispanic,Yes,Trouble_Sleeping_3,No,Doctors_4_Plus
No,Fair,Working_Part_Time,Female,No,Very_Good,No,Very_Good,Do_Not_Use,White_Non_Hispanic,No,Trouble_Sleeping_3,No,Doctors_4_Plus
Yes,Good,Retired,Male,No,Good,Yes,Very_Good,Do_Not_Use,White_Non_Hispanic,Yes,Trouble_Sleeping_2,No,Doctors_4_Plus
Yes,Poor,Working_Full_Time,Male,No,Very_Good,No,Very_Good,Do_Not_Use,White_Non_Hispanic,No,Trouble_Sleeping_3,No,Doctors_2_3
Yes,Good,Working_Full_Time,Male,No,Excellent,Yes,Good,Do_Not_Use,Black_Non_Hispanic,No,Trouble_Sleeping_3,No,Doctors_0_1
Yes,Very_Good,Working_Full_Time,Male,No,Very_Good,Yes,Very_Good,Do_Not_Use,White_Non_Hispanic,Yes,Trouble_Sleeping_3,Yes,Doctors_4_Plus
Yes,Fair,Retired,Female,No,Very_Good,No,Good,Do_Not_Use,Two_or_More_Races,No,Trouble_Sleeping_2,No,Doctors_2_3
No,Excellent,Retired,Female,No,Excellent,No,Very_Good,Do_Not_Use,White_Non_Hispanic,No,Trouble_Sleeping_3,Yes,Doctors_2_3
Yes,Excellent,Retired,Female,No,Excellent,No,Fair,Do_Not_Use,White_Non_Hispanic,No,Trouble_Sleeping_3,No,Doctors_4_Plus
No,Excellent,Working_Full_Time,Female,No,Very_Good,No,Very_Good,Do_Not_Use,White_Non_Hispanic,No,Trouble_Sleeping_3,Yes,Doctors_2_3
Yes,Good,Working_Part_Time,Female,No,Fair,No,Fair,Do_Not_Use,White_Non_Hispanic,No,Trouble_Sleeping_3,No,Doctors_4_Plus
Yes,,Retired,Female,No,Very_Good,No,Very_Good,Do_Not_Use,White_Non_Hispanic,No,Trouble_Sleeping_3,No,Doctors_0_1
No,Very_Good,Retired,Male,No,Excellent,No,Very_Good,Do_Not_Use,White_Non_Hispanic,No,Trouble_Sleeping_3,No,Doctors_2_3
Yes,Good,Retired,Female,No,Excellent,Yes,Good,Do_Not_Use,White_Non_Hispanic,No,Trouble_Sleeping_3,Yes,Doctors_2_3
No,Good,Retired,Female,No,Excellent,No,Good,Do_Not_Use,White_Non_Hispanic,No,Trouble_Sleeping_3,Yes,Doctors_0_1
No,Good,Working_Full_Time,Male,No,Very_Good,Yes,Fair,Do_Not_Use,White_Non_Hispanic,No,Trouble_Sleeping_2,No,Doctors_2_3
Yes,Good,Retired,Male,No,Excellent,No,Very_Good,Do_Not_Use,White_Non_Hispanic,Yes,Trouble_Sleeping_2,No,Doctors_2_3
No,Good,Retired,Male,No,Very_Good,No,Good,Do_Not_Use,White_Non_Hispanic,No,Trouble_Sleeping_3,Yes,Doctors_4_Plus
No,Good,Working_Full_Time,Male,No,Very_Good,No,Fair,Do_Not_Use,White_Non_Hispanic,No,Trouble_Sleeping_3,Yes,Doctors_2_3
No,,Retired,Male,No,Excellent,No,Very_Good,Do_Not_Use,White_Non_Hispanic,No,Trouble_Sleeping_3,Yes,Doctors_4_Plus
No,Very_Good,Retired,Female,No,Excellent,No,Very_Good,Do_Not_Use,White_Non_Hispanic,No,Trouble_Sleeping_3,Yes,Doctors_2_3
No,Good,Retired,Male,No,Good,Yes,Good,Do_Not_Use,White_Non_Hispanic,No,Trouble_Sleeping_3,No,Doctors_2_3
Yes,Very_Good,Retired,Female,No,Good,No,Very_Good,Do_Not_Use,White_Non_Hispanic,No,Trouble_Sleeping_1,Yes,Doctors_2_3
No,Excellent,Retired,Male,Yes,Good,Yes,Good,Use_Regularly,White_Non_Hispanic,Yes,Trouble_Sleeping_1,Yes,Doctors_4_Plus
Yes,Fair,Retired,Male,No,Excellent,No,Good,Do_Not_Use,White_Non_Hispanic,No,Trouble_Sleeping_2,Yes,Doctors_0_1
Yes,Good,Not_Working,Female,No,Very_Good,Yes,Poor,Use_Regularly,White_Non_Hispanic,No,Trouble_Sleeping_1,No,Doctors_4_Plus
Yes,Fair,Retired,Female,No,Good,Yes,Fair,Do_Not_Use,White_Non_Hispanic,Yes,Trouble_Sleeping_2,No,Doctors_4_Plus
Yes,Good,Retired,Female,No,Good,No,Good,Do_Not_Use,Hispanic,No,Trouble_Sleeping_3,No,Doctors_2_3
Yes,Very_Good,Retired,Female,No,Excellent,No,Very_Good,Do_Not_Use,White_Non_Hispanic,Yes,Trouble_Sleeping_2,No,Doctors_0_1
No,Good,Retired,Male,No,Very_Good,No,Good,Do_Not_Use,White_Non_Hispanic,No,Trouble_Sleeping_2,Yes,Doctors_2_3
No,,Retired,Female,No,Excellent,Yes,Good,Use_Regularly,White_Non_Hispanic,No,Trouble_Sleeping_2,Yes,Doctors_4_Plus
Yes,Very_Good,Retired,Female,No,Excellent,No,Very_Good,Do_Not_Use,White_Non_Hispanic,No,Trouble_Sleeping_3,No,Doctors_2_3
Yes,Good,Retired,Male,No,Very_Good,No,Very_Good,Do_Not_Use,White_Non_Hispanic,No,Trouble_Sleeping_3,Yes,Doctors_4_Plus
Yes,Good,Retired,Male,No,Good,No,Fair,Do_Not_Use,White_Non_Hispanic,No,Trouble_Sleeping_2,No,Doctors_2_3
Yes,Very_Good,Retired,Female,No,Very_Good,No,Excellent,Do_Not_Use,White_Non_Hispanic,No,Trouble_Sleeping_3,No,Doctors_2_3
No,Fair,Retired,Female,No,Good,No,Fair,Do_Not_Use,Black_Non_Hispanic,No,Trouble_Sleeping_2,Yes,Doctors_0_1
No,,Retired,Female,No,Good,No,Good,Do_Not_Use,White_Non_Hispanic,No,Trouble_Sleeping_2,Yes,Doctors_4_Plus
No,Good,Retired,Male,No,Fair,Yes,Poor,Do_Not_Use,White_Non_Hispanic,Yes,Trouble_Sleeping_2,No,Doctors_2_3
Yes,,Retired,Female,No,Fair,No,Fair,Do_Not_Use,White_Non_Hispanic,No,Trouble_Sleeping_3,No,Doctors_2_3
Yes,Fair,Retired,Female,No,Excellent,No,Very_Good,Do_Not_Use,White_Non_Hispanic,No,Trouble_Sleeping_3,No,Doctors_0_1
Yes,Good,Retired,Female,No,Excellent,Yes,Good,Do_Not_Use,White_Non_Hispanic,No,Trouble_Sleeping_2,No,Doctors_2_3
Yes,,Retired,Female,No,Good,Yes,Good,Do_Not_Use,Two_or_More_Races,No,Trouble_Sleeping_2,No,Doctors_2_3
No,Excellent,Retired,Male,No,Very_Good,No,Very_Good,Do_Not_Use,White_Non_Hispanic,No,Trouble_Sleeping_3,No,Doctors_2_3
No,Very_Good,Retired,Male,No,Good,Yes,Fair,Do_Not_Use,White_Non_Hispanic,No,Trouble_Sleeping_2,Yes,Doctors_4_Plus
No,Very_Good,Retired,Female,No,Excellent,No,Very_Good,Do_Not_Use,White_Non_Hispanic,No,Trouble_Sleeping_3,Yes,Doctors_0_1
No,Very_Good,Retired,Female,No,Excellent,No,Very_Good,Do_Not_Use,White_Non_Hispanic,No,Trouble_Sleeping_2,Yes,Doctors_2_3
No,,Retired,Female,No,Fair,No,Fair,Do_Not_Use,White_Non_Hispanic,No,Trouble_Sleeping_2,Yes,Doctors_2_3
Yes,Fair,Retired,Female,No,Very_Good,No,Very_Good,Do_Not_Use,White_Non_Hispanic,No,Trouble_Sleeping_2,Yes,Doctors_2_3
No,Good,Retired,Female,No,Very_Good,No,Good,Do_Not_Use,White_Non_Hispanic,No,Trouble_Sleeping_2,Yes,Doctors_0_1
Yes,Very_Good,Retired,Female,No,Very_Good,No,Very_Good,Do_Not_Use,White_Non_Hispanic,Yes,Trouble_Sleeping_2,No,Doctors_2_3
No,Excellent,Retired,Male,No,Excellent,No,Excellent,Do_Not_Use,White_Non_Hispanic,No,Trouble_Sleeping_3,No,Doctors_2_3
Yes,Very_Good,Retired,Male,Yes,Good,No,Good,Use_Occasionally,White_Non_Hispanic,No,Trouble_Sleeping_2,Yes,Doctors_4_Plus
No,Very_Good,Retired,Male,No,Very_Good,No,Very_Good,Do_Not_Use,White_Non_Hispanic,No,Trouble_Sleeping_3,Yes,Doctors_2_3
No,Good,Working_Full_Time,Female,No,Very_Good,No,Good,Do_Not_Use,White_Non_Hispanic,No,Trouble_Sleeping_-1,Yes,Doctors_2_3
Yes,Fair,Retired,Female,No,Excellent,No,Good,Do_Not_Use,White_Non_Hispanic,Yes,Trouble_Sleeping_2,No,Doctors_4_Plus
No,,Retired,Male,No,Very_Good,No,Good,Do_Not_Use,White_Non_Hispanic,No,Trouble_Sleeping_2,Yes,Doctors_4_Plus
Yes,Fair,Working_Part_Time,Female,No,Very_Good,No,Good,Do_Not_Use,White_Non_Hispanic,Yes,Trouble_Sleeping_2,Yes,Doctors_0_1
Yes,Fair,Retired,Female,No,Very_Good,No,Fair,Do_Not_Use,Two_or_More_Races,Yes,Trouble_Sleeping_1,No,Doctors_2_3
No,Good,Retired,Female,No,Excellent,No,Very_Good,Do_Not_Use,Hispanic,No,Trouble_Sleeping_2,Yes,Doctors_2_3
Yes,Good,Retired,Male,No,Good,No,Good,Do_Not_Use,White_Non_Hispanic,No,Trouble_Sleeping_3,No,Doctors_2_3
Yes,Very_Good,Retired,Male,Yes,Fair,No,Very_Good,Do_Not_Use,White_Non_Hispanic,No,Trouble_Sleeping_2,No,Doctors_2_3
No,Good,Working_Part_Time,Male,No,Very_Good,Yes,Good,Use_Regularly,White_Non_Hispanic,Yes,Trouble_Sleeping_2,No,Doctors_2_3
No,Good,Working_Full_Time,Female,No,Very_Good,No,Very_Good,Do_Not_Use,White_Non_Hispanic,Yes,Trouble_Sleeping_3,No,Doctors_0_1
Yes,Very_Good,Retired,Male,No,Excellent,No,Very_Good,Do_Not_Use,White_Non_Hispanic,No,Trouble_Sleeping_1,Yes,Doctors_2_3
Yes,Good,Working_Part_Time,Female,No,Good,Yes,Good,Do_Not_Use,White_Non_Hispanic,Yes,Trouble_Sleeping_2,Yes,Doctors_2_3
Yes,Poor,Retired,Male,Yes,Very_Good,No,Fair,Do_Not_Use,White_Non_Hispanic,No,Trouble_Sleeping_3,No,Doctors_4_Plus
No,Good,Working_Full_Time,Female,No,Excellent,No,Excellent,Do_Not_Use,White_Non_Hispanic,No,Trouble_Sleeping_3,Yes,Doctors_4_Plus
No,Fair,Retired,Female,No,Very_Good,No,Very_Good,Do_Not_Use,White_Non_Hispanic,No,Trouble_Sleeping_3,Yes,Doctors_2_3
No,Good,Retired,Male,No,Very_Good,No,Good,Do_Not_Use,White_Non_Hispanic,No,Trouble_Sleeping_3,Yes,Doctors_2_3
No,Poor,Retired,Male,No,Very_Good,No,Good,Do_Not_Use,White_Non_Hispanic,No,Trouble_Sleeping_3,Yes,Doctors_0_1
Yes,,Retired,Male,No,Very_Good,No,Good,Do_Not_Use,Hispanic,No,Trouble_Sleeping_3,No,Doctors_2_3
Yes,Excellent,Retired,Female,No,Excellent,No,Fair,Do_Not_Use,White_Non_Hispanic,Yes,Trouble_Sleeping_2,No,Doctors_2_3
No,Good,Retired,Female,No,Good,No,Good,Do_Not_Use,White_Non_Hispanic,No,Trouble_Sleeping_3,Yes,Doctors_2_3
No,Fair,Retired,Male,No,Good,No,Fair,Do_Not_Use,White_Non_Hispanic,No,Trouble_Sleeping_2,Yes,Doctors_0_1
No,Fair,Retired,Male,No,Good,No,Good,Do_Not_Use,White_Non_Hispanic,No,Trouble_Sleeping_2,No,Doctors_2_3
No,Fair,Retired,Female,No,Good,No,Good,Do_Not_Use,White_Non_Hispanic,No,Trouble_Sleeping_2,Yes,Doctors_2_3
No,Good,Retired,Male,No,Very_Good,No,Good,Do_Not_Use,Other_Non_Hispanic,No,Trouble_Sleeping_3,Yes,Doctors_0_1
Yes,Fair,Not_Working,Female,Yes,Good,Yes,Fair,Do_Not_Use,Hispanic,No,Trouble_Sleeping_2,No,Doctors_4_Plus
No,Poor,Retired,Female,No,Good,Yes,Fair,Do_Not_Use,Black_Non_Hispanic,No,Trouble_Sleeping_2,No,Doctors_2_3
No,Good,Retired,Female,No,Excellent,No,Very_Good,Do_Not_Use,Other_Non_Hispanic,No,Trouble_Sleeping_2,Yes,Doctors_2_3
Yes,Poor,Retired,Male,No,Fair,No,Poor,Do_Not_Use,Other_Non_Hispanic,No,Trouble_Sleeping_3,Yes,Doctors_2_3
Yes,Fair,Retired,Female,No,Very_Good,No,Very_Good,Do_Not_Use,Black_Non_Hispanic,No,Trouble_Sleeping_3,No,Doctors_4_Plus
Yes,Poor,Retired,Female,Yes,Fair,Yes,Good,Do_Not_Use,White_Non_Hispanic,Yes,Trouble_Sleeping_2,No,Doctors_2_3
Yes,Very_Good,Retired,Female,No,Very_Good,Yes,Very_Good,Use_Occasionally,White_Non_Hispanic,No,Trouble_Sleeping_2,No,Doctors_2_3
No,Good,Retired,Female,No,Excellent,No,Good,Do_Not_Use,White_Non_Hispanic,No,Trouble_Sleeping_3,No,Doctors_2_3
Yes,Very_Good,Retired,Male,No,Excellent,No,Very_Good,Do_Not_Use,White_Non_Hispanic,No,Trouble_Sleeping_3,No,Doctors_2_3
Yes,Fair,Retired,Female,No,Very_Good,No,Good,Do_Not_Use,Other_Non_Hispanic,No,Trouble_Sleeping_3,Yes,Doctors_4_Plus
Yes,Poor,Working_Full_Time,Female,No,Very_Good,No,Good,Do_Not_Use,Black_Non_Hispanic,Yes,Trouble_Sleeping_2,No,Doctors_2_3
No,Very_Good,Retired,Female,No,Excellent,Yes,Good,Use_Regularly,White_Non_Hispanic,No,Trouble_Sleeping_1,No,Doctors_2_3
No,Very_Good,Working_Full_Time,Male,No,Very_Good,No,Good,Do_Not_Use,White_Non_Hispanic,No,Trouble_Sleeping_3,Yes,Doctors_2_3
No,Excellent,Working_Part_Time,Female,No,Excellent,No,Excellent,Do_Not_Use,White_Non_Hispanic,Yes,Trouble_Sleeping_3,No,Doctors_2_3
Yes,Fair,Retired,Female,No,Good,Yes,Good,Do_Not_Use,White_Non_Hispanic,No,Trouble_Sleeping_2,No,Doctors_4_Plus
Yes,Poor,Working_Part_Time,Male,No,Very_Good,Yes,Very_Good,Do_Not_Use,White_Non_Hispanic,No,Trouble_Sleeping_3,No,Doctors_2_3
No,Good,Retired,Female,No,Very_Good,Yes,Good,Do_Not_Use,White_Non_Hispanic,No,Trouble_Sleeping_2,No,Doctors_2_3
No,Good,Retired,Female,No,Good,No,Very_Good,Do_Not_Use,White_Non_Hispanic,Yes,Trouble_Sleeping_2,No,Doctors_0_1
No,Fair,Retired,Male,No,Very_Good,No,Fair,Do_Not_Use,White_Non_Hispanic,No,Trouble_Sleeping_1,Yes,Doctors_2_3
Yes,Very_Good,Retired,Female,No,Excellent,No,Very_Good,Do_Not_Use,White_Non_Hispanic,No,Trouble_Sleeping_3,No,Doctors_2_3
No,Fair,Working_Full_Time,Male,No,Excellent,Yes,Very_Good,Do_Not_Use,White_Non_Hispanic,No,Trouble_Sleeping_3,Yes,Doctors_2_3
Yes,Fair,Retired,Male,No,Fair,Yes,Fair,Do_Not_Use,White_Non_Hispanic,Yes,Trouble_Sleeping_2,Yes,Doctors_2_3
Yes,Good,Retired,Female,No,Excellent,Yes,Good,Do_Not_Use,White_Non_Hispanic,Yes,Trouble_Sleeping_1,Yes,Doctors_0_1
No,Fair,Working_Full_Time,Male,No,Good,Yes,Good,Do_Not_Use,Two_or_More_Races,Yes,Trouble_Sleeping_3,No,Doctors_2_3
No,Good,Retired,Female,No,Very_Good,No,Very_Good,Do_Not_Use,Two_or_More_Races,No,Trouble_Sleeping_2,No,Doctors_2_3
No,Fair,Working_Full_Time,Female,No,Very_Good,No,Fair,Do_Not_Use,White_Non_Hispanic,Yes,Trouble_Sleeping_3,No,Doctors_0_1
Yes,Poor,Retired,Female,No,Good,No,Refused,Refused,Black_Non_Hispanic,No,Trouble_Sleeping_3,No,Doctors_2_3
No,,Retired,Male,No,Refused,No,Good,Do_Not_Use,White_Non_Hispanic,No,Trouble_Sleeping_3,Yes,Doctors_4_Plus
No,Very_Good,Retired,Female,No,Excellent,No,Very_Good,Do_Not_Use,White_Non_Hispanic,No,Trouble_Sleeping_2,Yes,Doctors_2_3
Yes,Fair,Retired,Female,No,Very_Good,No,Good,Do_Not_Use,White_Non_Hispanic,Yes,Trouble_Sleeping_2,No,Doctors_2_3
Yes,Good,Retired,Male,No,Good,No,Good,Do_Not_Use,Hispanic,No,Trouble_Sleeping_2,No,Doctors_2_3
No,Very_Good,Working_Part_Time,Male,No,Excellent,No,Very_Good,Do_Not_Use,Other_Non_Hispanic,No,Trouble_Sleeping_3,Yes,Doctors_2_3
No,Very_Good,Retired,Female,No,Very_Good,No,Fair,Do_Not_Use,White_Non_Hispanic,No,Trouble_Sleeping_3,Yes,Doctors_2_3
Yes,Good,Retired,Female,No,Very_Good,No,Fair,Do_Not_Use,White_Non_Hispanic,No,Trouble_Sleeping_2,No,Doctors_2_3
No,Very_Good,Working_Full_Time,Female,No,Very_Good,No,Excellent,Do_Not_Use,White_Non_Hispanic,Yes,Trouble_Sleeping_2,No,Doctors_0_1
Yes,Very_Good,Retired,Female,No,Very_Good,No,Very_Good,Do_Not_Use,White_Non_Hispanic,No,Trouble_Sleeping_3,Yes,Doctors_4_Plus
Yes,Good,Retired,Male,No,Excellent,No,Very_Good,Do_Not_Use,Hispanic,No,Trouble_Sleeping_3,Yes,Doctors_2_3
No,Poor,Retired,Male,Yes,Excellent,Yes,Poor,Do_Not_Use,White_Non_Hispanic,No,Trouble_Sleeping_1,No,Doctors_0_1
No,Good,Retired,Male,No,Excellent,No,Good,Do_Not_Use,Black_Non_Hispanic,No,Trouble_Sleeping_3,Yes,Doctors_2_3
No,Very_Good,Retired,Male,No,Good,No,Good,Do_Not_Use,White_Non_Hispanic,No,Trouble_Sleeping_2,Yes,Doctors_2_3
Yes,Excellent,Retired,Female,No,Excellent,No,Excellent,Do_Not_Use,Hispanic,No,Trouble_Sleeping_2,No,Doctors_2_3
Yes,Fair,Retired,Male,No,Good,Yes,Good,Do_Not_Use,White_Non_Hispanic,No,Trouble_Sleeping_2,No,Doctors_0_1
No,Very_Good,Retired,Female,Yes,Good,No,Fair,Use_Regularly,White_Non_Hispanic,No,Trouble_Sleeping_3,Yes,Doctors_4_Plus
No,Good,Retired,Female,No,Good,No,Good,Use_Occasionally,White_Non_Hispanic,No,Trouble_Sleeping_1,Yes,Doctors_4_Plus
Yes,Very_Good,Retired,Male,Yes,Excellent,No,Very_Good,Do_Not_Use,White_Non_Hispanic,No,Trouble_Sleeping_3,Yes,Doctors_2_3
No,Excellent,Retired,Male,No,Excellent,No,Good,Do_Not_Use,White_Non_Hispanic,No,Trouble_Sleeping_3,Yes,Doctors_4_Plus
Yes,Very_Good,Retired,Male,No,Good,No,Good,Do_Not_Use,White_Non_Hispanic,No,Trouble_Sleeping_3,No,Doctors_2_3
No,Good,Retired,Female,No,Very_Good,No,Good,Do_Not_Use,White_Non_Hispanic,Yes,Trouble_Sleeping_1,No,Doctors_4_Plus
No,Very_Good,Retired,Female,No,Good,Yes,Fair,Do_Not_Use,White_Non_Hispanic,No,Trouble_Sleeping_2,No,Doctors_2_3
No,Refused,Retired,Female,No,Very_Good,No,Very_Good,Do_Not_Use,White_Non_Hispanic,No,Trouble_Sleeping_2,Yes,Doctors_2_3
Yes,Good,Retired,Female,No,Good,No,Good,Do_Not_Use,White_Non_Hispanic,Yes,Trouble_Sleeping_3,No,Doctors_2_3
Yes,Very_Good,Working_Full_Time,Female,No,Excellent,Yes,Good,Do_Not_Use,White_Non_Hispanic,Yes,Trouble_Sleeping_2,No,Doctors_4_Plus
No,,Retired,Male,No,Very_Good,No,Very_Good,Do_Not_Use,White_Non_Hispanic,Yes,Trouble_Sleeping_3,No,Doctors_2_3
No,Fair,Retired,Male,No,Good,No,Good,Do_Not_Use,White_Non_Hispanic,No,Trouble_Sleeping_2,Yes,Doctors_2_3
No,Very_Good,Retired,Female,No,Very_Good,No,Very_Good,Do_Not_Use,Hispanic,No,Trouble_Sleeping_3,Yes,Doctors_0_1
Yes,Good,Retired,Female,No,Good,Yes,Good,Use_Occasionally,White_Non_Hispanic,Yes,Trouble_Sleeping_2,No,Doctors_2_3
Yes,Good,Retired,Male,No,Excellent,Yes,Good,Do_Not_Use,White_Non_Hispanic,No,Trouble_Sleeping_3,No,Doctors_4_Plus
Yes,Good,Retired,Female,No,Very_Good,No,Very_Good,Do_Not_Use,White_Non_Hispanic,Yes,Trouble_Sleeping_2,Yes,Doctors_2_3
Yes,Fair,Retired,Female,Yes,Very_Good,No,Fair,Do_Not_Use,White_Non_Hispanic,No,Trouble_Sleeping_2,No,Doctors_4_Plus
Yes,Good,Retired,Male,No,Very_Good,No,Good,Do_Not_Use,Hispanic,No,Trouble_Sleeping_3,No,Doctors_0_1
No,Very_Good,Retired,Male,No,Good,No,Good,Do_Not_Use,White_Non_Hispanic,No,Trouble_Sleeping_3,Yes,Doctors_4_Plus
No,Good,Retired,Female,No,Very_Good,No,Excellent,Do_Not_Use,White_Non_Hispanic,No,Trouble_Sleeping_3,Yes,Doctors_2_3
No,,Working_Part_Time,Female,No,Fair,No,Fair,Do_Not_Use,White_Non_Hispanic,Yes,Trouble_Sleeping_3,No,Doctors_0_1
Yes,Good,Retired,Male,No,Very_Good,Yes,Good,Do_Not_Use,White_Non_Hispanic,No,Trouble_Sleeping_2,No,Doctors_0_1
No,Fair,Working_Full_Time,Male,No,Very_Good,No,Very_Good,Do_Not_Use,White_Non_Hispanic,No,Trouble_Sleeping_3,Yes,Doctors_4_Plus
No,Very_Good,Retired,Male,No,Very_Good,No,Very_Good,Do_Not_Use,Hispanic,No,Trouble_Sleeping_3,Yes,Doctors_2_3
Yes,Excellent,Retired,Female,No,Excellent,No,Very_Good,Do_Not_Use,White_Non_Hispanic,No,Trouble_Sleeping_2,Yes,Doctors_2_3
No,Very_Good,Retired,Male,No,Excellent,No,Very_Good,Do_Not_Use,White_Non_Hispanic,No,Trouble_Sleeping_1,No,Doctors_4_Plus
Yes,Very_Good,Retired,Female,No,Very_Good,Yes,Good,Do_Not_Use,White_Non_Hispanic,No,Trouble_Sleeping_1,No,Doctors_2_3
No,Good,Retired,Male,No,Excellent,No,Very_Good,Do_Not_Use,White_Non_Hispanic,No,Trouble_Sleeping_3,No,Doctors_2_3
No,Poor,Retired,Female,No,Excellent,No,Good,Do_Not_Use,White_Non_Hispanic,No,Trouble_Sleeping_3,Yes,Doctors_4_Plus
Yes,Very_Good,Retired,Female,No,Excellent,No,Good,Do_Not_Use,Black_Non_Hispanic,No,Trouble_Sleeping_3,No,Doctors_2_3
No,,Retired,Female,No,Very_Good,No,Good,Do_Not_Use,White_Non_Hispanic,No,Trouble_Sleeping_3,Yes,Doctors_0_1
No,Fair,Retired,Male,No,Very_Good,No,Very_Good,Do_Not_Use,White_Non_Hispanic,No,Trouble_Sleeping_3,Yes,Doctors_0_1
No,Very_Good,Not_Working,Female,No,Very_Good,No,Fair,Do_Not_Use,White_Non_Hispanic,Yes,Trouble_Sleeping_3,No,Doctors_4_Plus
No,Good,Retired,Female,No,Very_Good,No,Good,Do_Not_Use,White_Non_Hispanic,No,Trouble_Sleeping_3,Yes,Doctors_0_1
No,Very_Good,Retired,Female,No,Excellent,No,Very_Good,Do_Not_Use,White_Non_Hispanic,No,Trouble_Sleeping_3,No,Doctors_2_3
No,Very_Good,Working_Full_Time,Male,No,Excellent,No,Good,Do_Not_Use,White_Non_Hispanic,No,Trouble_Sleeping_3,Yes,Doctors_2_3
No,,Retired,Female,No,Very_Good,No,Good,Do_Not_Use,White_Non_Hispanic,No,Trouble_Sleeping_3,No,Doctors_4_Plus
No,Very_Good,Retired,Female,No,Very_Good,Yes,Very_Good,Do_Not_Use,White_Non_Hispanic,No,Trouble_Sleeping_3,No,Doctors_4_Plus
Yes,Excellent,Retired,Male,No,Excellent,Yes,Very_Good,Do_Not_Use,White_Non_Hispanic,No,Trouble_Sleeping_3,No,Doctors_2_3
Yes,Very_Good,Working_Full_Time,Male,No,Excellent,No,Very_Good,Do_Not_Use,White_Non_Hispanic,No,Trouble_Sleeping_3,Yes,Doctors_2_3
No,Fair,Retired,Female,No,Very_Good,No,Good,Do_Not_Use,White_Non_Hispanic,No,Trouble_Sleeping_2,Yes,Doctors_4_Plus
No,Excellent,Retired,Male,No,Excellent,No,Very_Good,Do_Not_Use,White_Non_Hispanic,No,Trouble_Sleeping_3,No,Doctors_2_3
Yes,Fair,Retired,Male,No,Very_Good,No,Very_Good,Use_Occasionally,White_Non_Hispanic,No,Trouble_Sleeping_3,Yes,Doctors_4_Plus
No,,Retired,Female,No,Poor,No,Fair,Use_Occasionally,White_Non_Hispanic,No,Trouble_Sleeping_3,Yes,Doctors_4_Plus
Yes,Excellent,Retired,Male,No,Very_Good,No,Very_Good,Do_Not_Use,White_Non_Hispanic,No,Trouble_Sleeping_3,No,Doctors_2_3
Yes,Good,Retired,Male,Yes,Poor,Yes,Poor,Use_Regularly,White_Non_Hispanic,Yes,Trouble_Sleeping_1,No,Doctors_4_Plus
No,Fair,Retired,Female,No,Good,No,Fair,Do_Not_Use,Hispanic,Yes,Trouble_Sleeping_3,No,Doctors_0_1
Yes,Good,Retired,Male,No,Very_Good,No,Fair,Do_Not_Use,White_Non_Hispanic,No,Trouble_Sleeping_3,No,Doctors_4_Plus
No,Fair,Retired,Female,No,Excellent,No,Good,Do_Not_Use,White_Non_Hispanic,No,Trouble_Sleeping_3,Yes,Doctors_2_3
No,Fair,Retired,Female,No,Good,No,Good,Do_Not_Use,Black_Non_Hispanic,No,Trouble_Sleeping_2,Yes,Doctors_0_1
No,Good,Retired,Female,No,Excellent,No,Very_Good,Do_Not_Use,Hispanic,Yes,Trouble_Sleeping_3,No,Doctors_2_3
Yes,Very_Good,Retired,Female,No,Good,No,Good,Do_Not_Use,White_Non_Hispanic,No,Trouble_Sleeping_3,No,Doctors_2_3
No,Very_Good,Working_Full_Time,Male,No,Good,No,Fair,Use_Regularly,White_Non_Hispanic,No,Trouble_Sleeping_3,No,Doctors_2_3
Yes,Poor,Retired,Female,No,Very_Good,No,Good,Do_Not_Use,Black_Non_Hispanic,No,Trouble_Sleeping_2,Yes,Doctors_2_3
Yes,Excellent,Retired,Female,No,Good,Yes,Fair,Do_Not_Use,White_Non_Hispanic,Yes,Trouble_Sleeping_3,No,Doctors_2_3
No,Excellent,Retired,Male,No,Excellent,No,Very_Good,Do_Not_Use,White_Non_Hispanic,No,Trouble_Sleeping_3,Yes,Doctors_0_1
No,Excellent,Retired,Female,No,Very_Good,No,Good,Do_Not_Use,Hispanic,No,Trouble_Sleeping_2,Yes,Doctors_4_Plus
Yes,Very_Good,Retired,Female,No,Excellent,Yes,Fair,Do_Not_Use,White_Non_Hispanic,No,Trouble_Sleeping_2,No,Doctors_2_3
Yes,Poor,Not_Working,Female,No,Good,Yes,Poor,Use_Occasionally,Hispanic,Yes,Trouble_Sleeping_1,No,Doctors_4_Plus
Yes,Very_Good,Working_Part_Time,Female,No,Very_Good,No,Very_Good,Do_Not_Use,White_Non_Hispanic,No,Trouble_Sleeping_3,No,Doctors_2_3
Yes,Fair,Working_Part_Time,Male,No,Excellent,No,Very_Good,Do_Not_Use,Other_Non_Hispanic,No,Trouble_Sleeping_2,Yes,Doctors_4_Plus
Yes,Fair,Retired,Female,No,Fair,No,Fair,Do_Not_Use,Hispanic,Yes,Trouble_Sleeping_2,No,Doctors_2_3
Yes,Excellent,Retired,Female,No,Excellent,No,Very_Good,Do_Not_Use,White_Non_Hispanic,Yes,Trouble_Sleeping_3,No,Doctors_2_3
No,,Retired,Male,No,Good,No,Fair,Do_Not_Use,White_Non_Hispanic,No,Trouble_Sleeping_2,No,Doctors_4_Plus
No,Excellent,Retired,Male,No,Very_Good,No,Excellent,Do_Not_Use,White_Non_Hispanic,No,Trouble_Sleeping_2,Yes,Doctors_2_3
No,Very_Good,Retired,Female,No,Very_Good,No,Very_Good,Do_Not_Use,White_Non_Hispanic,Yes,Trouble_Sleeping_2,No,Doctors_2_3
No,Good,Not_Working,Female,No,Good,No,Good,Do_Not_Use,White_Non_Hispanic,No,Trouble_Sleeping_1,Yes,Doctors_4_Plus
Yes,Fair,Retired,Female,No,Very_Good,Yes,Poor,Do_Not_Use,White_Non_Hispanic,No,Trouble_Sleeping_2,No,Doctors_4_Plus
Yes,Very_Good,Working_Full_Time,Male,No,Very_Good,No,Very_Good,Do_Not_Use,Other_Non_Hispanic,No,Trouble_Sleeping_3,Yes,Doctors_0_1
Yes,Very_Good,Retired,Female,No,Very_Good,No,Very_Good,Do_Not_Use,Hispanic,Yes,Trouble_Sleeping_2,No,Doctors_0_1
No,Very_Good,Retired,Female,No,Very_Good,No,Very_Good,Do_Not_Use,Black_Non_Hispanic,No,Trouble_Sleeping_3,No,Doctors_0_1
No,,Retired,Male,No,Good,Yes,Fair,Do_Not_Use,Hispanic,Yes,Trouble_Sleeping_2,No,Doctors_2_3
Yes,Very_Good,Retired,Female,No,Very_Good,Yes,Very_Good,Do_Not_Use,White_Non_Hispanic,No,Trouble_Sleeping_2,No,Doctors_2_3
Yes,Fair,Retired,Female,Yes,Good,No,Good,Do_Not_Use,White_Non_Hispanic,No,Trouble_Sleeping_1,No,Doctors_2_3
No,Good,Not_Working,Female,No,Excellent,No,Good,Do_Not_Use,White_Non_Hispanic,No,Trouble_Sleeping_2,Yes,Doctors_0_1
Yes,Good,Working_Part_Time,Male,No,Excellent,No,Very_Good,Do_Not_Use,White_Non_Hispanic,No,Trouble_Sleeping_2,Yes,Doctors_2_3
Yes,Fair,Retired,Female,No,Very_Good,No,Very_Good,Do_Not_Use,White_Non_Hispanic,No,Trouble_Sleeping_3,No,Doctors_0_1
No,Very_Good,Working_Part_Time,Female,No,Excellent,No,Very_Good,Do_Not_Use,White_Non_Hispanic,No,Trouble_Sleeping_3,Yes,Doctors_2_3
No,Poor,Retired,Female,No,Very_Good,No,Good,Do_Not_Use,White_Non_Hispanic,Yes,Trouble_Sleeping_2,Yes,Doctors_4_Plus
No,Good,Retired,Male,No,Excellent,No,Good,Use_Regularly,White_Non_Hispanic,No,Trouble_Sleeping_1,Yes,Doctors_2_3
Yes,Very_Good,Retired,Female,No,Good,No,Good,Use_Occasionally,White_Non_Hispanic,Yes,Trouble_Sleeping_2,No,Doctors_4_Plus
No,Fair,Retired,Female,No,Excellent,No,Fair,Do_Not_Use,White_Non_Hispanic,No,Trouble_Sleeping_2,No,Doctors_4_Plus
No,Excellent,Working_Part_Time,Female,No,Very_Good,No,Very_Good,Do_Not_Use,White_Non_Hispanic,No,Trouble_Sleeping_3,No,Doctors_4_Plus
No,Good,Retired,Female,No,Good,No,Good,Do_Not_Use,Hispanic,No,Trouble_Sleeping_3,No,Doctors_2_3
Yes,Fair,Retired,Male,No,Good,Yes,Fair,Do_Not_Use,White_Non_Hispanic,No,Trouble_Sleeping_2,Yes,Doctors_2_3
No,Good,Retired,Male,No,Excellent,No,Very_Good,Do_Not_Use,White_Non_Hispanic,No,Trouble_Sleeping_3,Yes,Doctors_0_1
Yes,,Working_Full_Time,Male,No,Very_Good,Yes,Good,Do_Not_Use,Black_Non_Hispanic,No,Trouble_Sleeping_2,No,Doctors_4_Plus
Yes,Very_Good,Working_Full_Time,Male,No,Excellent,No,Excellent,Do_Not_Use,White_Non_Hispanic,No,Trouble_Sleeping_3,No,Doctors_0_1
Yes,Very_Good,Working_Part_Time,Female,No,Excellent,No,Excellent,Do_Not_Use,White_Non_Hispanic,No,Trouble_Sleeping_2,No,Doctors_0_1
Yes,Fair,Working_Full_Time,Male,No,Very_Good,No,Excellent,Do_Not_Use,White_Non_Hispanic,No,Trouble_Sleeping_2,No,Doctors_2_3
Yes,Fair,Retired,Female,No,Very_Good,No,Excellent,Do_Not_Use,White_Non_Hispanic,Yes,Trouble_Sleeping_3,No,Doctors_2_3
Yes,Poor,Retired,Female,No,Excellent,No,Good,Do_Not_Use,White_Non_Hispanic,No,Trouble_Sleeping_2,No,Doctors_4_Plus
No,Very_Good,Retired,Female,No,Excellent,No,Very_Good,Do_Not_Use,White_Non_Hispanic,No,Trouble_Sleeping_3,Yes,Doctors_0_1
No,Very_Good,Retired,Female,No,Very_Good,No,Good,Do_Not_Use,White_Non_Hispanic,No,Trouble_Sleeping_2,Yes,Doctors_2_3
Yes,Very_Good,Retired,Male,No,Fair,No,Good,Do_Not_Use,White_Non_Hispanic,Yes,Trouble_Sleeping_2,Yes,Doctors_2_3
No,Very_Good,Retired,Female,No,Very_Good,No,Good,Do_Not_Use,White_Non_Hispanic,No,Trouble_Sleeping_2,Yes,Doctors_2_3
Yes,Fair,Retired,Male,No,Excellent,No,Very_Good,Do_Not_Use,Black_Non_Hispanic,No,Trouble_Sleeping_2,No,Doctors_2_3
No,Excellent,Retired,Female,No,Good,No,Very_Good,Use_Occasionally,White_Non_Hispanic,No,Trouble_Sleeping_1,Yes,Doctors_4_Plus
Yes,Excellent,Working_Full_Time,Male,No,Excellent,No,Very_Good,Do_Not_Use,White_Non_Hispanic,No,Trouble_Sleeping_2,No,Doctors_4_Plus
No,Fair,Retired,Male,No,Good,No,Good,Do_Not_Use,White_Non_Hispanic,No,Trouble_Sleeping_3,Yes,Doctors_0_1
Yes,Very_Good,Retired,Male,No,Excellent,No,Very_Good,Do_Not_Use,White_Non_Hispanic,No,Trouble_Sleeping_3,No,Doctors_4_Plus
Yes,Excellent,Retired,Male,Yes,Excellent,No,Good,Do_Not_Use,White_Non_Hispanic,No,Trouble_Sleeping_3,No,Doctors_4_Plus
No,,Retired,Female,No,Good,No,Fair,Do_Not_Use,White_Non_Hispanic,No,Trouble_Sleeping_3,Yes,Doctors_2_3
Yes,Very_Good,Retired,Female,No,Very_Good,No,Very_Good,Do_Not_Use,White_Non_Hispanic,No,Trouble_Sleeping_3,Yes,Doctors_2_3
Yes,Good,Retired,Male,No,Excellent,No,Good,Do_Not_Use,White_Non_Hispanic,No,Trouble_Sleeping_3,No,Doctors_2_3
No,Poor,Not_Working,Female,No,Excellent,Yes,Good,Do_Not_Use,Black_Non_Hispanic,Yes,Trouble_Sleeping_1,No,Doctors_4_Plus
No,Excellent,Retired,Female,No,Excellent,No,Excellent,Do_Not_Use,White_Non_Hispanic,No,Trouble_Sleeping_2,Yes,Doctors_0_1
No,Very_Good,Retired,Female,No,Very_Good,No,Very_Good,Do_Not_Use,White_Non_Hispanic,No,Trouble_Sleeping_3,Yes,Doctors_0_1
No,Poor,Retired,Male,No,Good,Yes,Poor,Use_Occasionally,White_Non_Hispanic,No,Trouble_Sleeping_2,No,Doctors_0_1
Yes,Excellent,Retired,Female,No,Good,No,Good,Do_Not_Use,White_Non_Hispanic,Yes,Trouble_Sleeping_3,No,Doctors_4_Plus
No,Very_Good,Retired,Female,No,Very_Good,No,Very_Good,Do_Not_Use,White_Non_Hispanic,No,Trouble_Sleeping_2,Yes,Doctors_2_3
No,Fair,Retired,Male,No,Very_Good,No,Good,Do_Not_Use,Black_Non_Hispanic,No,Trouble_Sleeping_3,No,Doctors_2_3
No,Very_Good,Retired,Female,No,Very_Good,No,Good,Do_Not_Use,White_Non_Hispanic,Yes,Trouble_Sleeping_3,No,Doctors_4_Plus
Yes,Very_Good,Retired,Male,No,Very_Good,No,Very_Good,Do_Not_Use,White_Non_Hispanic,Yes,Trouble_Sleeping_3,No,Doctors_2_3
Yes,Good,Working_Part_Time,Female,No,Good,No,Very_Good,Do_Not_Use,White_Non_Hispanic,No,Trouble_Sleeping_3,No,Doctors_4_Plus
No,Good,Retired,Female,No,Good,No,Good,Do_Not_Use,White_Non_Hispanic,No,Trouble_Sleeping_3,Yes,Doctors_0_1
No,,Retired,Male,No,Very_Good,Yes,Fair,Use_Regularly,White_Non_Hispanic,No,Trouble_Sleeping_2,No,Doctors_4_Plus
No,Good,Retired,Female,Yes,Excellent,Yes,Very_Good,Do_Not_Use,Black_Non_Hispanic,No,Trouble_Sleeping_2,No,Doctors_2_3
Yes,Good,Retired,Female,No,Good,No,Good,Do_Not_Use,White_Non_Hispanic,Yes,Trouble_Sleeping_2,No,Doctors_2_3
No,Good,Working_Part_Time,Female,No,Very_Good,No,Excellent,Do_Not_Use,Hispanic,Yes,Trouble_Sleeping_3,No,Doctors_0_1
No,Fair,Retired,Male,No,Fair,No,Good,Do_Not_Use,Two_or_More_Races,Yes,Trouble_Sleeping_3,Yes,Doctors_4_Plus
No,Fair,Retired,Female,No,Very_Good,No,Good,Do_Not_Use,White_Non_Hispanic,No,Trouble_Sleeping_3,Yes,Doctors_2_3
No,,Retired,Female,No,Very_Good,No,Good,Do_Not_Use,White_Non_Hispanic,No,Trouble_Sleeping_2,Yes,Doctors_4_Plus
No,Very_Good,Working_Part_Time,Male,No,Excellent,No,Very_Good,Do_Not_Use,White_Non_Hispanic,No,Trouble_Sleeping_2,Yes,Doctors_4_Plus
Yes,,Retired,Female,No,Good,Yes,Poor,Do_Not_Use,White_Non_Hispanic,No,Trouble_Sleeping_2,No,Doctors_2_3
No,Very_Good,Retired,Female,No,Good,No,Very_Good,Do_Not_Use,White_Non_Hispanic,Yes,Trouble_Sleeping_2,No,Doctors_2_3
No,Fair,Retired,Male,No,Good,Yes,Poor,Do_Not_Use,White_Non_Hispanic,Yes,Trouble_Sleeping_1,No,Doctors_4_Plus
No,Good,Working_Full_Time,Female,No,Very_Good,No,Very_Good,Do_Not_Use,White_Non_Hispanic,No,Trouble_Sleeping_2,No,Doctors_2_3
Yes,Poor,Retired,Female,No,Refused,No,Fair,Do_Not_Use,Hispanic,No,Trouble_Sleeping_3,No,Doctors_2_3
Yes,Excellent,Retired,Female,No,Excellent,No,Very_Good,Do_Not_Use,White_Non_Hispanic,No,Trouble_Sleeping_3,No,Doctors_2_3
Yes,Very_Good,Retired,Male,No,Very_Good,No,Very_Good,Do_Not_Use,White_Non_Hispanic,No,Trouble_Sleeping_2,Yes,Doctors_4_Plus
No,Very_Good,Retired,Male,No,Very_Good,No,Very_Good,Do_Not_Use,Black_Non_Hispanic,No,Trouble_Sleeping_3,Yes,Doctors_2_3
Yes,,Working_Full_Time,Female,No,Very_Good,Yes,Fair,Do_Not_Use,White_Non_Hispanic,No,Trouble_Sleeping_3,No,Doctors_2_3
No,Fair,Retired,Male,No,Good,No,Fair,Do_Not_Use,Other_Non_Hispanic,No,Trouble_Sleeping_3,No,Doctors_4_Plus
Yes,Very_Good,Retired,Female,No,Refused,No,Good,Use_Occasionally,Hispanic,No,Trouble_Sleeping_2,No,Doctors_2_3
No,Fair,Working_Part_Time,Male,No,Very_Good,No,Good,Do_Not_Use,White_Non_Hispanic,No,Trouble_Sleeping_2,Yes,Doctors_0_1
No,Fair,Retired,Male,No,Excellent,No,Very_Good,Do_Not_Use,Black_Non_Hispanic,Yes,Trouble_Sleeping_1,No,Doctors_0_1
Yes,Fair,Retired,Female,No,Fair,Yes,Good,Do_Not_Use,White_Non_Hispanic,Yes,Trouble_Sleeping_1,No,Doctors_4_Plus
Yes,Very_Good,Working_Full_Time,Male,No,Excellent,No,Excellent,Do_Not_Use,White_Non_Hispanic,Yes,Trouble_Sleeping_3,No,Doctors_4_Plus
Yes,Very_Good,Retired,Female,No,Very_Good,No,Good,Do_Not_Use,White_Non_Hispanic,No,Trouble_Sleeping_3,No,Doctors_2_3
No,Excellent,Retired,Female,No,Excellent,No,Good,Do_Not_Use,White_Non_Hispanic,No,Trouble_Sleeping_3,Yes,Doctors_2_3
Yes,Poor,Retired,Female,Yes,Good,No,Fair,Do_Not_Use,White_Non_Hispanic,No,Trouble_Sleeping_1,No,Doctors_4_Plus
No,Good,Retired,Female,No,Good,Yes,Fair,Do_Not_Use,White_Non_Hispanic,No,Trouble_Sleeping_2,Yes,Doctors_2_3
Yes,Poor,Retired,Male,No,Good,Yes,Fair,Do_Not_Use,White_Non_Hispanic,No,Trouble_Sleeping_3,No,Doctors_0_1
No,,Not_Working,Male,No,Very_Good,No,Fair,Do_Not_Use,Black_Non_Hispanic,No,Trouble_Sleeping_3,Yes,Doctors_2_3
Yes,Very_Good,Retired,Female,No,Excellent,No,Very_Good,Do_Not_Use,White_Non_Hispanic,No,Trouble_Sleeping_2,Yes,Doctors_2_3
No,Good,Working_Part_Time,Female,No,Very_Good,No,Good,Do_Not_Use,Black_Non_Hispanic,No,Trouble_Sleeping_3,Yes,Doctors_0_1
No,Good,Retired,Female,No,Excellent,No,Good,Do_Not_Use,Black_Non_Hispanic,No,Trouble_Sleeping_2,Yes,Doctors_4_Plus
No,Fair,Working_Part_Time,Male,Yes,Very_Good,Yes,Very_Good,Do_Not_Use,White_Non_Hispanic,Yes,Trouble_Sleeping_2,No,Doctors_2_3
Yes,Good,Working_Full_Time,Female,No,Fair,No,Good,Do_Not_Use,Hispanic,No,Trouble_Sleeping_3,No,Doctors_0_1
Yes,Good,Retired,Female,No,Excellent,No,Good,Do_Not_Use,Black_Non_Hispanic,No,Trouble_Sleeping_3,No,Doctors_2_3
Yes,Good,Retired,Female,No,Very_Good,Yes,Good,Do_Not_Use,White_Non_Hispanic,No,Trouble_Sleeping_2,No,Doctors_2_3
No,Poor,Retired,Female,No,Fair,No,Fair,Do_Not_Use,Hispanic,No,Trouble_Sleeping_3,Yes,Doctors_2_3
Yes,Good,Retired,Female,No,Very_Good,No,Fair,Do_Not_Use,Black_Non_Hispanic,Yes,Trouble_Sleeping_3,No,Doctors_2_3
No,Good,Retired,Female,No,Very_Good,No,Good,Do_Not_Use,White_Non_Hispanic,No,Trouble_Sleeping_2,Yes,Doctors_4_Plus
No,Fair,Retired,Male,No,Fair,No,Fair,Do_Not_Use,Other_Non_Hispanic,Yes,Trouble_Sleeping_2,No,Doctors_4_Plus
No,Refused,Working_Full_Time,Male,Yes,Fair,Yes,Fair,Use_Regularly,Other_Non_Hispanic,Yes,Trouble_Sleeping_2,No,Doctors_2_3
Yes,Fair,Working_Full_Time,Female,No,Good,No,Good,Do_Not_Use,Hispanic,No,Trouble_Sleeping_3,No,Doctors_2_3
No,Very_Good,Retired,Male,No,Very_Good,No,Very_Good,Do_Not_Use,White_Non_Hispanic,No,Trouble_Sleeping_3,Yes,Doctors_2_3
No,Excellent,Retired,Female,No,Excellent,No,Very_Good,Do_Not_Use,White_Non_Hispanic,No,Trouble_Sleeping_3,Yes,Doctors_4_Plus
Yes,Good,Retired,Female,No,Very_Good,No,Good,Do_Not_Use,White_Non_Hispanic,No,Trouble_Sleeping_3,Yes,Doctors_4_Plus
Yes,Very_Good,Retired,Female,Yes,Very_Good,Yes,Good,Do_Not_Use,Black_Non_Hispanic,No,Trouble_Sleeping_3,No,Doctors_4_Plus
No,,Retired,Female,No,Good,No,Good,Do_Not_Use,White_Non_Hispanic,No,Trouble_Sleeping_3,Yes,Doctors_0_1
Yes,Good,Working_Part_Time,Female,No,Excellent,No,Very_Good,Do_Not_Use,White_Non_Hispanic,Yes,Trouble_Sleeping_3,No,Doctors_2_3
Yes,Very_Good,Retired,Male,No,Excellent,No,Very_Good,Do_Not_Use,White_Non_Hispanic,No,Trouble_Sleeping_3,Yes,Doctors_4_Plus
Yes,,Retired,Male,No,Very_Good,No,Fair,Do_Not_Use,White_Non_Hispanic,No,Trouble_Sleeping_3,No,Doctors_2_3
No,Very_Good,Retired,Female,No,Very_Good,No,Very_Good,Use_Regularly,White_Non_Hispanic,No,Trouble_Sleeping_1,Yes,Doctors_2_3
Yes,Poor,Retired,Female,No,Fair,Yes,Fair,Do_Not_Use,White_Non_Hispanic,Yes,Trouble_Sleeping_2,No,Doctors_4_Plus
Yes,Good,Retired,Male,No,Excellent,No,Good,Do_Not_Use,White_Non_Hispanic,No,Trouble_Sleeping_2,No,Doctors_4_Plus
No,Good,Retired,Female,No,Very_Good,No,Very_Good,Do_Not_Use,White_Non_Hispanic,Yes,Trouble_Sleeping_2,No,Doctors_4_Plus
No,Very_Good,Retired,Male,Yes,Very_Good,No,Very_Good,Use_Regularly,Hispanic,No,Trouble_Sleeping_2,No,Doctors_0_1
No,Very_Good,Retired,Female,No,Excellent,No,Excellent,Do_Not_Use,White_Non_Hispanic,Yes,Trouble_Sleeping_2,No,Doctors_2_3
Yes,Fair,Retired,Female,No,Very_Good,No,Good,Do_Not_Use,Black_Non_Hispanic,No,Trouble_Sleeping_3,Yes,Doctors_2_3
Yes,Good,Retired,Male,No,Excellent,No,Very_Good,Do_Not_Use,White_Non_Hispanic,No,Trouble_Sleeping_3,No,Doctors_4_Plus
Yes,Poor,Retired,Male,No,Good,No,Fair,Do_Not_Use,White_Non_Hispanic,No,Trouble_Sleeping_2,Yes,Doctors_4_Plus
Yes,Excellent,Working_Part_Time,Male,No,Excellent,No,Very_Good,Do_Not_Use,White_Non_Hispanic,No,Trouble_Sleeping_3,Yes,Doctors_4_Plus
Yes,Very_Good,Retired,Female,No,Very_Good,Yes,Fair,Do_Not_Use,White_Non_Hispanic,No,Trouble_Sleeping_-1,No,Doctors_4_Plus
Yes,Very_Good,Retired,Male,No,Excellent,No,Very_Good,Do_Not_Use,White_Non_Hispanic,No,Trouble_Sleeping_3,No,Doctors_2_3
Yes,Very_Good,Retired,Male,No,Very_Good,No,Very_Good,Do_Not_Use,Black_Non_Hispanic,No,Trouble_Sleeping_3,No,Doctors_2_3
Yes,Very_Good,Retired,Male,No,Very_Good,No,Very_Good,Do_Not_Use,White_Non_Hispanic,No,Trouble_Sleeping_3,No,Doctors_2_3
No,Very_Good,Working_Part_Time,Female,No,Very_Good,No,Very_Good,Do_Not_Use,White_Non_Hispanic,Yes,Trouble_Sleeping_2,Yes,Doctors_4_Plus
No,Good,Retired,Male,No,Very_Good,No,Fair,Do_Not_Use,White_Non_Hispanic,No,Trouble_Sleeping_3,No,Doctors_4_Plus
Yes,Good,Retired,Female,No,Excellent,Yes,Good,Do_Not_Use,White_Non_Hispanic,Yes,Trouble_Sleeping_3,Yes,Doctors_4_Plus
Yes,Very_Good,Working_Full_Time,Male,No,Very_Good,Yes,Good,Do_Not_Use,White_Non_Hispanic,Yes,Trouble_Sleeping_2,No,Doctors_2_3
