Physical_Health,Mental_Health,Dental_Health,Employment,Stress_Keeps_Patient_from_Sleeping,Medication_Keeps_Patient_from_Sleeping,Pain_Keeps_Patient_from_Sleeping,Bathroom_Needs_Keeps_Patient_from_Sleeping,Uknown_Keeps_Patient_from_Sleeping,Trouble_Sleeping,Prescription_Sleep_Medication,Race,Gender,Number_of_Doctors_Visited
Fair,Good,Good,Retired,No,No,No,No,Yes,Trouble_Sleeping_2,Do_Not_Use,White_Non_Hispanic,Female,Doctors_4_Plus
Fair,Very_Good,Good,Retired,Yes,No,No,Yes,No,Trouble_Sleeping_3,Do_Not_Use,White_Non_Hispanic,Male,Doctors_2_3
Good,Very_Good,Good,Retired,No,No,No,No,Yes,Trouble_Sleeping_3,Do_Not_Use,Hispanic,Male,Doctors_4_Plus
Good,Very_Good,Good,Retired,No,No,No,Yes,No,Trouble_Sleeping_3,Do_Not_Use,Hispanic,Female,Doctors_0_1
Good,Good,Good,Retired,Yes,No,No,No,No,Trouble_Sleeping_2,Do_Not_Use,White_Non_Hispanic,Female,Doctors_4_Plus
Good,Very_Good,Fair,Retired,No,No,No,Yes,No,Trouble_Sleeping_3,Do_Not_Use,White_Non_Hispanic,Male,Doctors_2_3
Fair,Excellent,Excellent,Retired,No,No,Yes,Yes,No,Trouble_Sleeping_2,Use_Regularly,White_Non_Hispanic,Male,Doctors_4_Plus
Good,Very_Good,,Retired,Yes,No,No,No,No,Trouble_Sleeping_3,Do_Not_Use,White_Non_Hispanic,Male,Doctors_2_3
Good,Excellent,Very_Good,Retired,No,No,Yes,Yes,No,Trouble_Sleeping_3,Do_Not_Use,White_Non_Hispanic,Female,Doctors_2_3
Very_Good,Excellent,Good,Working_Full_Time,No,No,No,No,Yes,Trouble_Sleeping_3,Do_Not_Use,White_Non_Hispanic,Male,Doctors_0_1
Good,Excellent,Very_Good,Working_Full_Time,No,No,No,No,Yes,Trouble_Sleeping_3,Do_Not_Use,White_Non_Hispanic,Male,Doctors_2_3
Good,Very_Good,Poor,Working_Part_Time,No,No,No,Yes,No,Trouble_Sleeping_3,Do_Not_Use,White_Non_Hispanic,Male,Doctors_2_3
Fair,Good,Fair,Retired,No,No,No,Yes,No,Trouble_Sleeping_3,Do_Not_Use,White_Non_Hispanic,Male,Doctors_0_1
Good,Very_Good,Good,Retired,Yes,No,No,Yes,No,Trouble_Sleeping_2,Do_Not_Use,White_Non_Hispanic,Female,Doctors_2_3
Good,Excellent,Excellent,Retired,No,No,No,No,Yes,Trouble_Sleeping_1,Do_Not_Use,White_Non_Hispanic,Male,Doctors_4_Plus
Good,Good,Very_Good,Retired,No,No,No,Yes,No,Trouble_Sleeping_3,Do_Not_Use,White_Non_Hispanic,Male,Doctors_4_Plus
Fair,Good,Very_Good,Retired,No,No,Yes,Yes,No,Trouble_Sleeping_2,Do_Not_Use,White_Non_Hispanic,Male,Doctors_2_3
Fair,Good,Fair,Retired,No,No,No,Yes,No,Trouble_Sleeping_3,Do_Not_Use,White_Non_Hispanic,Female,Doctors_4_Plus
Good,Excellent,Good,Working_Part_Time,No,No,No,No,No,Trouble_Sleeping_3,Do_Not_Use,White_Non_Hispanic,Male,Doctors_2_3
Good,Very_Good,Good,Retired,No,No,No,Yes,No,Trouble_Sleeping_3,Do_Not_Use,Black_Non_Hispanic,Male,Doctors_2_3
Good,Very_Good,Good,Retired,Yes,No,Yes,Yes,No,Trouble_Sleeping_2,Do_Not_Use,White_Non_Hispanic,Male,Doctors_4_Plus
Very_Good,Excellent,Very_Good,Retired,No,No,Yes,Yes,No,Trouble_Sleeping_3,Use_Occasionally,White_Non_Hispanic,Female,Doctors_4_Plus
Very_Good,Very_Good,Very_Good,Retired,No,No,No,No,No,Trouble_Sleeping_2,Do_Not_Use,White_Non_Hispanic,Male,Doctors_0_1
Fair,Very_Good,,Retired,No,No,No,Yes,Yes,Trouble_Sleeping_3,Use_Regularly,Black_Non_Hispanic,Female,Doctors_2_3
Fair,Good,Poor,Retired,No,No,No,No,No,Trouble_Sleeping_2,Do_Not_Use,White_Non_Hispanic,Female,Doctors_4_Plus
Good,Excellent,Good,Retired,Yes,No,No,Yes,No,Trouble_Sleeping_2,Do_Not_Use,White_Non_Hispanic,Female,Doctors_4_Plus
Fair,Excellent,Poor,Retired,Yes,No,Yes,No,No,Trouble_Sleeping_1,Do_Not_Use,White_Non_Hispanic,Male,Doctors_2_3
Good,Very_Good,,Working_Part_Time,Yes,No,No,No,No,Trouble_Sleeping_3,Do_Not_Use,White_Non_Hispanic,Female,Doctors_2_3
Very_Good,Excellent,Good,Retired,No,No,No,No,Yes,Trouble_Sleeping_3,Do_Not_Use,White_Non_Hispanic,Female,Doctors_2_3
Good,Excellent,,Retired,No,No,No,No,Yes,Trouble_Sleeping_2,Do_Not_Use,White_Non_Hispanic,Female,Doctors_4_Plus
Very_Good,Excellent,Very_Good,Retired,No,No,No,Yes,Yes,Trouble_Sleeping_3,Do_Not_Use,White_Non_Hispanic,Male,Doctors_0_1
Very_Good,Very_Good,Very_Good,Retired,No,No,Yes,Yes,Yes,Trouble_Sleeping_3,Do_Not_Use,White_Non_Hispanic,Female,Doctors_0_1
Very_Good,Very_Good,Good,Retired,No,No,No,Yes,No,Trouble_Sleeping_3,Do_Not_Use,White_Non_Hispanic,Male,Doctors_0_1
Very_Good,Excellent,Excellent,Retired,No,No,No,No,Yes,Trouble_Sleeping_1,Do_Not_Use,White_Non_Hispanic,Female,Doctors_4_Plus
Very_Good,Excellent,Very_Good,Retired,No,No,No,Yes,No,Trouble_Sleeping_3,Do_Not_Use,White_Non_Hispanic,Female,Doctors_2_3
Very_Good,Excellent,Fair,Working_Part_Time,No,No,No,Yes,No,Trouble_Sleeping_3,Do_Not_Use,White_Non_Hispanic,Female,Doctors_4_Plus
Good,Very_Good,Very_Good,Retired,No,No,No,No,No,Trouble_Sleeping_3,Do_Not_Use,White_Non_Hispanic,Female,Doctors_2_3
Good,Good,Good,Working_Part_Time,Yes,No,No,No,No,Trouble_Sleeping_3,Do_Not_Use,White_Non_Hispanic,Male,Doctors_2_3
Very_Good,Very_Good,Good,Working_Part_Time,No,No,No,No,Yes,Trouble_Sleeping_2,Use_Occasionally,White_Non_Hispanic,Female,Doctors_0_1
Very_Good,Very_Good,Very_Good,Retired,No,No,No,No,Yes,Trouble_Sleeping_3,Do_Not_Use,White_Non_Hispanic,Female,Doctors_4_Plus
Good,Good,Excellent,Retired,No,No,No,No,Yes,Trouble_Sleeping_2,Do_Not_Use,White_Non_Hispanic,Male,Doctors_2_3
Fair,Good,Poor,Retired,Yes,No,No,No,No,Trouble_Sleeping_2,Use_Occasionally,White_Non_Hispanic,Male,Doctors_2_3
Fair,Very_Good,Good,Retired,No,No,No,No,Yes,Trouble_Sleeping_3,Do_Not_Use,White_Non_Hispanic,Male,Doctors_2_3
Good,Very_Good,Very_Good,Retired,No,No,No,No,Yes,Trouble_Sleeping_3,Do_Not_Use,White_Non_Hispanic,Female,Doctors_4_Plus
Very_Good,Excellent,Fair,Retired,No,No,No,No,Yes,Trouble_Sleeping_3,Do_Not_Use,White_Non_Hispanic,Female,Doctors_2_3
Good,Good,Good,Retired,No,No,No,No,Yes,Trouble_Sleeping_3,Do_Not_Use,White_Non_Hispanic,Female,Doctors_0_1
Good,Very_Good,Good,Retired,No,No,No,No,Yes,Trouble_Sleeping_3,Do_Not_Use,White_Non_Hispanic,Female,Doctors_2_3
Very_Good,Excellent,Fair,Working_Part_Time,No,No,No,No,Yes,Trouble_Sleeping_2,Do_Not_Use,White_Non_Hispanic,Female,Doctors_2_3
Good,Excellent,Excellent,Retired,No,No,No,Yes,No,Trouble_Sleeping_3,Do_Not_Use,White_Non_Hispanic,Female,Doctors_4_Plus
Fair,Good,Poor,Retired,Yes,No,No,Yes,No,Trouble_Sleeping_2,Use_Regularly,White_Non_Hispanic,Male,Doctors_2_3
Very_Good,Excellent,Excellent,Retired,Yes,No,No,No,No,Trouble_Sleeping_2,Do_Not_Use,White_Non_Hispanic,Female,Doctors_2_3
Very_Good,Excellent,Good,Retired,No,No,No,Yes,No,Trouble_Sleeping_3,Do_Not_Use,White_Non_Hispanic,Male,Doctors_2_3
Good,Very_Good,Fair,Retired,Yes,No,No,No,No,Trouble_Sleeping_1,Use_Regularly,Black_Non_Hispanic,Male,Doctors_2_3
Good,Very_Good,Very_Good,Retired,No,No,No,No,Yes,Trouble_Sleeping_3,Do_Not_Use,White_Non_Hispanic,Male,Doctors_4_Plus
Very_Good,Excellent,Good,Retired,No,No,No,Yes,No,Trouble_Sleeping_3,Do_Not_Use,White_Non_Hispanic,Female,Doctors_2_3
Fair,Fair,Fair,Retired,No,No,No,No,Yes,Trouble_Sleeping_1,Do_Not_Use,White_Non_Hispanic,Female,Doctors_2_3
Very_Good,Very_Good,Very_Good,Retired,No,No,No,No,Yes,Trouble_Sleeping_3,Do_Not_Use,White_Non_Hispanic,Female,Doctors_2_3
Fair,Excellent,Good,Retired,No,No,No,No,Yes,Trouble_Sleeping_1,Do_Not_Use,White_Non_Hispanic,Female,Doctors_2_3
Poor,Excellent,Very_Good,Retired,No,No,Yes,Yes,No,Trouble_Sleeping_3,Do_Not_Use,White_Non_Hispanic,Male,Doctors_4_Plus
Very_Good,Excellent,Excellent,Retired,No,No,Yes,Yes,No,Trouble_Sleeping_2,Use_Occasionally,White_Non_Hispanic,Male,Doctors_4_Plus
Good,Very_Good,Very_Good,Retired,Yes,No,No,Yes,No,Trouble_Sleeping_3,Do_Not_Use,Two_or_More_Races,Male,Doctors_4_Plus
Very_Good,Very_Good,Excellent,Working_Full_Time,Yes,No,No,Yes,No,Trouble_Sleeping_3,Do_Not_Use,White_Non_Hispanic,Female,Doctors_2_3
Very_Good,Excellent,Very_Good,Retired,No,No,No,Yes,Yes,Trouble_Sleeping_3,Do_Not_Use,White_Non_Hispanic,Female,Doctors_0_1
Very_Good,Very_Good,Excellent,Retired,No,No,No,No,Yes,Trouble_Sleeping_1,Do_Not_Use,White_Non_Hispanic,Female,Doctors_2_3
Fair,Good,Good,Retired,Yes,No,No,No,Yes,Trouble_Sleeping_1,Do_Not_Use,White_Non_Hispanic,Female,Doctors_4_Plus
Very_Good,Very_Good,Very_Good,Retired,Yes,No,Yes,Yes,No,Trouble_Sleeping_3,Do_Not_Use,Hispanic,Male,Doctors_0_1
Very_Good,Excellent,Very_Good,Retired,No,No,No,Yes,Yes,Trouble_Sleeping_3,Do_Not_Use,White_Non_Hispanic,Male,Doctors_2_3
Very_Good,Very_Good,Good,Working_Part_Time,No,No,No,Yes,No,Trouble_Sleeping_3,Do_Not_Use,White_Non_Hispanic,Male,Doctors_2_3
Very_Good,Excellent,Very_Good,Retired,No,No,No,No,Yes,Trouble_Sleeping_3,Do_Not_Use,White_Non_Hispanic,Female,Doctors_0_1
Poor,Very_Good,Poor,Retired,No,No,No,Yes,No,Trouble_Sleeping_3,Do_Not_Use,White_Non_Hispanic,Male,Doctors_2_3
Good,Fair,Fair,Retired,No,No,No,Yes,No,Trouble_Sleeping_3,Do_Not_Use,White_Non_Hispanic,Male,Doctors_4_Plus
Very_Good,Excellent,Very_Good,Retired,No,No,No,No,No,Trouble_Sleeping_2,Do_Not_Use,White_Non_Hispanic,Male,Doctors_2_3
Very_Good,Very_Good,Very_Good,Retired,Yes,No,No,No,Yes,Trouble_Sleeping_2,Do_Not_Use,White_Non_Hispanic,Female,Doctors_2_3
Fair,Excellent,,Retired,No,Yes,No,Yes,No,Trouble_Sleeping_2,Do_Not_Use,White_Non_Hispanic,Female,Doctors_4_Plus
Good,Excellent,Good,Retired,No,No,No,No,Yes,Trouble_Sleeping_2,Do_Not_Use,White_Non_Hispanic,Female,Doctors_0_1
Good,Very_Good,Fair,Retired,No,No,No,No,Yes,Trouble_Sleeping_2,Do_Not_Use,White_Non_Hispanic,Male,Doctors_4_Plus
Good,Excellent,Good,Retired,No,No,Yes,Yes,No,Trouble_Sleeping_2,Do_Not_Use,White_Non_Hispanic,Female,Doctors_0_1
Good,Good,Very_Good,Working_Part_Time,No,No,No,Yes,No,Trouble_Sleeping_2,Do_Not_Use,Two_or_More_Races,Male,Doctors_2_3
Good,Excellent,Very_Good,Retired,No,Yes,Yes,Yes,No,Trouble_Sleeping_3,Do_Not_Use,White_Non_Hispanic,Male,Doctors_2_3
Good,Good,Good,Retired,No,Yes,No,Yes,No,Trouble_Sleeping_2,Do_Not_Use,White_Non_Hispanic,Female,Doctors_2_3
Good,Excellent,Fair,Working_Part_Time,Yes,No,Yes,Yes,No,Trouble_Sleeping_2,Do_Not_Use,White_Non_Hispanic,Female,Doctors_4_Plus
Good,Good,Fair,Retired,No,No,No,No,No,Trouble_Sleeping_3,Do_Not_Use,White_Non_Hispanic,Male,Doctors_2_3
Good,Good,Good,Retired,Yes,No,No,No,Yes,Trouble_Sleeping_2,Do_Not_Use,White_Non_Hispanic,Male,Doctors_2_3
Very_Good,Very_Good,Very_Good,Retired,No,No,No,No,Yes,Trouble_Sleeping_3,Use_Occasionally,White_Non_Hispanic,Female,Doctors_2_3
Good,Good,Fair,Retired,No,No,Yes,Yes,No,Trouble_Sleeping_2,Do_Not_Use,White_Non_Hispanic,Male,Doctors_2_3
Good,Excellent,Good,Retired,No,No,No,No,Yes,Trouble_Sleeping_3,Do_Not_Use,White_Non_Hispanic,Male,Doctors_2_3
Good,Good,Excellent,Retired,No,No,Yes,Yes,Yes,Trouble_Sleeping_3,Do_Not_Use,White_Non_Hispanic,Female,Doctors_2_3
Very_Good,Very_Good,Very_Good,Working_Part_Time,No,No,No,No,Yes,Trouble_Sleeping_3,Do_Not_Use,White_Non_Hispanic,Male,Doctors_0_1
Fair,Good,Very_Good,Retired,No,No,No,Yes,No,Trouble_Sleeping_3,Do_Not_Use,White_Non_Hispanic,Female,Doctors_0_1
Excellent,Refused,Fair,Retired,No,No,No,Yes,No,Trouble_Sleeping_1,Do_Not_Use,White_Non_Hispanic,Female,Doctors_2_3
Fair,Good,Good,Retired,No,No,No,No,Yes,Trouble_Sleeping_2,Do_Not_Use,Black_Non_Hispanic,Female,Doctors_2_3
Very_Good,Very_Good,Good,Retired,No,No,No,No,Yes,Trouble_Sleeping_2,Use_Occasionally,White_Non_Hispanic,Male,Doctors_2_3
Good,Excellent,Very_Good,Retired,No,No,No,No,Yes,Trouble_Sleeping_2,Use_Regularly,White_Non_Hispanic,Female,Doctors_4_Plus
Good,Excellent,Good,Retired,No,No,No,Yes,No,Trouble_Sleeping_3,Do_Not_Use,White_Non_Hispanic,Male,Doctors_0_1
Very_Good,Excellent,Good,Working_Full_Time,No,No,No,Yes,No,Trouble_Sleeping_3,Do_Not_Use,White_Non_Hispanic,Male,Doctors_2_3
Very_Good,Very_Good,Very_Good,Working_Full_Time,No,No,No,Yes,No,Trouble_Sleeping_2,Do_Not_Use,White_Non_Hispanic,Female,Doctors_0_1
Very_Good,Excellent,Very_Good,Retired,No,No,No,Yes,No,Trouble_Sleeping_3,Do_Not_Use,White_Non_Hispanic,Female,Doctors_2_3
Very_Good,Good,Very_Good,Retired,No,No,No,Yes,No,Trouble_Sleeping_3,Do_Not_Use,White_Non_Hispanic,Male,Doctors_0_1
Good,Good,Very_Good,Retired,No,No,No,Yes,No,Trouble_Sleeping_2,Do_Not_Use,Black_Non_Hispanic,Male,Doctors_2_3
Very_Good,Very_Good,Fair,Retired,No,No,No,No,Yes,Trouble_Sleeping_2,Do_Not_Use,White_Non_Hispanic,Female,Doctors_2_3
Very_Good,Very_Good,Very_Good,Retired,No,No,No,Yes,No,Trouble_Sleeping_3,Do_Not_Use,White_Non_Hispanic,Male,Doctors_2_3
Fair,Very_Good,Very_Good,Retired,Yes,Yes,Yes,Yes,No,Trouble_Sleeping_2,Do_Not_Use,White_Non_Hispanic,Male,Doctors_4_Plus
Good,Very_Good,Fair,Retired,No,No,No,Yes,No,Trouble_Sleeping_3,Do_Not_Use,Other_Non_Hispanic,Male,Doctors_0_1
Good,Very_Good,Good,Retired,Yes,No,No,No,No,Trouble_Sleeping_2,Do_Not_Use,White_Non_Hispanic,Female,Doctors_2_3
Very_Good,Very_Good,Very_Good,Retired,Yes,No,No,Yes,No,Trouble_Sleeping_1,Do_Not_Use,White_Non_Hispanic,Female,Doctors_2_3
Very_Good,Very_Good,Good,Retired,No,No,No,Yes,No,Trouble_Sleeping_3,Do_Not_Use,White_Non_Hispanic,Female,Doctors_2_3
Fair,Very_Good,Good,Retired,No,No,Yes,Yes,No,Trouble_Sleeping_2,Do_Not_Use,White_Non_Hispanic,Male,Doctors_2_3
Good,Excellent,Fair,Retired,No,No,Yes,Yes,No,Trouble_Sleeping_2,Use_Regularly,White_Non_Hispanic,Female,Doctors_2_3
Fair,Very_Good,Excellent,Working_Part_Time,Yes,No,No,Yes,Yes,Trouble_Sleeping_2,Do_Not_Use,White_Non_Hispanic,Male,Doctors_2_3
Good,Very_Good,,Retired,No,No,No,Yes,No,Trouble_Sleeping_3,Do_Not_Use,White_Non_Hispanic,Male,Doctors_4_Plus
Very_Good,Very_Good,Very_Good,Retired,Yes,No,No,Yes,No,Trouble_Sleeping_3,Do_Not_Use,White_Non_Hispanic,Female,Doctors_4_Plus
Excellent,Excellent,Excellent,Retired,No,No,No,Yes,No,Trouble_Sleeping_3,Do_Not_Use,White_Non_Hispanic,Female,Doctors_0_1
Very_Good,Very_Good,Very_Good,Retired,No,Yes,No,Yes,No,Trouble_Sleeping_2,Do_Not_Use,White_Non_Hispanic,Male,Doctors_4_Plus
Very_Good,Excellent,Very_Good,Retired,No,No,No,Yes,Yes,Trouble_Sleeping_2,Do_Not_Use,White_Non_Hispanic,Male,Doctors_4_Plus
Very_Good,Excellent,Very_Good,Retired,No,No,No,Yes,No,Trouble_Sleeping_2,Do_Not_Use,White_Non_Hispanic,Male,Doctors_0_1
Very_Good,Very_Good,Very_Good,Retired,No,No,No,No,Yes,Trouble_Sleeping_3,Do_Not_Use,White_Non_Hispanic,Male,Doctors_0_1
Very_Good,Excellent,Very_Good,Retired,No,No,Yes,No,No,Trouble_Sleeping_2,Do_Not_Use,White_Non_Hispanic,Male,Doctors_0_1
Good,Excellent,Very_Good,Retired,Yes,No,Yes,Yes,No,Trouble_Sleeping_2,Refused,White_Non_Hispanic,Female,Doctors_0_1
Good,Very_Good,,Retired,No,No,No,Yes,No,Trouble_Sleeping_2,Use_Regularly,White_Non_Hispanic,Male,Doctors_4_Plus
Good,Excellent,,Retired,Yes,No,No,No,No,Trouble_Sleeping_2,Do_Not_Use,Black_Non_Hispanic,Female,Doctors_2_3
Excellent,Excellent,Very_Good,Retired,Yes,No,No,No,No,Trouble_Sleeping_3,Do_Not_Use,White_Non_Hispanic,Female,Doctors_2_3
Good,Good,,Not_Working,Yes,No,No,No,No,Trouble_Sleeping_1,Do_Not_Use,Other_Non_Hispanic,Female,Doctors_0_1
Fair,Good,Good,Working_Part_Time,No,No,No,Yes,No,Trouble_Sleeping_3,Use_Occasionally,White_Non_Hispanic,Female,Doctors_2_3
Good,Excellent,Fair,Retired,No,No,Yes,Yes,No,Trouble_Sleeping_2,Do_Not_Use,White_Non_Hispanic,Female,Doctors_2_3
Good,Very_Good,Fair,Retired,No,No,No,No,Yes,Trouble_Sleeping_3,Do_Not_Use,White_Non_Hispanic,Female,Doctors_2_3
Good,Very_Good,Very_Good,Retired,Yes,No,No,Yes,No,Trouble_Sleeping_3,Do_Not_Use,White_Non_Hispanic,Male,Doctors_0_1
Good,Good,Fair,Retired,No,No,No,Yes,No,Trouble_Sleeping_2,Do_Not_Use,White_Non_Hispanic,Male,Doctors_2_3
Good,Very_Good,Very_Good,Retired,No,No,No,No,Yes,Trouble_Sleeping_3,Do_Not_Use,White_Non_Hispanic,Male,Doctors_4_Plus
Fair,Very_Good,Good,Retired,Yes,No,Yes,Yes,No,Trouble_Sleeping_1,Do_Not_Use,White_Non_Hispanic,Female,Doctors_4_Plus
Fair,Fair,Fair,Retired,No,No,Yes,No,Yes,Trouble_Sleeping_2,Use_Regularly,White_Non_Hispanic,Female,Doctors_4_Plus
Good,Excellent,Very_Good,Retired,No,No,No,Yes,No,Trouble_Sleeping_2,Do_Not_Use,White_Non_Hispanic,Female,Doctors_2_3
Good,Good,Good,Retired,No,No,Yes,Yes,No,Trouble_Sleeping_2,Do_Not_Use,White_Non_Hispanic,Female,Doctors_0_1
Good,Very_Good,Good,Retired,Yes,No,No,Yes,No,Trouble_Sleeping_2,Do_Not_Use,White_Non_Hispanic,Male,Doctors_4_Plus
Good,Very_Good,Fair,Retired,No,No,No,No,Yes,Trouble_Sleeping_3,Do_Not_Use,White_Non_Hispanic,Male,Doctors_2_3
Very_Good,Good,Very_Good,Working_Full_Time,Yes,No,No,No,Yes,Trouble_Sleeping_2,Do_Not_Use,Two_or_More_Races,Male,Doctors_2_3
Poor,Good,Good,Retired,Yes,No,Yes,No,Yes,Trouble_Sleeping_1,Use_Regularly,White_Non_Hispanic,Male,Doctors_4_Plus
Very_Good,Excellent,Very_Good,Retired,No,No,No,No,Yes,Trouble_Sleeping_3,Do_Not_Use,White_Non_Hispanic,Male,Doctors_2_3
Good,Good,,Retired,No,No,No,Yes,No,Trouble_Sleeping_3,Do_Not_Use,White_Non_Hispanic,Male,Doctors_2_3
Very_Good,Good,Good,Retired,Yes,Yes,No,Yes,No,Trouble_Sleeping_2,Use_Occasionally,White_Non_Hispanic,Male,Doctors_2_3
Very_Good,Excellent,Very_Good,Retired,No,No,Yes,Yes,No,Trouble_Sleeping_2,Do_Not_Use,White_Non_Hispanic,Female,Doctors_4_Plus
Good,Good,Fair,Retired,Yes,No,Yes,Yes,No,Trouble_Sleeping_3,Do_Not_Use,White_Non_Hispanic,Female,Doctors_4_Plus
Excellent,Excellent,Very_Good,Retired,No,No,No,No,Yes,Trouble_Sleeping_2,Do_Not_Use,White_Non_Hispanic,Female,Doctors_4_Plus
Good,Excellent,Fair,Retired,No,No,No,No,Yes,Trouble_Sleeping_2,Do_Not_Use,White_Non_Hispanic,Male,Doctors_2_3
Fair,Very_Good,Fair,Retired,No,No,No,Yes,No,Trouble_Sleeping_3,Do_Not_Use,White_Non_Hispanic,Male,Doctors_2_3
Good,Excellent,Good,Retired,No,No,No,No,Yes,Trouble_Sleeping_2,Do_Not_Use,White_Non_Hispanic,Female,Doctors_4_Plus
Fair,Excellent,Poor,Retired,No,No,No,No,Yes,Trouble_Sleeping_2,Do_Not_Use,White_Non_Hispanic,Female,Doctors_2_3
Good,Very_Good,Good,Retired,No,No,No,No,Yes,Trouble_Sleeping_2,Do_Not_Use,White_Non_Hispanic,Female,Doctors_2_3
Good,Very_Good,Good,Retired,No,No,No,No,Yes,Trouble_Sleeping_2,Use_Occasionally,White_Non_Hispanic,Female,Doctors_2_3
Good,Good,Fair,Not_Working,No,No,No,No,Yes,Trouble_Sleeping_2,Do_Not_Use,White_Non_Hispanic,Male,Doctors_0_1
Fair,Excellent,Good,Retired,No,No,Yes,No,Yes,Trouble_Sleeping_2,Do_Not_Use,White_Non_Hispanic,Male,Doctors_2_3
Very_Good,Very_Good,Very_Good,Retired,No,No,No,No,Yes,Trouble_Sleeping_2,Do_Not_Use,White_Non_Hispanic,Female,Doctors_2_3
Good,Very_Good,Fair,Retired,No,No,No,No,Yes,Trouble_Sleeping_3,Do_Not_Use,Other_Non_Hispanic,Male,Doctors_4_Plus
Fair,Excellent,,Retired,No,No,No,No,Yes,Trouble_Sleeping_3,Do_Not_Use,Two_or_More_Races,Male,Doctors_2_3
Very_Good,Very_Good,Excellent,Working_Part_Time,No,No,No,No,Yes,Trouble_Sleeping_3,Do_Not_Use,White_Non_Hispanic,Female,Doctors_2_3
Very_Good,Excellent,Good,Retired,No,No,No,Yes,No,Trouble_Sleeping_3,Do_Not_Use,Black_Non_Hispanic,Male,Doctors_2_3
Good,Good,Very_Good,Retired,No,Yes,No,Yes,No,Trouble_Sleeping_2,Do_Not_Use,White_Non_Hispanic,Female,Doctors_4_Plus
Very_Good,Excellent,Very_Good,Retired,No,No,No,No,Yes,Trouble_Sleeping_3,Do_Not_Use,Hispanic,Male,Doctors_2_3
Good,Good,Very_Good,Working_Part_Time,No,No,No,Yes,No,Trouble_Sleeping_2,Do_Not_Use,White_Non_Hispanic,Female,Doctors_0_1
Good,Very_Good,Very_Good,Retired,No,No,No,No,Yes,Trouble_Sleeping_2,Do_Not_Use,White_Non_Hispanic,Female,Doctors_2_3
Good,Very_Good,Good,Working_Part_Time,No,No,No,No,No,Trouble_Sleeping_3,Do_Not_Use,White_Non_Hispanic,Male,Doctors_4_Plus
Fair,Very_Good,Very_Good,Retired,No,No,Yes,Yes,Yes,Trouble_Sleeping_1,Do_Not_Use,White_Non_Hispanic,Female,Doctors_0_1
Good,Excellent,Fair,Retired,Yes,No,Yes,No,No,Trouble_Sleeping_2,Use_Occasionally,White_Non_Hispanic,Male,Doctors_2_3
Very_Good,Excellent,Very_Good,Retired,Yes,No,No,No,No,Trouble_Sleeping_2,Do_Not_Use,White_Non_Hispanic,Female,Doctors_2_3
Good,Good,Fair,Retired,No,No,No,No,Yes,Trouble_Sleeping_3,Do_Not_Use,Black_Non_Hispanic,Female,Doctors_2_3
Fair,Very_Good,Very_Good,Retired,Yes,No,No,No,No,Trouble_Sleeping_2,Do_Not_Use,White_Non_Hispanic,Male,Doctors_2_3
Good,Very_Good,Very_Good,Retired,No,No,No,No,Yes,Trouble_Sleeping_3,Do_Not_Use,White_Non_Hispanic,Female,Doctors_2_3
Fair,Good,Fair,Retired,No,No,No,Yes,Yes,Trouble_Sleeping_1,Use_Regularly,White_Non_Hispanic,Male,Doctors_2_3
Good,Very_Good,Very_Good,Retired,No,No,No,No,Yes,Trouble_Sleeping_3,Do_Not_Use,White_Non_Hispanic,Female,Doctors_4_Plus
Very_Good,Very_Good,Very_Good,Retired,No,No,No,Yes,No,Trouble_Sleeping_3,Do_Not_Use,Black_Non_Hispanic,Male,Doctors_2_3
Fair,Excellent,Fair,Retired,No,No,Yes,No,No,Trouble_Sleeping_1,Use_Regularly,White_Non_Hispanic,Male,Doctors_2_3
Good,Very_Good,Poor,Retired,No,No,Yes,No,No,Trouble_Sleeping_3,Do_Not_Use,White_Non_Hispanic,Male,Doctors_0_1
Very_Good,Very_Good,Very_Good,Retired,Yes,No,No,No,No,Trouble_Sleeping_3,Do_Not_Use,White_Non_Hispanic,Male,Doctors_2_3
Fair,Excellent,,Retired,No,No,No,No,Yes,Trouble_Sleeping_2,Do_Not_Use,White_Non_Hispanic,Female,Doctors_0_1
Good,Excellent,,Retired,No,No,Yes,Yes,Yes,Trouble_Sleeping_2,Do_Not_Use,White_Non_Hispanic,Male,Doctors_2_3
Good,Very_Good,Very_Good,Retired,No,No,No,No,No,Trouble_Sleeping_3,Do_Not_Use,White_Non_Hispanic,Female,Doctors_4_Plus
Fair,Fair,Fair,Retired,No,No,No,Yes,Yes,Trouble_Sleeping_3,Do_Not_Use,White_Non_Hispanic,Male,Doctors_2_3
Very_Good,Very_Good,Good,Retired,No,Yes,No,No,No,Trouble_Sleeping_3,Do_Not_Use,White_Non_Hispanic,Male,Doctors_2_3
Very_Good,Excellent,Excellent,Working_Part_Time,No,No,No,No,Yes,Trouble_Sleeping_3,Do_Not_Use,White_Non_Hispanic,Male,Doctors_2_3
Poor,Excellent,Good,Working_Full_Time,No,No,No,No,Yes,Trouble_Sleeping_1,Do_Not_Use,White_Non_Hispanic,Male,Doctors_2_3
Good,Very_Good,Good,Retired,No,No,No,No,Yes,Trouble_Sleeping_3,Do_Not_Use,White_Non_Hispanic,Female,Doctors_4_Plus
Very_Good,Excellent,Very_Good,Retired,No,No,No,Yes,No,Trouble_Sleeping_3,Do_Not_Use,White_Non_Hispanic,Female,Doctors_2_3
Good,Good,Fair,Working_Full_Time,Yes,No,No,No,No,Trouble_Sleeping_3,Do_Not_Use,White_Non_Hispanic,Male,Doctors_4_Plus
Poor,Fair,Poor,Retired,No,No,Yes,No,No,Trouble_Sleeping_1,Do_Not_Use,White_Non_Hispanic,Female,Doctors_0_1
Good,Good,Good,Retired,No,No,No,No,Yes,Trouble_Sleeping_2,Do_Not_Use,White_Non_Hispanic,Male,Doctors_2_3
Fair,Very_Good,Good,Retired,No,No,No,No,Yes,Trouble_Sleeping_2,Do_Not_Use,White_Non_Hispanic,Male,Doctors_2_3
Very_Good,Excellent,Excellent,Retired,No,No,No,No,Yes,Trouble_Sleeping_3,Do_Not_Use,White_Non_Hispanic,Female,Doctors_0_1
Good,Good,Good,Retired,No,No,No,Yes,No,Trouble_Sleeping_3,Do_Not_Use,White_Non_Hispanic,Female,Doctors_0_1
Fair,Good,Good,Retired,No,No,Yes,Yes,Yes,Trouble_Sleeping_3,Do_Not_Use,White_Non_Hispanic,Male,Doctors_4_Plus
Good,Very_Good,Good,Retired,Yes,No,No,No,No,Trouble_Sleeping_2,Do_Not_Use,White_Non_Hispanic,Male,Doctors_4_Plus
Very_Good,Very_Good,Very_Good,Retired,No,No,No,No,Yes,Trouble_Sleeping_3,Do_Not_Use,White_Non_Hispanic,Female,Doctors_2_3
Very_Good,Excellent,Very_Good,Retired,Yes,No,No,No,No,Trouble_Sleeping_2,Do_Not_Use,White_Non_Hispanic,Female,Doctors_0_1
Very_Good,Good,Very_Good,Retired,Yes,No,No,Yes,No,Trouble_Sleeping_2,Use_Occasionally,White_Non_Hispanic,Female,Doctors_2_3
Good,Very_Good,Very_Good,Retired,Yes,No,No,No,No,Trouble_Sleeping_3,Do_Not_Use,White_Non_Hispanic,Female,Doctors_2_3
Fair,Fair,Poor,Not_Working,No,No,No,No,No,Trouble_Sleeping_1,Do_Not_Use,White_Non_Hispanic,Male,Doctors_0_1
Poor,Good,Fair,Retired,No,No,No,Yes,No,Trouble_Sleeping_3,Do_Not_Use,White_Non_Hispanic,Male,Doctors_2_3
Very_Good,Very_Good,Very_Good,Retired,No,No,No,Yes,No,Trouble_Sleeping_3,Do_Not_Use,White_Non_Hispanic,Male,Doctors_2_3
Excellent,Very_Good,Excellent,Working_Part_Time,No,No,No,No,No,Trouble_Sleeping_3,Do_Not_Use,White_Non_Hispanic,Female,Doctors_2_3
Excellent,Excellent,Excellent,Retired,Yes,No,No,No,No,Trouble_Sleeping_3,Do_Not_Use,White_Non_Hispanic,Female,Doctors_2_3
Fair,Fair,,Retired,No,Yes,Yes,Yes,No,Trouble_Sleeping_2,Do_Not_Use,White_Non_Hispanic,Female,Doctors_2_3
Very_Good,Very_Good,Good,Retired,No,No,No,No,Yes,Trouble_Sleeping_3,Do_Not_Use,White_Non_Hispanic,Female,Doctors_2_3
Good,Good,,Retired,No,No,No,No,Yes,Trouble_Sleeping_3,Do_Not_Use,White_Non_Hispanic,Female,Doctors_2_3
Fair,Good,Good,Retired,No,No,No,No,Yes,Trouble_Sleeping_2,Do_Not_Use,White_Non_Hispanic,Male,Doctors_4_Plus
Good,Very_Good,Fair,Retired,Yes,No,No,No,No,Trouble_Sleeping_3,Do_Not_Use,White_Non_Hispanic,Male,Doctors_2_3
Very_Good,Excellent,Good,Retired,No,No,No,Yes,No,Trouble_Sleeping_3,Do_Not_Use,White_Non_Hispanic,Male,Doctors_4_Plus
Very_Good,Very_Good,Good,Retired,No,No,No,Yes,Yes,Trouble_Sleeping_2,Do_Not_Use,White_Non_Hispanic,Male,Doctors_4_Plus
Very_Good,Refused,Good,Retired,No,No,No,No,Yes,Trouble_Sleeping_2,Do_Not_Use,White_Non_Hispanic,Male,Doctors_0_1
Very_Good,Very_Good,Very_Good,Retired,No,No,Yes,Yes,Yes,Trouble_Sleeping_2,Use_Occasionally,White_Non_Hispanic,Female,Doctors_4_Plus
Poor,Fair,Good,Retired,No,No,Yes,Yes,Yes,Trouble_Sleeping_2,Do_Not_Use,White_Non_Hispanic,Male,Doctors_2_3
Very_Good,Very_Good,Good,Retired,Yes,No,No,No,Yes,Trouble_Sleeping_3,Do_Not_Use,White_Non_Hispanic,Female,Doctors_2_3
Very_Good,Excellent,Very_Good,Retired,No,No,No,Yes,No,Trouble_Sleeping_3,Do_Not_Use,White_Non_Hispanic,Male,Doctors_0_1
Good,Good,Fair,Retired,Yes,Yes,Yes,Yes,No,Trouble_Sleeping_1,Do_Not_Use,White_Non_Hispanic,Female,Doctors_2_3
Good,Good,Good,Retired,No,No,No,Yes,Yes,Trouble_Sleeping_2,Do_Not_Use,White_Non_Hispanic,Female,Doctors_2_3
Excellent,Good,Very_Good,Retired,No,Yes,Yes,Yes,No,Trouble_Sleeping_2,Do_Not_Use,White_Non_Hispanic,Female,Doctors_4_Plus
Good,Excellent,Very_Good,Working_Full_Time,Yes,No,Yes,No,No,Trouble_Sleeping_3,Do_Not_Use,Two_or_More_Races,Female,Doctors_2_3
Fair,Good,Good,Retired,Yes,No,Yes,Yes,No,Trouble_Sleeping_2,Use_Regularly,White_Non_Hispanic,Male,Doctors_4_Plus
Good,Excellent,Very_Good,Working_Part_Time,No,No,No,No,Yes,Trouble_Sleeping_3,Do_Not_Use,White_Non_Hispanic,Male,Doctors_4_Plus
Very_Good,Very_Good,Good,Retired,Yes,No,No,Yes,No,Trouble_Sleeping_3,Do_Not_Use,White_Non_Hispanic,Female,Doctors_4_Plus
Very_Good,Excellent,Excellent,Retired,No,No,No,No,Yes,Trouble_Sleeping_2,Do_Not_Use,White_Non_Hispanic,Female,Doctors_2_3
Very_Good,Excellent,Very_Good,Retired,No,No,No,No,Yes,Trouble_Sleeping_3,Do_Not_Use,White_Non_Hispanic,Male,Doctors_2_3
Very_Good,Very_Good,Excellent,Retired,No,No,No,Yes,No,Trouble_Sleeping_3,Do_Not_Use,White_Non_Hispanic,Female,Doctors_2_3
Good,Good,Very_Good,Retired,No,No,Yes,Yes,No,Trouble_Sleeping_2,Use_Occasionally,White_Non_Hispanic,Female,Doctors_2_3
Good,Good,Very_Good,Retired,Yes,No,No,No,Yes,Trouble_Sleeping_2,Do_Not_Use,White_Non_Hispanic,Female,Doctors_4_Plus
Fair,Very_Good,Good,Retired,No,No,Yes,Yes,No,Trouble_Sleeping_3,Do_Not_Use,White_Non_Hispanic,Male,Doctors_4_Plus
Fair,Very_Good,,Retired,No,No,Yes,Yes,No,Trouble_Sleeping_3,Do_Not_Use,White_Non_Hispanic,Female,Doctors_4_Plus
Excellent,Very_Good,Excellent,Retired,No,No,No,Yes,No,Trouble_Sleeping_3,Do_Not_Use,White_Non_Hispanic,Male,Doctors_4_Plus
Good,Fair,Good,Retired,Yes,No,Yes,Yes,No,Trouble_Sleeping_2,Do_Not_Use,Hispanic,Male,Doctors_2_3
Excellent,Excellent,Very_Good,Retired,Yes,No,No,No,No,Trouble_Sleeping_2,Do_Not_Use,White_Non_Hispanic,Female,Doctors_0_1
Very_Good,Very_Good,Very_Good,Working_Part_Time,No,No,No,Yes,No,Trouble_Sleeping_3,Do_Not_Use,Other_Non_Hispanic,Male,Doctors_0_1
Good,Fair,Fair,Working_Full_Time,No,No,No,Yes,No,Trouble_Sleeping_2,Do_Not_Use,White_Non_Hispanic,Male,Doctors_0_1
Very_Good,Excellent,Very_Good,Working_Part_Time,No,No,No,Yes,Yes,Trouble_Sleeping_3,Do_Not_Use,White_Non_Hispanic,Male,Doctors_2_3
Good,Good,,Retired,No,No,No,Yes,No,Trouble_Sleeping_3,Do_Not_Use,White_Non_Hispanic,Female,Doctors_0_1
Very_Good,Very_Good,Very_Good,Retired,No,No,No,Yes,No,Trouble_Sleeping_2,Do_Not_Use,White_Non_Hispanic,Male,Doctors_2_3
Very_Good,Excellent,Very_Good,Retired,Yes,No,No,Yes,No,Trouble_Sleeping_2,Do_Not_Use,White_Non_Hispanic,Female,Doctors_2_3
Good,Very_Good,Fair,Working_Part_Time,No,No,No,No,Yes,Trouble_Sleeping_3,Do_Not_Use,White_Non_Hispanic,Female,Doctors_0_1
Good,Good,Fair,Retired,No,No,Yes,No,Yes,Trouble_Sleeping_2,Do_Not_Use,White_Non_Hispanic,Male,Doctors_2_3
Very_Good,Very_Good,Very_Good,Retired,No,No,Yes,Yes,No,Trouble_Sleeping_3,Do_Not_Use,White_Non_Hispanic,Male,Doctors_2_3
Excellent,Excellent,Very_Good,Retired,Yes,No,No,No,No,Trouble_Sleeping_2,Do_Not_Use,White_Non_Hispanic,Male,Doctors_2_3
Good,Good,Good,Retired,Yes,Yes,Yes,Yes,No,Trouble_Sleeping_2,Do_Not_Use,Hispanic,Female,Doctors_2_3
Good,Good,Good,Retired,No,No,Yes,No,Yes,Trouble_Sleeping_2,Do_Not_Use,White_Non_Hispanic,Male,Doctors_2_3
Very_Good,Very_Good,,Working_Full_Time,No,No,No,No,Yes,Trouble_Sleeping_3,Do_Not_Use,White_Non_Hispanic,Male,Doctors_2_3
Very_Good,Good,Excellent,Retired,Yes,No,No,No,No,Trouble_Sleeping_3,Use_Occasionally,White_Non_Hispanic,Male,Doctors_2_3
Good,Very_Good,Very_Good,Retired,No,No,No,No,Yes,Trouble_Sleeping_3,Do_Not_Use,Two_or_More_Races,Female,Doctors_4_Plus
Very_Good,Very_Good,Very_Good,Retired,Yes,No,No,No,No,Trouble_Sleeping_3,Do_Not_Use,White_Non_Hispanic,Male,Doctors_2_3
Very_Good,Very_Good,Very_Good,Retired,No,No,No,Yes,No,Trouble_Sleeping_3,Do_Not_Use,White_Non_Hispanic,Male,Doctors_2_3
Good,Good,Good,Retired,Yes,No,No,No,No,Trouble_Sleeping_3,Do_Not_Use,Hispanic,Female,Doctors_2_3
Very_Good,Very_Good,Very_Good,Retired,No,No,Yes,Yes,No,Trouble_Sleeping_3,Do_Not_Use,White_Non_Hispanic,Female,Doctors_4_Plus
Good,Excellent,Very_Good,Retired,No,No,No,No,No,Trouble_Sleeping_3,Do_Not_Use,White_Non_Hispanic,Male,Doctors_4_Plus
Very_Good,Excellent,Good,Retired,No,No,No,No,No,Trouble_Sleeping_3,Do_Not_Use,White_Non_Hispanic,Male,Doctors_2_3
Very_Good,Very_Good,Fair,Retired,No,No,No,No,Yes,Trouble_Sleeping_2,Do_Not_Use,White_Non_Hispanic,Male,Doctors_0_1
Very_Good,Excellent,Good,Retired,No,No,No,Yes,No,Trouble_Sleeping_3,Do_Not_Use,White_Non_Hispanic,Male,Doctors_4_Plus
Good,Good,Good,Retired,Yes,No,Yes,Yes,Yes,Trouble_Sleeping_2,Do_Not_Use,White_Non_Hispanic,Female,Doctors_4_Plus
Excellent,Excellent,Fair,Retired,No,No,Yes,Yes,Yes,Trouble_Sleeping_3,Do_Not_Use,Black_Non_Hispanic,Female,Doctors_0_1
Fair,Excellent,Very_Good,Retired,No,No,No,Yes,No,Trouble_Sleeping_3,Do_Not_Use,White_Non_Hispanic,Female,Doctors_4_Plus
Good,Good,Good,Retired,No,No,No,No,Yes,Trouble_Sleeping_3,Use_Regularly,White_Non_Hispanic,Male,Doctors_4_Plus
Good,Good,Good,Retired,Yes,No,No,Yes,No,Trouble_Sleeping_2,Do_Not_Use,White_Non_Hispanic,Male,Doctors_4_Plus
Fair,Very_Good,,Retired,No,No,Yes,Yes,No,Trouble_Sleeping_2,Use_Occasionally,White_Non_Hispanic,Female,Doctors_4_Plus
Good,Very_Good,Good,Retired,Yes,No,No,No,No,Trouble_Sleeping_2,Do_Not_Use,Other_Non_Hispanic,Female,Doctors_4_Plus
Very_Good,Excellent,Very_Good,Retired,No,No,No,No,Yes,Trouble_Sleeping_3,Do_Not_Use,White_Non_Hispanic,Male,Doctors_2_3
Very_Good,Very_Good,Good,Retired,No,No,No,Yes,No,Trouble_Sleeping_3,Do_Not_Use,White_Non_Hispanic,Female,Doctors_0_1
Good,Very_Good,Very_Good,Working_Part_Time,No,No,No,Yes,No,Trouble_Sleeping_3,Do_Not_Use,White_Non_Hispanic,Female,Doctors_2_3
Good,Excellent,Excellent,Retired,No,No,Yes,Yes,No,Trouble_Sleeping_2,Do_Not_Use,White_Non_Hispanic,Female,Doctors_4_Plus
Good,Very_Good,Good,Retired,No,No,No,No,Yes,Trouble_Sleeping_2,Do_Not_Use,White_Non_Hispanic,Female,Doctors_2_3
Fair,Very_Good,,Retired,Yes,No,No,No,No,Trouble_Sleeping_3,Do_Not_Use,White_Non_Hispanic,Female,Doctors_2_3
Good,Good,Good,Retired,No,No,No,No,Yes,Trouble_Sleeping_3,Use_Regularly,White_Non_Hispanic,Male,Doctors_4_Plus
Good,Very_Good,Fair,Retired,No,Yes,Yes,No,No,Trouble_Sleeping_1,Do_Not_Use,Black_Non_Hispanic,Female,Doctors_4_Plus
Good,Excellent,Fair,Retired,No,No,Yes,Yes,Yes,Trouble_Sleeping_2,Do_Not_Use,White_Non_Hispanic,Female,Doctors_2_3
Good,Good,Good,Retired,No,No,No,Yes,Yes,Trouble_Sleeping_3,Do_Not_Use,White_Non_Hispanic,Male,Doctors_2_3
Very_Good,Excellent,Very_Good,Retired,Yes,No,No,Yes,No,Trouble_Sleeping_3,Do_Not_Use,White_Non_Hispanic,Female,Doctors_2_3
Fair,Fair,Fair,Retired,No,No,No,No,No,Trouble_Sleeping_3,Do_Not_Use,White_Non_Hispanic,Female,Doctors_0_1
Very_Good,Good,Very_Good,Retired,Yes,No,No,Yes,No,Trouble_Sleeping_1,Use_Regularly,White_Non_Hispanic,Male,Doctors_4_Plus
Excellent,Excellent,Very_Good,Working_Part_Time,No,No,No,Yes,No,Trouble_Sleeping_2,Do_Not_Use,Other_Non_Hispanic,Male,Doctors_0_1
Very_Good,Excellent,Fair,Working_Full_Time,Yes,No,Yes,No,No,Trouble_Sleeping_2,Do_Not_Use,White_Non_Hispanic,Male,Doctors_0_1
Very_Good,Excellent,Good,Retired,No,No,Yes,No,No,Trouble_Sleeping_1,Use_Regularly,White_Non_Hispanic,Female,Doctors_2_3
Good,Refused,Refused,Working_Part_Time,No,No,No,Yes,Yes,Trouble_Sleeping_1,Use_Occasionally,White_Non_Hispanic,Male,Doctors_0_1
Very_Good,Excellent,Excellent,Retired,No,No,No,Yes,Yes,Trouble_Sleeping_2,Do_Not_Use,White_Non_Hispanic,Male,Doctors_2_3
Fair,Good,,Retired,No,No,Yes,No,No,Trouble_Sleeping_3,Do_Not_Use,White_Non_Hispanic,Male,Doctors_4_Plus
Very_Good,Very_Good,Very_Good,Retired,Yes,No,No,Yes,No,Trouble_Sleeping_2,Do_Not_Use,White_Non_Hispanic,Female,Doctors_2_3
Good,Very_Good,Poor,Not_Working,Yes,No,No,No,No,Trouble_Sleeping_3,Do_Not_Use,Hispanic,Female,Doctors_0_1
Fair,Fair,Good,Not_Working,No,No,No,No,Yes,Trouble_Sleeping_1,Use_Regularly,Hispanic,Female,Doctors_2_3
Fair,Good,Fair,Retired,No,No,No,Yes,Yes,Trouble_Sleeping_3,Do_Not_Use,White_Non_Hispanic,Female,Doctors_2_3
Fair,Good,Good,Retired,Yes,Yes,Yes,Yes,No,Trouble_Sleeping_3,Do_Not_Use,Black_Non_Hispanic,Female,Doctors_4_Plus
Good,Good,,Retired,No,No,No,Yes,No,Trouble_Sleeping_3,Do_Not_Use,White_Non_Hispanic,Male,Doctors_2_3
Good,Excellent,Very_Good,Retired,No,No,No,Yes,No,Trouble_Sleeping_3,Do_Not_Use,White_Non_Hispanic,Male,Doctors_2_3
Fair,Good,,Retired,No,Yes,No,No,No,Trouble_Sleeping_2,Do_Not_Use,White_Non_Hispanic,Male,Doctors_4_Plus
Good,Very_Good,Good,Retired,No,No,No,No,Yes,Trouble_Sleeping_2,Use_Regularly,White_Non_Hispanic,Female,Doctors_2_3
Very_Good,Refused,Good,Retired,Yes,No,No,No,No,Trouble_Sleeping_3,Do_Not_Use,White_Non_Hispanic,Male,Doctors_0_1
Very_Good,Excellent,Excellent,Retired,Yes,No,No,Yes,No,Trouble_Sleeping_3,Do_Not_Use,White_Non_Hispanic,Female,Doctors_2_3
Good,Very_Good,Good,Working_Part_Time,No,No,Yes,Yes,Yes,Trouble_Sleeping_2,Use_Occasionally,White_Non_Hispanic,Male,Doctors_2_3
Good,Very_Good,Good,Retired,No,No,No,No,Yes,Trouble_Sleeping_3,Do_Not_Use,White_Non_Hispanic,Male,Doctors_4_Plus
Good,Excellent,Good,Retired,No,No,No,Yes,Yes,Trouble_Sleeping_3,Do_Not_Use,Black_Non_Hispanic,Female,Doctors_4_Plus
Good,Very_Good,Very_Good,Retired,No,No,No,No,Yes,Trouble_Sleeping_2,Do_Not_Use,White_Non_Hispanic,Female,Doctors_2_3
Very_Good,Excellent,Good,Working_Full_Time,Yes,No,Yes,No,No,Trouble_Sleeping_2,Do_Not_Use,Black_Non_Hispanic,Female,Doctors_2_3
Very_Good,Excellent,Excellent,Working_Full_Time,Yes,No,No,No,Yes,Trouble_Sleeping_3,Do_Not_Use,Other_Non_Hispanic,Female,Doctors_2_3
Very_Good,Excellent,,Not_Working,No,No,No,Yes,Yes,Trouble_Sleeping_3,Do_Not_Use,White_Non_Hispanic,Female,Doctors_2_3
Good,Very_Good,Fair,Retired,Yes,No,No,No,Yes,Trouble_Sleeping_2,Use_Occasionally,Two_or_More_Races,Female,Doctors_2_3
Good,Excellent,Excellent,Working_Part_Time,No,No,No,Yes,No,Trouble_Sleeping_2,Do_Not_Use,Hispanic,Male,Doctors_2_3
Excellent,Excellent,Excellent,Retired,No,No,No,Yes,No,Trouble_Sleeping_3,Do_Not_Use,White_Non_Hispanic,Male,Doctors_4_Plus
Very_Good,Very_Good,Refused,Retired,No,No,No,No,Yes,Trouble_Sleeping_3,Do_Not_Use,Hispanic,Female,Doctors_2_3
Good,Good,Fair,Retired,Yes,No,No,Yes,No,Trouble_Sleeping_2,Do_Not_Use,White_Non_Hispanic,Male,Doctors_2_3
Good,Good,Fair,Retired,Yes,No,Yes,No,No,Trouble_Sleeping_2,Do_Not_Use,White_Non_Hispanic,Female,Doctors_0_1
Good,Excellent,Very_Good,Retired,No,No,No,No,Yes,Trouble_Sleeping_2,Do_Not_Use,White_Non_Hispanic,Female,Doctors_4_Plus
Good,Good,Fair,Retired,No,No,Yes,Yes,No,Trouble_Sleeping_2,Do_Not_Use,White_Non_Hispanic,Male,Doctors_2_3
Poor,Very_Good,,Retired,No,No,No,No,Yes,Trouble_Sleeping_3,Do_Not_Use,White_Non_Hispanic,Male,Doctors_2_3
Fair,Very_Good,Very_Good,Retired,Yes,No,Yes,No,Yes,Trouble_Sleeping_2,Do_Not_Use,Two_or_More_Races,Male,Doctors_4_Plus
Good,Excellent,Good,Retired,No,No,No,Yes,No,Trouble_Sleeping_2,Do_Not_Use,Hispanic,Male,Doctors_0_1
Very_Good,Good,Good,Retired,No,No,No,No,Yes,Trouble_Sleeping_3,Do_Not_Use,White_Non_Hispanic,Female,Doctors_2_3
Very_Good,Very_Good,Good,Retired,No,No,No,Yes,No,Trouble_Sleeping_2,Do_Not_Use,White_Non_Hispanic,Male,Doctors_4_Plus
Good,Very_Good,Very_Good,Retired,No,No,Yes,No,Yes,Trouble_Sleeping_2,Do_Not_Use,White_Non_Hispanic,Female,Doctors_0_1
Very_Good,Very_Good,Very_Good,Retired,No,No,No,Yes,No,Trouble_Sleeping_3,Do_Not_Use,White_Non_Hispanic,Female,Doctors_2_3
Good,Very_Good,Very_Good,Retired,Yes,No,No,No,No,Trouble_Sleeping_2,Use_Regularly,White_Non_Hispanic,Female,Doctors_2_3
Excellent,Excellent,Fair,Retired,No,No,No,Yes,Yes,Trouble_Sleeping_2,Do_Not_Use,White_Non_Hispanic,Female,Doctors_2_3
Good,Very_Good,Fair,Retired,No,No,No,Yes,Yes,Trouble_Sleeping_2,Do_Not_Use,White_Non_Hispanic,Female,Doctors_0_1
Good,Good,Good,Retired,No,No,No,Yes,No,Trouble_Sleeping_2,Do_Not_Use,White_Non_Hispanic,Female,Doctors_0_1
Good,Good,Good,Retired,No,No,No,No,Yes,Trouble_Sleeping_1,Do_Not_Use,White_Non_Hispanic,Male,Doctors_0_1
Very_Good,Excellent,Very_Good,Retired,No,No,No,Yes,No,Trouble_Sleeping_3,Do_Not_Use,White_Non_Hispanic,Male,Doctors_4_Plus
Poor,Excellent,Excellent,Not_Working,No,No,No,No,Yes,Trouble_Sleeping_1,Use_Regularly,White_Non_Hispanic,Male,Doctors_4_Plus
Very_Good,Excellent,Fair,Retired,No,No,No,No,Yes,Trouble_Sleeping_2,Do_Not_Use,White_Non_Hispanic,Female,Doctors_0_1
Good,Good,Good,Retired,No,No,No,Yes,No,Trouble_Sleeping_3,Do_Not_Use,White_Non_Hispanic,Female,Doctors_4_Plus
Excellent,Refused,Excellent,Retired,No,No,No,No,No,Trouble_Sleeping_2,Do_Not_Use,White_Non_Hispanic,Female,Doctors_0_1
Very_Good,Very_Good,Very_Good,Retired,No,No,Yes,No,No,Trouble_Sleeping_2,Do_Not_Use,White_Non_Hispanic,Male,Doctors_2_3
Excellent,Excellent,Excellent,Retired,No,No,No,No,No,Trouble_Sleeping_3,Do_Not_Use,Black_Non_Hispanic,Male,Doctors_2_3
Fair,Excellent,Good,Retired,No,Yes,Yes,No,No,Trouble_Sleeping_2,Do_Not_Use,Hispanic,Male,Doctors_4_Plus
Good,Excellent,Good,Retired,No,No,No,No,Yes,Trouble_Sleeping_3,Do_Not_Use,White_Non_Hispanic,Male,Doctors_2_3
Very_Good,Excellent,Excellent,Retired,Yes,No,No,Yes,No,Trouble_Sleeping_2,Do_Not_Use,White_Non_Hispanic,Female,Doctors_4_Plus
Excellent,Excellent,Very_Good,Retired,No,No,No,Yes,No,Trouble_Sleeping_2,Use_Occasionally,White_Non_Hispanic,Male,Doctors_0_1
Good,Fair,Very_Good,Retired,Yes,No,No,No,No,Trouble_Sleeping_1,Do_Not_Use,White_Non_Hispanic,Male,Doctors_2_3
Good,Excellent,Very_Good,Working_Full_Time,No,No,Yes,Yes,No,Trouble_Sleeping_3,Do_Not_Use,Hispanic,Female,Doctors_2_3
Good,Good,Fair,Retired,Yes,No,No,Yes,No,Trouble_Sleeping_2,Do_Not_Use,White_Non_Hispanic,Female,Doctors_0_1
Fair,Very_Good,Good,Retired,Yes,No,No,No,No,Trouble_Sleeping_3,Do_Not_Use,White_Non_Hispanic,Female,Doctors_4_Plus
Good,Very_Good,Fair,Retired,No,No,No,Yes,No,Trouble_Sleeping_2,Do_Not_Use,White_Non_Hispanic,Female,Doctors_0_1
Fair,Good,Fair,Retired,Yes,Yes,Yes,No,No,Trouble_Sleeping_2,Do_Not_Use,White_Non_Hispanic,Male,Doctors_2_3
Good,Good,Good,Retired,No,No,No,Yes,No,Trouble_Sleeping_3,Do_Not_Use,Hispanic,Male,Doctors_0_1
Very_Good,Very_Good,Excellent,Retired,Yes,No,Yes,No,No,Trouble_Sleeping_3,Do_Not_Use,White_Non_Hispanic,Male,Doctors_2_3
Good,Very_Good,Very_Good,Retired,No,No,No,Yes,No,Trouble_Sleeping_3,Do_Not_Use,White_Non_Hispanic,Female,Doctors_4_Plus
Good,Very_Good,Good,Retired,Yes,No,No,Yes,Yes,Trouble_Sleeping_2,Do_Not_Use,White_Non_Hispanic,Female,Doctors_4_Plus
Fair,Fair,Poor,Not_Working,No,No,No,No,Yes,Trouble_Sleeping_1,Use_Regularly,White_Non_Hispanic,Female,Doctors_4_Plus
Good,Good,Fair,Retired,No,No,No,Yes,Yes,Trouble_Sleeping_2,Do_Not_Use,White_Non_Hispanic,Female,Doctors_4_Plus
Good,Good,Good,Retired,Yes,No,No,No,Yes,Trouble_Sleeping_3,Do_Not_Use,Black_Non_Hispanic,Female,Doctors_2_3
Good,Very_Good,Very_Good,Retired,No,No,Yes,No,No,Trouble_Sleeping_2,Do_Not_Use,White_Non_Hispanic,Female,Doctors_4_Plus
Very_Good,Very_Good,Good,Retired,No,No,No,Yes,No,Trouble_Sleeping_3,Do_Not_Use,White_Non_Hispanic,Female,Doctors_4_Plus
Fair,Refused,Good,Retired,Yes,No,Yes,No,No,Trouble_Sleeping_3,Do_Not_Use,Black_Non_Hispanic,Male,Doctors_4_Plus
Very_Good,Refused,Very_Good,Retired,No,No,No,No,No,Trouble_Sleeping_3,Do_Not_Use,Black_Non_Hispanic,Male,Doctors_2_3
Fair,Very_Good,Good,Retired,No,No,No,Yes,Yes,Trouble_Sleeping_3,Do_Not_Use,White_Non_Hispanic,Female,Doctors_4_Plus
Fair,Good,Good,Retired,No,No,Yes,Yes,Yes,Trouble_Sleeping_2,Use_Occasionally,White_Non_Hispanic,Male,Doctors_2_3
Very_Good,Excellent,Very_Good,Working_Part_Time,No,No,No,No,Yes,Trouble_Sleeping_3,Do_Not_Use,White_Non_Hispanic,Female,Doctors_0_1
Poor,Good,Good,Retired,No,No,No,Yes,No,Trouble_Sleeping_3,Do_Not_Use,White_Non_Hispanic,Male,Doctors_2_3
Good,Very_Good,Good,Working_Full_Time,No,No,No,No,Yes,Trouble_Sleeping_2,Do_Not_Use,Two_or_More_Races,Female,Doctors_2_3
Fair,Very_Good,Fair,Retired,No,No,Yes,Yes,Yes,Trouble_Sleeping_1,Use_Regularly,Two_or_More_Races,Female,Doctors_4_Plus
Good,Very_Good,Very_Good,Retired,No,No,No,Yes,No,Trouble_Sleeping_3,Do_Not_Use,White_Non_Hispanic,Female,Doctors_2_3
Very_Good,Very_Good,Fair,Retired,Yes,No,No,Yes,No,Trouble_Sleeping_3,Do_Not_Use,White_Non_Hispanic,Female,Doctors_2_3
Good,Good,Very_Good,Retired,Yes,No,No,Yes,No,Trouble_Sleeping_2,Do_Not_Use,Hispanic,Female,Doctors_4_Plus
Good,Fair,Fair,Retired,No,No,No,Yes,Yes,Trouble_Sleeping_2,Do_Not_Use,White_Non_Hispanic,Male,Doctors_0_1
Fair,Very_Good,Fair,Retired,No,No,No,Yes,Yes,Trouble_Sleeping_2,Do_Not_Use,Other_Non_Hispanic,Female,Doctors_0_1
Good,Very_Good,Fair,Retired,No,Yes,No,No,Yes,Trouble_Sleeping_3,Do_Not_Use,Black_Non_Hispanic,Female,Doctors_4_Plus
Very_Good,Excellent,Very_Good,Retired,No,No,No,Yes,Yes,Trouble_Sleeping_2,Do_Not_Use,White_Non_Hispanic,Male,Doctors_0_1
Very_Good,Very_Good,Excellent,Retired,Yes,No,No,No,No,Trouble_Sleeping_2,Do_Not_Use,White_Non_Hispanic,Female,Doctors_2_3
Good,Excellent,Fair,Retired,No,No,No,Yes,No,Trouble_Sleeping_2,Do_Not_Use,White_Non_Hispanic,Male,Doctors_4_Plus
Good,Good,Very_Good,Working_Part_Time,Yes,No,Yes,No,No,Trouble_Sleeping_2,Do_Not_Use,White_Non_Hispanic,Female,Doctors_2_3
Excellent,Good,Good,Retired,Yes,No,No,Yes,No,Trouble_Sleeping_2,Use_Occasionally,White_Non_Hispanic,Male,Doctors_2_3
Good,Very_Good,Good,Retired,No,No,No,No,Yes,Trouble_Sleeping_3,Do_Not_Use,Other_Non_Hispanic,Female,Doctors_2_3
Fair,Good,Good,Retired,No,No,No,Yes,No,Trouble_Sleeping_1,Refused,White_Non_Hispanic,Female,Doctors_4_Plus
Good,Good,Good,Retired,No,No,No,Yes,Yes,Trouble_Sleeping_3,Do_Not_Use,White_Non_Hispanic,Female,Doctors_0_1
Fair,Good,Fair,Retired,No,Yes,No,Yes,Yes,Trouble_Sleeping_2,Do_Not_Use,Two_or_More_Races,Male,Doctors_2_3
Fair,Very_Good,Fair,Retired,Yes,No,No,Yes,No,Trouble_Sleeping_2,Do_Not_Use,Black_Non_Hispanic,Female,Doctors_4_Plus
Very_Good,Very_Good,Excellent,Retired,No,No,No,Yes,Yes,Trouble_Sleeping_3,Do_Not_Use,White_Non_Hispanic,Male,Doctors_4_Plus
Very_Good,Very_Good,Very_Good,Not_Working,Yes,No,No,Yes,No,Trouble_Sleeping_3,Do_Not_Use,Other_Non_Hispanic,Female,Doctors_4_Plus
Good,Good,Good,Retired,No,No,No,Yes,No,Trouble_Sleeping_2,Use_Regularly,White_Non_Hispanic,Female,Doctors_4_Plus
Good,Good,Good,Retired,No,Yes,Yes,No,Yes,Trouble_Sleeping_1,Do_Not_Use,White_Non_Hispanic,Female,Doctors_2_3
Fair,Very_Good,,Retired,No,No,No,Yes,Yes,Trouble_Sleeping_2,Do_Not_Use,Hispanic,Female,Doctors_4_Plus
Fair,Good,Poor,Retired,Yes,No,Yes,No,No,Trouble_Sleeping_3,Do_Not_Use,Hispanic,Female,Doctors_2_3
Good,Very_Good,Good,Retired,No,No,No,No,No,Trouble_Sleeping_2,Do_Not_Use,Black_Non_Hispanic,Male,Doctors_2_3
Very_Good,Excellent,Good,Retired,No,No,No,No,Yes,Trouble_Sleeping_1,Do_Not_Use,Two_or_More_Races,Female,Doctors_2_3
Good,Good,Good,Working_Full_Time,No,No,No,No,Yes,Trouble_Sleeping_2,Do_Not_Use,White_Non_Hispanic,Male,Doctors_2_3
Very_Good,Very_Good,Good,Working_Part_Time,No,No,No,Yes,No,Trouble_Sleeping_2,Do_Not_Use,White_Non_Hispanic,Female,Doctors_4_Plus
Very_Good,Very_Good,Very_Good,Retired,No,No,Yes,No,No,Trouble_Sleeping_2,Do_Not_Use,Black_Non_Hispanic,Male,Doctors_2_3
Very_Good,Very_Good,Very_Good,Retired,No,No,Yes,Yes,No,Trouble_Sleeping_2,Do_Not_Use,Black_Non_Hispanic,Male,Doctors_2_3
Good,Excellent,Poor,Working_Full_Time,No,No,No,Yes,No,Trouble_Sleeping_3,Do_Not_Use,White_Non_Hispanic,Male,Doctors_2_3
Very_Good,Good,,Retired,No,No,Yes,No,No,Trouble_Sleeping_3,Do_Not_Use,White_Non_Hispanic,Male,Doctors_0_1
Good,Good,Fair,Retired,No,No,No,Yes,No,Trouble_Sleeping_3,Do_Not_Use,White_Non_Hispanic,Male,Doctors_2_3
Very_Good,Very_Good,Good,Working_Part_Time,No,No,No,Yes,Yes,Trouble_Sleeping_2,Do_Not_Use,White_Non_Hispanic,Female,Doctors_2_3
Good,Good,Good,Retired,No,No,No,Yes,No,Trouble_Sleeping_3,Do_Not_Use,Black_Non_Hispanic,Male,Doctors_2_3
Good,Very_Good,Good,Retired,Yes,No,Yes,Yes,No,Trouble_Sleeping_3,Do_Not_Use,White_Non_Hispanic,Male,Doctors_2_3
Good,Excellent,Good,Retired,Yes,No,No,Yes,No,Trouble_Sleeping_2,Do_Not_Use,White_Non_Hispanic,Male,Doctors_2_3
Good,Very_Good,Very_Good,Retired,No,No,No,Yes,No,Trouble_Sleeping_3,Do_Not_Use,White_Non_Hispanic,Male,Doctors_2_3
Excellent,Excellent,Very_Good,Retired,No,No,No,No,Yes,Trouble_Sleeping_3,Do_Not_Use,White_Non_Hispanic,Female,Doctors_2_3
Very_Good,Excellent,Very_Good,Retired,No,No,No,No,Yes,Trouble_Sleeping_3,Do_Not_Use,White_Non_Hispanic,Male,Doctors_2_3
Very_Good,Excellent,Excellent,Retired,Yes,No,Yes,No,No,Trouble_Sleeping_2,Do_Not_Use,White_Non_Hispanic,Female,Doctors_2_3
Good,Excellent,Very_Good,Retired,No,No,No,No,No,Trouble_Sleeping_3,Use_Occasionally,White_Non_Hispanic,Male,Doctors_0_1
Fair,Good,,Retired,Yes,No,No,Yes,No,Trouble_Sleeping_2,Do_Not_Use,White_Non_Hispanic,Female,Doctors_4_Plus
Very_Good,Excellent,Fair,Retired,No,No,No,Yes,Yes,Trouble_Sleeping_3,Do_Not_Use,White_Non_Hispanic,Male,Doctors_2_3
Good,Very_Good,Good,Retired,No,No,No,Yes,No,Trouble_Sleeping_3,Do_Not_Use,White_Non_Hispanic,Male,Doctors_4_Plus
Very_Good,Excellent,Very_Good,Retired,No,No,No,No,Yes,Trouble_Sleeping_3,Do_Not_Use,White_Non_Hispanic,Female,Doctors_4_Plus
Good,Good,Good,Retired,No,No,No,No,Yes,Trouble_Sleeping_2,Do_Not_Use,White_Non_Hispanic,Female,Doctors_2_3
Good,Very_Good,Very_Good,Retired,No,No,Yes,Yes,No,Trouble_Sleeping_3,Do_Not_Use,White_Non_Hispanic,Female,Doctors_2_3
Excellent,Very_Good,Very_Good,Retired,No,No,No,Yes,No,Trouble_Sleeping_2,Do_Not_Use,White_Non_Hispanic,Female,Doctors_4_Plus
Very_Good,Excellent,Good,Retired,No,No,No,Yes,Yes,Trouble_Sleeping_2,Do_Not_Use,Hispanic,Female,Doctors_0_1
Fair,Very_Good,Fair,Retired,No,No,Yes,Yes,No,Trouble_Sleeping_1,Do_Not_Use,Two_or_More_Races,Female,Doctors_4_Plus
Very_Good,Very_Good,Very_Good,Retired,No,No,No,Yes,No,Trouble_Sleeping_2,Do_Not_Use,Black_Non_Hispanic,Male,Doctors_0_1
Fair,Good,Good,Retired,No,No,Yes,Yes,Yes,Trouble_Sleeping_2,Do_Not_Use,White_Non_Hispanic,Female,Doctors_0_1
Good,Very_Good,Good,Retired,Yes,Yes,No,Yes,No,Trouble_Sleeping_1,Do_Not_Use,White_Non_Hispanic,Female,Doctors_2_3
Good,Good,Good,Retired,No,No,No,No,Yes,Trouble_Sleeping_3,Do_Not_Use,White_Non_Hispanic,Male,Doctors_4_Plus
Very_Good,Excellent,Good,Retired,No,No,No,No,Yes,Trouble_Sleeping_3,Do_Not_Use,White_Non_Hispanic,Male,Doctors_4_Plus
Very_Good,Very_Good,Very_Good,Retired,No,No,No,No,Yes,Trouble_Sleeping_3,Do_Not_Use,White_Non_Hispanic,Female,Doctors_2_3
Poor,Very_Good,Poor,Retired,No,No,No,No,Yes,Trouble_Sleeping_1,Use_Regularly,Black_Non_Hispanic,Male,Doctors_4_Plus
Good,Very_Good,Excellent,Retired,No,No,Yes,Yes,No,Trouble_Sleeping_2,Use_Occasionally,White_Non_Hispanic,Female,Doctors_2_3
Good,Good,Very_Good,Retired,Yes,No,Yes,Yes,No,Trouble_Sleeping_3,Do_Not_Use,Two_or_More_Races,Female,Doctors_2_3
Good,Very_Good,Very_Good,Retired,Yes,No,No,Yes,No,Trouble_Sleeping_2,Do_Not_Use,White_Non_Hispanic,Female,Doctors_0_1
Very_Good,Very_Good,,Retired,No,No,No,Yes,Yes,Trouble_Sleeping_3,Do_Not_Use,White_Non_Hispanic,Male,Doctors_0_1
Fair,Fair,Poor,Retired,Yes,No,Yes,Yes,No,Trouble_Sleeping_3,Do_Not_Use,White_Non_Hispanic,Female,Doctors_2_3
Good,Very_Good,Fair,Retired,No,No,No,Yes,No,Trouble_Sleeping_3,Do_Not_Use,White_Non_Hispanic,Male,Doctors_2_3
Good,Excellent,Excellent,Retired,Yes,No,No,No,No,Trouble_Sleeping_1,Do_Not_Use,White_Non_Hispanic,Female,Doctors_0_1
Fair,Good,Fair,Retired,Yes,No,Yes,Yes,No,Trouble_Sleeping_3,Use_Regularly,White_Non_Hispanic,Female,Doctors_4_Plus
Very_Good,Very_Good,Fair,Working_Part_Time,No,No,No,No,No,Trouble_Sleeping_3,Do_Not_Use,White_Non_Hispanic,Female,Doctors_4_Plus
Very_Good,Good,Good,Retired,Yes,No,Yes,Yes,No,Trouble_Sleeping_2,Do_Not_Use,White_Non_Hispanic,Male,Doctors_4_Plus
Very_Good,Very_Good,Poor,Working_Full_Time,No,No,No,Yes,No,Trouble_Sleeping_3,Do_Not_Use,White_Non_Hispanic,Male,Doctors_2_3
Good,Excellent,Good,Working_Full_Time,No,No,Yes,Yes,No,Trouble_Sleeping_3,Do_Not_Use,Black_Non_Hispanic,Male,Doctors_0_1
Very_Good,Very_Good,Very_Good,Working_Full_Time,Yes,No,Yes,Yes,Yes,Trouble_Sleeping_3,Do_Not_Use,White_Non_Hispanic,Male,Doctors_4_Plus
Good,Very_Good,Fair,Retired,No,No,No,Yes,No,Trouble_Sleeping_2,Do_Not_Use,Two_or_More_Races,Female,Doctors_2_3
Very_Good,Excellent,Excellent,Retired,No,No,No,No,Yes,Trouble_Sleeping_3,Do_Not_Use,White_Non_Hispanic,Female,Doctors_2_3
Fair,Excellent,Excellent,Retired,No,No,No,Yes,No,Trouble_Sleeping_3,Do_Not_Use,White_Non_Hispanic,Female,Doctors_4_Plus
Very_Good,Very_Good,Excellent,Working_Full_Time,No,No,No,No,Yes,Trouble_Sleeping_3,Do_Not_Use,White_Non_Hispanic,Female,Doctors_2_3
Fair,Fair,Good,Working_Part_Time,No,No,No,Yes,No,Trouble_Sleeping_3,Do_Not_Use,White_Non_Hispanic,Female,Doctors_4_Plus
Very_Good,Very_Good,,Retired,No,No,No,Yes,No,Trouble_Sleeping_3,Do_Not_Use,White_Non_Hispanic,Female,Doctors_0_1
Very_Good,Excellent,Very_Good,Retired,No,No,No,No,No,Trouble_Sleeping_3,Do_Not_Use,White_Non_Hispanic,Male,Doctors_2_3
Good,Excellent,Good,Retired,No,No,Yes,Yes,Yes,Trouble_Sleeping_3,Do_Not_Use,White_Non_Hispanic,Female,Doctors_2_3
Good,Excellent,Good,Retired,No,No,No,No,Yes,Trouble_Sleeping_3,Do_Not_Use,White_Non_Hispanic,Female,Doctors_0_1
Fair,Very_Good,Good,Working_Full_Time,No,No,Yes,No,No,Trouble_Sleeping_2,Do_Not_Use,White_Non_Hispanic,Male,Doctors_2_3
Very_Good,Excellent,Good,Retired,Yes,No,No,Yes,No,Trouble_Sleeping_2,Do_Not_Use,White_Non_Hispanic,Male,Doctors_2_3
Good,Very_Good,Good,Retired,No,No,No,No,Yes,Trouble_Sleeping_3,Do_Not_Use,White_Non_Hispanic,Male,Doctors_4_Plus
Fair,Very_Good,Good,Working_Full_Time,No,No,No,No,Yes,Trouble_Sleeping_3,Do_Not_Use,White_Non_Hispanic,Male,Doctors_2_3
Very_Good,Excellent,,Retired,No,No,No,No,Yes,Trouble_Sleeping_3,Do_Not_Use,White_Non_Hispanic,Male,Doctors_4_Plus
Very_Good,Excellent,Very_Good,Retired,No,No,No,No,Yes,Trouble_Sleeping_3,Do_Not_Use,White_Non_Hispanic,Female,Doctors_2_3
Good,Good,Good,Retired,No,No,Yes,No,No,Trouble_Sleeping_3,Do_Not_Use,White_Non_Hispanic,Male,Doctors_2_3
Very_Good,Good,Very_Good,Retired,No,No,No,Yes,Yes,Trouble_Sleeping_1,Do_Not_Use,White_Non_Hispanic,Female,Doctors_2_3
Good,Good,Excellent,Retired,Yes,Yes,Yes,No,Yes,Trouble_Sleeping_1,Use_Regularly,White_Non_Hispanic,Male,Doctors_4_Plus
Good,Excellent,Fair,Retired,No,No,No,Yes,Yes,Trouble_Sleeping_2,Do_Not_Use,White_Non_Hispanic,Male,Doctors_0_1
Poor,Very_Good,Good,Not_Working,No,No,Yes,Yes,No,Trouble_Sleeping_1,Use_Regularly,White_Non_Hispanic,Female,Doctors_4_Plus
Fair,Good,Fair,Retired,Yes,No,Yes,Yes,No,Trouble_Sleeping_2,Do_Not_Use,White_Non_Hispanic,Female,Doctors_4_Plus
Good,Good,Good,Retired,No,No,No,Yes,No,Trouble_Sleeping_3,Do_Not_Use,Hispanic,Female,Doctors_2_3
Very_Good,Excellent,Very_Good,Retired,Yes,No,No,Yes,No,Trouble_Sleeping_2,Do_Not_Use,White_Non_Hispanic,Female,Doctors_0_1
Good,Very_Good,Good,Retired,No,No,No,No,Yes,Trouble_Sleeping_2,Do_Not_Use,White_Non_Hispanic,Male,Doctors_2_3
Good,Excellent,,Retired,No,No,Yes,No,Yes,Trouble_Sleeping_2,Use_Regularly,White_Non_Hispanic,Female,Doctors_4_Plus
Very_Good,Excellent,Very_Good,Retired,No,No,No,Yes,No,Trouble_Sleeping_3,Do_Not_Use,White_Non_Hispanic,Female,Doctors_2_3
Very_Good,Very_Good,Good,Retired,No,No,No,Yes,Yes,Trouble_Sleeping_3,Do_Not_Use,White_Non_Hispanic,Male,Doctors_4_Plus
Fair,Good,Good,Retired,No,No,No,Yes,No,Trouble_Sleeping_2,Do_Not_Use,White_Non_Hispanic,Male,Doctors_2_3
Excellent,Very_Good,Very_Good,Retired,No,No,No,Yes,No,Trouble_Sleeping_3,Do_Not_Use,White_Non_Hispanic,Female,Doctors_2_3
Fair,Good,Fair,Retired,No,No,No,No,Yes,Trouble_Sleeping_2,Do_Not_Use,Black_Non_Hispanic,Female,Doctors_0_1
Good,Good,,Retired,No,No,No,No,Yes,Trouble_Sleeping_2,Do_Not_Use,White_Non_Hispanic,Female,Doctors_4_Plus
Poor,Fair,Good,Retired,Yes,No,Yes,No,No,Trouble_Sleeping_2,Do_Not_Use,White_Non_Hispanic,Male,Doctors_2_3
Fair,Fair,,Retired,No,No,No,Yes,No,Trouble_Sleeping_3,Do_Not_Use,White_Non_Hispanic,Female,Doctors_2_3
Very_Good,Excellent,Fair,Retired,No,No,No,Yes,No,Trouble_Sleeping_3,Do_Not_Use,White_Non_Hispanic,Female,Doctors_0_1
Good,Excellent,Good,Retired,No,No,Yes,Yes,No,Trouble_Sleeping_2,Do_Not_Use,White_Non_Hispanic,Female,Doctors_2_3
Good,Good,,Retired,No,No,Yes,Yes,No,Trouble_Sleeping_2,Do_Not_Use,Two_or_More_Races,Female,Doctors_2_3
Very_Good,Very_Good,Excellent,Retired,No,No,No,No,No,Trouble_Sleeping_3,Do_Not_Use,White_Non_Hispanic,Male,Doctors_2_3
Fair,Good,Very_Good,Retired,No,No,Yes,No,Yes,Trouble_Sleeping_2,Do_Not_Use,White_Non_Hispanic,Male,Doctors_4_Plus
Very_Good,Excellent,Very_Good,Retired,No,No,No,No,Yes,Trouble_Sleeping_3,Do_Not_Use,White_Non_Hispanic,Female,Doctors_0_1
Very_Good,Excellent,Very_Good,Retired,No,No,No,No,Yes,Trouble_Sleeping_2,Do_Not_Use,White_Non_Hispanic,Female,Doctors_2_3
Fair,Fair,,Retired,No,No,No,No,Yes,Trouble_Sleeping_2,Do_Not_Use,White_Non_Hispanic,Female,Doctors_2_3
Very_Good,Very_Good,Fair,Retired,No,No,No,Yes,Yes,Trouble_Sleeping_2,Do_Not_Use,White_Non_Hispanic,Female,Doctors_2_3
Good,Very_Good,Good,Retired,No,No,No,No,Yes,Trouble_Sleeping_2,Do_Not_Use,White_Non_Hispanic,Female,Doctors_0_1
Very_Good,Very_Good,Very_Good,Retired,Yes,No,No,Yes,No,Trouble_Sleeping_2,Do_Not_Use,White_Non_Hispanic,Female,Doctors_2_3
Excellent,Excellent,Excellent,Retired,No,No,No,No,No,Trouble_Sleeping_3,Do_Not_Use,White_Non_Hispanic,Male,Doctors_2_3
Good,Good,Very_Good,Retired,No,Yes,No,Yes,Yes,Trouble_Sleeping_2,Use_Occasionally,White_Non_Hispanic,Male,Doctors_4_Plus
Very_Good,Very_Good,Very_Good,Retired,No,No,No,No,Yes,Trouble_Sleeping_3,Do_Not_Use,White_Non_Hispanic,Male,Doctors_2_3
Good,Very_Good,Good,Working_Full_Time,No,No,No,No,Yes,Trouble_Sleeping_-1,Do_Not_Use,White_Non_Hispanic,Female,Doctors_2_3
Good,Excellent,Fair,Retired,Yes,No,No,Yes,No,Trouble_Sleeping_2,Do_Not_Use,White_Non_Hispanic,Female,Doctors_4_Plus
Good,Very_Good,,Retired,No,No,No,No,Yes,Trouble_Sleeping_2,Do_Not_Use,White_Non_Hispanic,Male,Doctors_4_Plus
Good,Very_Good,Fair,Working_Part_Time,Yes,No,No,Yes,Yes,Trouble_Sleeping_2,Do_Not_Use,White_Non_Hispanic,Female,Doctors_0_1
Fair,Very_Good,Fair,Retired,Yes,No,No,Yes,No,Trouble_Sleeping_1,Do_Not_Use,Two_or_More_Races,Female,Doctors_2_3
Very_Good,Excellent,Good,Retired,No,No,No,No,Yes,Trouble_Sleeping_2,Do_Not_Use,Hispanic,Female,Doctors_2_3
Good,Good,Good,Retired,No,No,No,Yes,No,Trouble_Sleeping_3,Do_Not_Use,White_Non_Hispanic,Male,Doctors_2_3
Very_Good,Fair,Very_Good,Retired,No,Yes,No,Yes,No,Trouble_Sleeping_2,Do_Not_Use,White_Non_Hispanic,Male,Doctors_2_3
Good,Very_Good,Good,Working_Part_Time,Yes,No,Yes,No,No,Trouble_Sleeping_2,Use_Regularly,White_Non_Hispanic,Male,Doctors_2_3
Very_Good,Very_Good,Good,Working_Full_Time,Yes,No,No,No,No,Trouble_Sleeping_3,Do_Not_Use,White_Non_Hispanic,Female,Doctors_0_1
Very_Good,Excellent,Very_Good,Retired,No,No,No,Yes,Yes,Trouble_Sleeping_1,Do_Not_Use,White_Non_Hispanic,Male,Doctors_2_3
Good,Good,Good,Working_Part_Time,Yes,No,Yes,Yes,Yes,Trouble_Sleeping_2,Do_Not_Use,White_Non_Hispanic,Female,Doctors_2_3
Fair,Very_Good,Poor,Retired,No,Yes,No,Yes,No,Trouble_Sleeping_3,Do_Not_Use,White_Non_Hispanic,Male,Doctors_4_Plus
Excellent,Excellent,Good,Working_Full_Time,No,No,No,No,Yes,Trouble_Sleeping_3,Do_Not_Use,White_Non_Hispanic,Female,Doctors_4_Plus
Very_Good,Very_Good,Fair,Retired,No,No,No,No,Yes,Trouble_Sleeping_3,Do_Not_Use,White_Non_Hispanic,Female,Doctors_2_3
Good,Very_Good,Good,Retired,No,No,No,No,Yes,Trouble_Sleeping_3,Do_Not_Use,White_Non_Hispanic,Male,Doctors_2_3
Good,Very_Good,Poor,Retired,No,No,No,No,Yes,Trouble_Sleeping_3,Do_Not_Use,White_Non_Hispanic,Male,Doctors_0_1
Good,Very_Good,,Retired,No,No,No,Yes,No,Trouble_Sleeping_3,Do_Not_Use,Hispanic,Male,Doctors_2_3
Fair,Excellent,Excellent,Retired,Yes,No,No,Yes,No,Trouble_Sleeping_2,Do_Not_Use,White_Non_Hispanic,Female,Doctors_2_3
Good,Good,Good,Retired,No,No,No,No,Yes,Trouble_Sleeping_3,Do_Not_Use,White_Non_Hispanic,Female,Doctors_2_3
Fair,Good,Fair,Retired,No,No,No,No,Yes,Trouble_Sleeping_2,Do_Not_Use,White_Non_Hispanic,Male,Doctors_0_1
Good,Good,Fair,Retired,No,No,No,No,No,Trouble_Sleeping_2,Do_Not_Use,White_Non_Hispanic,Male,Doctors_2_3
Good,Good,Fair,Retired,No,No,No,No,Yes,Trouble_Sleeping_2,Do_Not_Use,White_Non_Hispanic,Female,Doctors_2_3
Good,Very_Good,Good,Retired,No,No,No,No,Yes,Trouble_Sleeping_3,Do_Not_Use,Other_Non_Hispanic,Male,Doctors_0_1
Fair,Good,Fair,Not_Working,No,Yes,Yes,Yes,No,Trouble_Sleeping_2,Do_Not_Use,Hispanic,Female,Doctors_4_Plus
Fair,Good,Poor,Retired,No,No,Yes,No,No,Trouble_Sleeping_2,Do_Not_Use,Black_Non_Hispanic,Female,Doctors_2_3
Very_Good,Excellent,Good,Retired,No,No,No,No,Yes,Trouble_Sleeping_2,Do_Not_Use,Other_Non_Hispanic,Female,Doctors_2_3
Poor,Fair,Poor,Retired,No,No,No,Yes,Yes,Trouble_Sleeping_3,Do_Not_Use,Other_Non_Hispanic,Male,Doctors_2_3
Very_Good,Very_Good,Fair,Retired,No,No,No,Yes,No,Trouble_Sleeping_3,Do_Not_Use,Black_Non_Hispanic,Female,Doctors_4_Plus
Good,Fair,Poor,Retired,Yes,Yes,Yes,Yes,No,Trouble_Sleeping_2,Do_Not_Use,White_Non_Hispanic,Female,Doctors_2_3
Very_Good,Very_Good,Very_Good,Retired,No,No,Yes,Yes,No,Trouble_Sleeping_2,Use_Occasionally,White_Non_Hispanic,Female,Doctors_2_3
Good,Excellent,Good,Retired,No,No,No,No,No,Trouble_Sleeping_3,Do_Not_Use,White_Non_Hispanic,Female,Doctors_2_3
Very_Good,Excellent,Very_Good,Retired,No,No,No,Yes,No,Trouble_Sleeping_3,Do_Not_Use,White_Non_Hispanic,Male,Doctors_2_3
Good,Very_Good,Fair,Retired,No,No,No,Yes,Yes,Trouble_Sleeping_3,Do_Not_Use,Other_Non_Hispanic,Female,Doctors_4_Plus
Good,Very_Good,Poor,Working_Full_Time,Yes,No,No,Yes,No,Trouble_Sleeping_2,Do_Not_Use,Black_Non_Hispanic,Female,Doctors_2_3
Good,Excellent,Very_Good,Retired,No,No,Yes,No,No,Trouble_Sleeping_1,Use_Regularly,White_Non_Hispanic,Female,Doctors_2_3
Good,Very_Good,Very_Good,Working_Full_Time,No,No,No,No,Yes,Trouble_Sleeping_3,Do_Not_Use,White_Non_Hispanic,Male,Doctors_2_3
Excellent,Excellent,Excellent,Working_Part_Time,Yes,No,No,No,No,Trouble_Sleeping_3,Do_Not_Use,White_Non_Hispanic,Female,Doctors_2_3
Good,Good,Fair,Retired,No,No,Yes,Yes,No,Trouble_Sleeping_2,Do_Not_Use,White_Non_Hispanic,Female,Doctors_4_Plus
Very_Good,Very_Good,Poor,Working_Part_Time,No,No,Yes,Yes,No,Trouble_Sleeping_3,Do_Not_Use,White_Non_Hispanic,Male,Doctors_2_3
Good,Very_Good,Good,Retired,No,No,Yes,No,No,Trouble_Sleeping_2,Do_Not_Use,White_Non_Hispanic,Female,Doctors_2_3
Very_Good,Good,Good,Retired,Yes,No,No,No,No,Trouble_Sleeping_2,Do_Not_Use,White_Non_Hispanic,Female,Doctors_0_1
Fair,Very_Good,Fair,Retired,No,No,No,No,Yes,Trouble_Sleeping_1,Do_Not_Use,White_Non_Hispanic,Male,Doctors_2_3
Very_Good,Excellent,Very_Good,Retired,No,No,No,Yes,No,Trouble_Sleeping_3,Do_Not_Use,White_Non_Hispanic,Female,Doctors_2_3
Very_Good,Excellent,Fair,Working_Full_Time,No,No,Yes,No,Yes,Trouble_Sleeping_3,Do_Not_Use,White_Non_Hispanic,Male,Doctors_2_3
Fair,Fair,Fair,Retired,Yes,No,Yes,Yes,Yes,Trouble_Sleeping_2,Do_Not_Use,White_Non_Hispanic,Male,Doctors_2_3
Good,Excellent,Good,Retired,Yes,No,Yes,Yes,Yes,Trouble_Sleeping_1,Do_Not_Use,White_Non_Hispanic,Female,Doctors_0_1
Good,Good,Fair,Working_Full_Time,Yes,No,Yes,No,No,Trouble_Sleeping_3,Do_Not_Use,Two_or_More_Races,Male,Doctors_2_3
Very_Good,Very_Good,Good,Retired,No,No,No,No,No,Trouble_Sleeping_2,Do_Not_Use,Two_or_More_Races,Female,Doctors_2_3
Fair,Very_Good,Fair,Working_Full_Time,Yes,No,No,No,No,Trouble_Sleeping_3,Do_Not_Use,White_Non_Hispanic,Female,Doctors_0_1
Refused,Good,Poor,Retired,No,No,No,Yes,No,Trouble_Sleeping_3,Refused,Black_Non_Hispanic,Female,Doctors_2_3
Good,Refused,,Retired,No,No,No,No,Yes,Trouble_Sleeping_3,Do_Not_Use,White_Non_Hispanic,Male,Doctors_4_Plus
Very_Good,Excellent,Very_Good,Retired,No,No,No,No,Yes,Trouble_Sleeping_2,Do_Not_Use,White_Non_Hispanic,Female,Doctors_2_3
Good,Very_Good,Fair,Retired,Yes,No,No,Yes,No,Trouble_Sleeping_2,Do_Not_Use,White_Non_Hispanic,Female,Doctors_2_3
Good,Good,Good,Retired,No,No,No,Yes,No,Trouble_Sleeping_2,Do_Not_Use,Hispanic,Male,Doctors_2_3
Very_Good,Excellent,Very_Good,Working_Part_Time,No,No,No,No,Yes,Trouble_Sleeping_3,Do_Not_Use,Other_Non_Hispanic,Male,Doctors_2_3
Fair,Very_Good,Very_Good,Retired,No,No,No,No,Yes,Trouble_Sleeping_3,Do_Not_Use,White_Non_Hispanic,Female,Doctors_2_3
Fair,Very_Good,Good,Retired,No,No,No,Yes,No,Trouble_Sleeping_2,Do_Not_Use,White_Non_Hispanic,Female,Doctors_2_3
Excellent,Very_Good,Very_Good,Working_Full_Time,Yes,No,No,No,No,Trouble_Sleeping_2,Do_Not_Use,White_Non_Hispanic,Female,Doctors_0_1
Very_Good,Very_Good,Very_Good,Retired,No,No,No,Yes,Yes,Trouble_Sleeping_3,Do_Not_Use,White_Non_Hispanic,Female,Doctors_4_Plus
Very_Good,Excellent,Good,Retired,No,No,No,Yes,Yes,Trouble_Sleeping_3,Do_Not_Use,Hispanic,Male,Doctors_2_3
Poor,Excellent,Poor,Retired,No,Yes,Yes,No,No,Trouble_Sleeping_1,Do_Not_Use,White_Non_Hispanic,Male,Doctors_0_1
Good,Excellent,Good,Retired,No,No,No,No,Yes,Trouble_Sleeping_3,Do_Not_Use,Black_Non_Hispanic,Male,Doctors_2_3
Good,Good,Very_Good,Retired,No,No,No,No,Yes,Trouble_Sleeping_2,Do_Not_Use,White_Non_Hispanic,Male,Doctors_2_3
Excellent,Excellent,Excellent,Retired,No,No,No,Yes,No,Trouble_Sleeping_2,Do_Not_Use,Hispanic,Female,Doctors_2_3
Good,Good,Fair,Retired,No,No,Yes,Yes,No,Trouble_Sleeping_2,Do_Not_Use,White_Non_Hispanic,Male,Doctors_0_1
Fair,Good,Very_Good,Retired,No,Yes,No,No,Yes,Trouble_Sleeping_3,Use_Regularly,White_Non_Hispanic,Female,Doctors_4_Plus
Good,Good,Good,Retired,No,No,No,No,Yes,Trouble_Sleeping_1,Use_Occasionally,White_Non_Hispanic,Female,Doctors_4_Plus
Very_Good,Excellent,Very_Good,Retired,No,Yes,No,Yes,Yes,Trouble_Sleeping_3,Do_Not_Use,White_Non_Hispanic,Male,Doctors_2_3
Good,Excellent,Excellent,Retired,No,No,No,No,Yes,Trouble_Sleeping_3,Do_Not_Use,White_Non_Hispanic,Male,Doctors_4_Plus
Good,Good,Very_Good,Retired,No,No,No,Yes,No,Trouble_Sleeping_3,Do_Not_Use,White_Non_Hispanic,Male,Doctors_2_3
Good,Very_Good,Good,Retired,Yes,No,No,No,No,Trouble_Sleeping_1,Do_Not_Use,White_Non_Hispanic,Female,Doctors_4_Plus
Fair,Good,Very_Good,Retired,No,No,Yes,No,No,Trouble_Sleeping_2,Do_Not_Use,White_Non_Hispanic,Female,Doctors_2_3
Very_Good,Very_Good,Refused,Retired,No,No,No,No,Yes,Trouble_Sleeping_2,Do_Not_Use,White_Non_Hispanic,Female,Doctors_2_3
Good,Good,Good,Retired,Yes,No,No,Yes,No,Trouble_Sleeping_3,Do_Not_Use,White_Non_Hispanic,Female,Doctors_2_3
Good,Excellent,Very_Good,Working_Full_Time,Yes,No,Yes,Yes,No,Trouble_Sleeping_2,Do_Not_Use,White_Non_Hispanic,Female,Doctors_4_Plus
Very_Good,Very_Good,,Retired,Yes,No,No,No,No,Trouble_Sleeping_3,Do_Not_Use,White_Non_Hispanic,Male,Doctors_2_3
Good,Good,Fair,Retired,No,No,No,No,Yes,Trouble_Sleeping_2,Do_Not_Use,White_Non_Hispanic,Male,Doctors_2_3
Very_Good,Very_Good,Very_Good,Retired,No,No,No,No,Yes,Trouble_Sleeping_3,Do_Not_Use,Hispanic,Female,Doctors_0_1
Good,Good,Good,Retired,Yes,No,Yes,Yes,No,Trouble_Sleeping_2,Use_Occasionally,White_Non_Hispanic,Female,Doctors_2_3
Good,Excellent,Good,Retired,No,No,Yes,Yes,No,Trouble_Sleeping_3,Do_Not_Use,White_Non_Hispanic,Male,Doctors_4_Plus
Very_Good,Very_Good,Good,Retired,Yes,No,No,Yes,Yes,Trouble_Sleeping_2,Do_Not_Use,White_Non_Hispanic,Female,Doctors_2_3
Fair,Very_Good,Fair,Retired,No,Yes,No,Yes,No,Trouble_Sleeping_2,Do_Not_Use,White_Non_Hispanic,Female,Doctors_4_Plus
Good,Very_Good,Good,Retired,No,No,No,Yes,No,Trouble_Sleeping_3,Do_Not_Use,Hispanic,Male,Doctors_0_1
Good,Good,Very_Good,Retired,No,No,No,No,Yes,Trouble_Sleeping_3,Do_Not_Use,White_Non_Hispanic,Male,Doctors_4_Plus
Excellent,Very_Good,Good,Retired,No,No,No,No,Yes,Trouble_Sleeping_3,Do_Not_Use,White_Non_Hispanic,Female,Doctors_2_3
Fair,Fair,,Working_Part_Time,Yes,No,No,No,No,Trouble_Sleeping_3,Do_Not_Use,White_Non_Hispanic,Female,Doctors_0_1
Good,Very_Good,Good,Retired,No,No,Yes,Yes,No,Trouble_Sleeping_2,Do_Not_Use,White_Non_Hispanic,Male,Doctors_0_1
Very_Good,Very_Good,Fair,Working_Full_Time,No,No,No,No,Yes,Trouble_Sleeping_3,Do_Not_Use,White_Non_Hispanic,Male,Doctors_4_Plus
Very_Good,Very_Good,Very_Good,Retired,No,No,No,No,Yes,Trouble_Sleeping_3,Do_Not_Use,Hispanic,Male,Doctors_2_3
Very_Good,Excellent,Excellent,Retired,No,No,No,Yes,Yes,Trouble_Sleeping_2,Do_Not_Use,White_Non_Hispanic,Female,Doctors_2_3
Very_Good,Excellent,Very_Good,Retired,No,No,No,No,No,Trouble_Sleeping_1,Do_Not_Use,White_Non_Hispanic,Male,Doctors_4_Plus
Good,Very_Good,Very_Good,Retired,No,No,Yes,Yes,No,Trouble_Sleeping_1,Do_Not_Use,White_Non_Hispanic,Female,Doctors_2_3
Very_Good,Excellent,Good,Retired,No,No,No,No,No,Trouble_Sleeping_3,Do_Not_Use,White_Non_Hispanic,Male,Doctors_2_3
Good,Excellent,Poor,Retired,No,No,No,No,Yes,Trouble_Sleeping_3,Do_Not_Use,White_Non_Hispanic,Female,Doctors_4_Plus
Good,Excellent,Very_Good,Retired,No,No,No,Yes,No,Trouble_Sleeping_3,Do_Not_Use,Black_Non_Hispanic,Female,Doctors_2_3
Good,Very_Good,,Retired,No,No,No,No,Yes,Trouble_Sleeping_3,Do_Not_Use,White_Non_Hispanic,Female,Doctors_0_1
Very_Good,Very_Good,Fair,Retired,No,No,No,No,Yes,Trouble_Sleeping_3,Do_Not_Use,White_Non_Hispanic,Male,Doctors_0_1
Fair,Very_Good,Very_Good,Not_Working,Yes,No,No,No,No,Trouble_Sleeping_3,Do_Not_Use,White_Non_Hispanic,Female,Doctors_4_Plus
Good,Very_Good,Good,Retired,No,No,No,No,Yes,Trouble_Sleeping_3,Do_Not_Use,White_Non_Hispanic,Female,Doctors_0_1
Very_Good,Excellent,Very_Good,Retired,No,No,No,No,No,Trouble_Sleeping_3,Do_Not_Use,White_Non_Hispanic,Female,Doctors_2_3
Good,Excellent,Very_Good,Working_Full_Time,No,No,No,No,Yes,Trouble_Sleeping_3,Do_Not_Use,White_Non_Hispanic,Male,Doctors_2_3
Good,Very_Good,,Retired,No,No,No,No,No,Trouble_Sleeping_3,Do_Not_Use,White_Non_Hispanic,Female,Doctors_4_Plus
Very_Good,Very_Good,Very_Good,Retired,No,No,Yes,No,No,Trouble_Sleeping_3,Do_Not_Use,White_Non_Hispanic,Female,Doctors_4_Plus
Very_Good,Excellent,Excellent,Retired,No,No,Yes,Yes,No,Trouble_Sleeping_3,Do_Not_Use,White_Non_Hispanic,Male,Doctors_2_3
Very_Good,Excellent,Very_Good,Working_Full_Time,No,No,No,Yes,Yes,Trouble_Sleeping_3,Do_Not_Use,White_Non_Hispanic,Male,Doctors_2_3
Good,Very_Good,Fair,Retired,No,No,No,No,Yes,Trouble_Sleeping_2,Do_Not_Use,White_Non_Hispanic,Female,Doctors_4_Plus
Very_Good,Excellent,Excellent,Retired,No,No,No,No,No,Trouble_Sleeping_3,Do_Not_Use,White_Non_Hispanic,Male,Doctors_2_3
Very_Good,Very_Good,Fair,Retired,No,No,No,Yes,Yes,Trouble_Sleeping_3,Use_Occasionally,White_Non_Hispanic,Male,Doctors_4_Plus
Fair,Poor,,Retired,No,No,No,No,Yes,Trouble_Sleeping_3,Use_Occasionally,White_Non_Hispanic,Female,Doctors_4_Plus
Very_Good,Very_Good,Excellent,Retired,No,No,No,Yes,No,Trouble_Sleeping_3,Do_Not_Use,White_Non_Hispanic,Male,Doctors_2_3
Poor,Poor,Good,Retired,Yes,Yes,Yes,Yes,No,Trouble_Sleeping_1,Use_Regularly,White_Non_Hispanic,Male,Doctors_4_Plus
Fair,Good,Fair,Retired,Yes,No,No,No,No,Trouble_Sleeping_3,Do_Not_Use,Hispanic,Female,Doctors_0_1
Fair,Very_Good,Good,Retired,No,No,No,Yes,No,Trouble_Sleeping_3,Do_Not_Use,White_Non_Hispanic,Male,Doctors_4_Plus
Good,Excellent,Fair,Retired,No,No,No,No,Yes,Trouble_Sleeping_3,Do_Not_Use,White_Non_Hispanic,Female,Doctors_2_3
Good,Good,Fair,Retired,No,No,No,No,Yes,Trouble_Sleeping_2,Do_Not_Use,Black_Non_Hispanic,Female,Doctors_0_1
Very_Good,Excellent,Good,Retired,Yes,No,No,No,No,Trouble_Sleeping_3,Do_Not_Use,Hispanic,Female,Doctors_2_3
Good,Good,Very_Good,Retired,No,No,No,Yes,No,Trouble_Sleeping_3,Do_Not_Use,White_Non_Hispanic,Female,Doctors_2_3
Fair,Good,Very_Good,Working_Full_Time,No,No,No,No,No,Trouble_Sleeping_3,Use_Regularly,White_Non_Hispanic,Male,Doctors_2_3
Good,Very_Good,Poor,Retired,No,No,No,Yes,Yes,Trouble_Sleeping_2,Do_Not_Use,Black_Non_Hispanic,Female,Doctors_2_3
Fair,Good,Excellent,Retired,Yes,No,Yes,Yes,No,Trouble_Sleeping_3,Do_Not_Use,White_Non_Hispanic,Female,Doctors_2_3
Very_Good,Excellent,Excellent,Retired,No,No,No,No,Yes,Trouble_Sleeping_3,Do_Not_Use,White_Non_Hispanic,Male,Doctors_0_1
Good,Very_Good,Excellent,Retired,No,No,No,No,Yes,Trouble_Sleeping_2,Do_Not_Use,Hispanic,Female,Doctors_4_Plus
Fair,Excellent,Very_Good,Retired,No,No,Yes,Yes,No,Trouble_Sleeping_2,Do_Not_Use,White_Non_Hispanic,Female,Doctors_2_3
Poor,Good,Poor,Not_Working,Yes,No,Yes,Yes,No,Trouble_Sleeping_1,Use_Occasionally,Hispanic,Female,Doctors_4_Plus
Very_Good,Very_Good,Very_Good,Working_Part_Time,No,No,No,Yes,No,Trouble_Sleeping_3,Do_Not_Use,White_Non_Hispanic,Female,Doctors_2_3
Very_Good,Excellent,Fair,Working_Part_Time,No,No,No,Yes,Yes,Trouble_Sleeping_2,Do_Not_Use,Other_Non_Hispanic,Male,Doctors_4_Plus
Fair,Fair,Fair,Retired,Yes,No,No,Yes,No,Trouble_Sleeping_2,Do_Not_Use,Hispanic,Female,Doctors_2_3
Very_Good,Excellent,Excellent,Retired,Yes,No,No,Yes,No,Trouble_Sleeping_3,Do_Not_Use,White_Non_Hispanic,Female,Doctors_2_3
Fair,Good,,Retired,No,No,No,No,No,Trouble_Sleeping_2,Do_Not_Use,White_Non_Hispanic,Male,Doctors_4_Plus
Excellent,Very_Good,Excellent,Retired,No,No,No,No,Yes,Trouble_Sleeping_2,Do_Not_Use,White_Non_Hispanic,Male,Doctors_2_3
Very_Good,Very_Good,Very_Good,Retired,Yes,No,No,No,No,Trouble_Sleeping_2,Do_Not_Use,White_Non_Hispanic,Female,Doctors_2_3
Good,Good,Good,Not_Working,No,No,No,No,Yes,Trouble_Sleeping_1,Do_Not_Use,White_Non_Hispanic,Female,Doctors_4_Plus
Poor,Very_Good,Fair,Retired,No,No,Yes,Yes,No,Trouble_Sleeping_2,Do_Not_Use,White_Non_Hispanic,Female,Doctors_4_Plus
Very_Good,Very_Good,Very_Good,Working_Full_Time,No,No,No,Yes,Yes,Trouble_Sleeping_3,Do_Not_Use,Other_Non_Hispanic,Male,Doctors_0_1
Very_Good,Very_Good,Very_Good,Retired,Yes,No,No,Yes,No,Trouble_Sleeping_2,Do_Not_Use,Hispanic,Female,Doctors_0_1
Very_Good,Very_Good,Very_Good,Retired,No,No,No,No,No,Trouble_Sleeping_3,Do_Not_Use,Black_Non_Hispanic,Female,Doctors_0_1
Fair,Good,,Retired,Yes,No,Yes,No,No,Trouble_Sleeping_2,Do_Not_Use,Hispanic,Male,Doctors_2_3
Very_Good,Very_Good,Very_Good,Retired,No,No,Yes,Yes,No,Trouble_Sleeping_2,Do_Not_Use,White_Non_Hispanic,Female,Doctors_2_3
Good,Good,Fair,Retired,No,Yes,No,Yes,No,Trouble_Sleeping_1,Do_Not_Use,White_Non_Hispanic,Female,Doctors_2_3
Good,Excellent,Good,Not_Working,No,No,No,No,Yes,Trouble_Sleeping_2,Do_Not_Use,White_Non_Hispanic,Female,Doctors_0_1
Very_Good,Excellent,Good,Working_Part_Time,No,No,No,Yes,Yes,Trouble_Sleeping_2,Do_Not_Use,White_Non_Hispanic,Male,Doctors_2_3
Very_Good,Very_Good,Fair,Retired,No,No,No,Yes,No,Trouble_Sleeping_3,Do_Not_Use,White_Non_Hispanic,Female,Doctors_0_1
Very_Good,Excellent,Very_Good,Working_Part_Time,No,No,No,No,Yes,Trouble_Sleeping_3,Do_Not_Use,White_Non_Hispanic,Female,Doctors_2_3
Good,Very_Good,Poor,Retired,Yes,No,No,No,Yes,Trouble_Sleeping_2,Do_Not_Use,White_Non_Hispanic,Female,Doctors_4_Plus
Good,Excellent,Good,Retired,No,No,No,No,Yes,Trouble_Sleeping_1,Use_Regularly,White_Non_Hispanic,Male,Doctors_2_3
Good,Good,Very_Good,Retired,Yes,No,No,Yes,No,Trouble_Sleeping_2,Use_Occasionally,White_Non_Hispanic,Female,Doctors_4_Plus
Fair,Excellent,Fair,Retired,No,No,No,No,No,Trouble_Sleeping_2,Do_Not_Use,White_Non_Hispanic,Female,Doctors_4_Plus
Very_Good,Very_Good,Excellent,Working_Part_Time,No,No,No,No,No,Trouble_Sleeping_3,Do_Not_Use,White_Non_Hispanic,Female,Doctors_4_Plus
Good,Good,Good,Retired,No,No,No,No,No,Trouble_Sleeping_3,Do_Not_Use,Hispanic,Female,Doctors_2_3
Fair,Good,Fair,Retired,No,No,Yes,Yes,Yes,Trouble_Sleeping_2,Do_Not_Use,White_Non_Hispanic,Male,Doctors_2_3
Very_Good,Excellent,Good,Retired,No,No,No,No,Yes,Trouble_Sleeping_3,Do_Not_Use,White_Non_Hispanic,Male,Doctors_0_1
Good,Very_Good,,Working_Full_Time,No,No,Yes,Yes,No,Trouble_Sleeping_2,Do_Not_Use,Black_Non_Hispanic,Male,Doctors_4_Plus
Excellent,Excellent,Very_Good,Working_Full_Time,No,No,No,Yes,No,Trouble_Sleeping_3,Do_Not_Use,White_Non_Hispanic,Male,Doctors_0_1
Excellent,Excellent,Very_Good,Working_Part_Time,No,No,No,Yes,No,Trouble_Sleeping_2,Do_Not_Use,White_Non_Hispanic,Female,Doctors_0_1
Excellent,Very_Good,Fair,Working_Full_Time,No,No,No,Yes,No,Trouble_Sleeping_2,Do_Not_Use,White_Non_Hispanic,Male,Doctors_2_3
Excellent,Very_Good,Fair,Retired,Yes,No,No,Yes,No,Trouble_Sleeping_3,Do_Not_Use,White_Non_Hispanic,Female,Doctors_2_3
Good,Excellent,Poor,Retired,No,No,No,Yes,No,Trouble_Sleeping_2,Do_Not_Use,White_Non_Hispanic,Female,Doctors_4_Plus
Very_Good,Excellent,Very_Good,Retired,No,No,No,No,Yes,Trouble_Sleeping_3,Do_Not_Use,White_Non_Hispanic,Female,Doctors_0_1
Good,Very_Good,Very_Good,Retired,No,No,No,No,Yes,Trouble_Sleeping_2,Do_Not_Use,White_Non_Hispanic,Female,Doctors_2_3
Good,Fair,Very_Good,Retired,Yes,No,No,Yes,Yes,Trouble_Sleeping_2,Do_Not_Use,White_Non_Hispanic,Male,Doctors_2_3
Good,Very_Good,Very_Good,Retired,No,No,No,No,Yes,Trouble_Sleeping_2,Do_Not_Use,White_Non_Hispanic,Female,Doctors_2_3
Very_Good,Excellent,Fair,Retired,No,No,No,Yes,No,Trouble_Sleeping_2,Do_Not_Use,Black_Non_Hispanic,Male,Doctors_2_3
Very_Good,Good,Excellent,Retired,No,No,No,No,Yes,Trouble_Sleeping_1,Use_Occasionally,White_Non_Hispanic,Female,Doctors_4_Plus
Very_Good,Excellent,Excellent,Working_Full_Time,No,No,No,Yes,No,Trouble_Sleeping_2,Do_Not_Use,White_Non_Hispanic,Male,Doctors_4_Plus
Good,Good,Fair,Retired,No,No,No,No,Yes,Trouble_Sleeping_3,Do_Not_Use,White_Non_Hispanic,Male,Doctors_0_1
Very_Good,Excellent,Very_Good,Retired,No,No,No,Yes,No,Trouble_Sleeping_3,Do_Not_Use,White_Non_Hispanic,Male,Doctors_4_Plus
Good,Excellent,Excellent,Retired,No,Yes,No,Yes,No,Trouble_Sleeping_3,Do_Not_Use,White_Non_Hispanic,Male,Doctors_4_Plus
Fair,Good,,Retired,No,No,No,No,Yes,Trouble_Sleeping_3,Do_Not_Use,White_Non_Hispanic,Female,Doctors_2_3
Very_Good,Very_Good,Very_Good,Retired,No,No,No,Yes,Yes,Trouble_Sleeping_3,Do_Not_Use,White_Non_Hispanic,Female,Doctors_2_3
Good,Excellent,Good,Retired,No,No,No,Yes,No,Trouble_Sleeping_3,Do_Not_Use,White_Non_Hispanic,Male,Doctors_2_3
Good,Excellent,Poor,Not_Working,Yes,No,Yes,No,No,Trouble_Sleeping_1,Do_Not_Use,Black_Non_Hispanic,Female,Doctors_4_Plus
Excellent,Excellent,Excellent,Retired,No,No,No,No,Yes,Trouble_Sleeping_2,Do_Not_Use,White_Non_Hispanic,Female,Doctors_0_1
Very_Good,Very_Good,Very_Good,Retired,No,No,No,No,Yes,Trouble_Sleeping_3,Do_Not_Use,White_Non_Hispanic,Female,Doctors_0_1
Poor,Good,Poor,Retired,No,No,Yes,No,No,Trouble_Sleeping_2,Use_Occasionally,White_Non_Hispanic,Male,Doctors_0_1
Good,Good,Excellent,Retired,Yes,No,No,Yes,No,Trouble_Sleeping_3,Do_Not_Use,White_Non_Hispanic,Female,Doctors_4_Plus
Very_Good,Very_Good,Very_Good,Retired,No,No,No,No,Yes,Trouble_Sleeping_2,Do_Not_Use,White_Non_Hispanic,Female,Doctors_2_3
Good,Very_Good,Fair,Retired,No,No,No,No,No,Trouble_Sleeping_3,Do_Not_Use,Black_Non_Hispanic,Male,Doctors_2_3
Good,Very_Good,Very_Good,Retired,Yes,No,No,No,No,Trouble_Sleeping_3,Do_Not_Use,White_Non_Hispanic,Female,Doctors_4_Plus
Very_Good,Very_Good,Very_Good,Retired,Yes,No,No,Yes,No,Trouble_Sleeping_3,Do_Not_Use,White_Non_Hispanic,Male,Doctors_2_3
Very_Good,Good,Good,Working_Part_Time,No,No,No,Yes,No,Trouble_Sleeping_3,Do_Not_Use,White_Non_Hispanic,Female,Doctors_4_Plus
Good,Good,Good,Retired,No,No,No,No,Yes,Trouble_Sleeping_3,Do_Not_Use,White_Non_Hispanic,Female,Doctors_0_1
Fair,Very_Good,,Retired,No,No,Yes,No,No,Trouble_Sleeping_2,Use_Regularly,White_Non_Hispanic,Male,Doctors_4_Plus
Very_Good,Excellent,Good,Retired,No,Yes,Yes,No,No,Trouble_Sleeping_2,Do_Not_Use,Black_Non_Hispanic,Female,Doctors_2_3
Good,Good,Good,Retired,Yes,No,No,Yes,No,Trouble_Sleeping_2,Do_Not_Use,White_Non_Hispanic,Female,Doctors_2_3
Excellent,Very_Good,Good,Working_Part_Time,Yes,No,No,No,No,Trouble_Sleeping_3,Do_Not_Use,Hispanic,Female,Doctors_0_1
Good,Fair,Fair,Retired,Yes,No,No,No,Yes,Trouble_Sleeping_3,Do_Not_Use,Two_or_More_Races,Male,Doctors_4_Plus
Good,Very_Good,Fair,Retired,No,No,No,No,Yes,Trouble_Sleeping_3,Do_Not_Use,White_Non_Hispanic,Female,Doctors_2_3
Good,Very_Good,,Retired,No,No,No,No,Yes,Trouble_Sleeping_2,Do_Not_Use,White_Non_Hispanic,Female,Doctors_4_Plus
Very_Good,Excellent,Very_Good,Working_Part_Time,No,No,No,No,Yes,Trouble_Sleeping_2,Do_Not_Use,White_Non_Hispanic,Male,Doctors_4_Plus
Poor,Good,,Retired,No,No,Yes,Yes,No,Trouble_Sleeping_2,Do_Not_Use,White_Non_Hispanic,Female,Doctors_2_3
Very_Good,Good,Very_Good,Retired,Yes,No,No,No,No,Trouble_Sleeping_2,Do_Not_Use,White_Non_Hispanic,Female,Doctors_2_3
Poor,Good,Fair,Retired,Yes,No,Yes,No,No,Trouble_Sleeping_1,Do_Not_Use,White_Non_Hispanic,Male,Doctors_4_Plus
Very_Good,Very_Good,Good,Working_Full_Time,No,No,No,No,No,Trouble_Sleeping_2,Do_Not_Use,White_Non_Hispanic,Female,Doctors_2_3
Fair,Refused,Poor,Retired,No,No,No,Yes,No,Trouble_Sleeping_3,Do_Not_Use,Hispanic,Female,Doctors_2_3
Very_Good,Excellent,Excellent,Retired,No,No,No,Yes,No,Trouble_Sleeping_3,Do_Not_Use,White_Non_Hispanic,Female,Doctors_2_3
Very_Good,Very_Good,Very_Good,Retired,No,No,No,Yes,Yes,Trouble_Sleeping_2,Do_Not_Use,White_Non_Hispanic,Male,Doctors_4_Plus
Very_Good,Very_Good,Very_Good,Retired,No,No,No,No,Yes,Trouble_Sleeping_3,Do_Not_Use,Black_Non_Hispanic,Male,Doctors_2_3
Fair,Very_Good,,Working_Full_Time,No,No,Yes,Yes,No,Trouble_Sleeping_3,Do_Not_Use,White_Non_Hispanic,Female,Doctors_2_3
Fair,Good,Fair,Retired,No,No,No,No,No,Trouble_Sleeping_3,Do_Not_Use,Other_Non_Hispanic,Male,Doctors_4_Plus
Good,Refused,Very_Good,Retired,No,No,No,Yes,No,Trouble_Sleeping_2,Use_Occasionally,Hispanic,Female,Doctors_2_3
Good,Very_Good,Fair,Working_Part_Time,No,No,No,No,Yes,Trouble_Sleeping_2,Do_Not_Use,White_Non_Hispanic,Male,Doctors_0_1
Very_Good,Excellent,Fair,Retired,Yes,No,No,No,No,Trouble_Sleeping_1,Do_Not_Use,Black_Non_Hispanic,Male,Doctors_0_1
Good,Fair,Fair,Retired,Yes,No,Yes,Yes,No,Trouble_Sleeping_1,Do_Not_Use,White_Non_Hispanic,Female,Doctors_4_Plus
Excellent,Excellent,Very_Good,Working_Full_Time,Yes,No,No,Yes,No,Trouble_Sleeping_3,Do_Not_Use,White_Non_Hispanic,Male,Doctors_4_Plus
Good,Very_Good,Very_Good,Retired,No,No,No,Yes,No,Trouble_Sleeping_3,Do_Not_Use,White_Non_Hispanic,Female,Doctors_2_3
Good,Excellent,Excellent,Retired,No,No,No,No,Yes,Trouble_Sleeping_3,Do_Not_Use,White_Non_Hispanic,Female,Doctors_2_3
Fair,Good,Poor,Retired,No,Yes,No,Yes,No,Trouble_Sleeping_1,Do_Not_Use,White_Non_Hispanic,Female,Doctors_4_Plus
Fair,Good,Good,Retired,No,No,Yes,No,Yes,Trouble_Sleeping_2,Do_Not_Use,White_Non_Hispanic,Female,Doctors_2_3
Fair,Good,Poor,Retired,No,No,Yes,Yes,No,Trouble_Sleeping_3,Do_Not_Use,White_Non_Hispanic,Male,Doctors_0_1
Fair,Very_Good,,Not_Working,No,No,No,No,Yes,Trouble_Sleeping_3,Do_Not_Use,Black_Non_Hispanic,Male,Doctors_2_3
Very_Good,Excellent,Very_Good,Retired,No,No,No,Yes,Yes,Trouble_Sleeping_2,Do_Not_Use,White_Non_Hispanic,Female,Doctors_2_3
Good,Very_Good,Good,Working_Part_Time,No,No,No,No,Yes,Trouble_Sleeping_3,Do_Not_Use,Black_Non_Hispanic,Female,Doctors_0_1
Good,Excellent,Good,Retired,No,No,No,No,Yes,Trouble_Sleeping_2,Do_Not_Use,Black_Non_Hispanic,Female,Doctors_4_Plus
Very_Good,Very_Good,Fair,Working_Part_Time,Yes,Yes,Yes,No,No,Trouble_Sleeping_2,Do_Not_Use,White_Non_Hispanic,Male,Doctors_2_3
Good,Fair,Good,Working_Full_Time,No,No,No,Yes,No,Trouble_Sleeping_3,Do_Not_Use,Hispanic,Female,Doctors_0_1
Good,Excellent,Good,Retired,No,No,No,Yes,No,Trouble_Sleeping_3,Do_Not_Use,Black_Non_Hispanic,Female,Doctors_2_3
Good,Very_Good,Good,Retired,No,No,Yes,Yes,No,Trouble_Sleeping_2,Do_Not_Use,White_Non_Hispanic,Female,Doctors_2_3
Fair,Fair,Poor,Retired,No,No,No,No,Yes,Trouble_Sleeping_3,Do_Not_Use,Hispanic,Female,Doctors_2_3
Fair,Very_Good,Good,Retired,Yes,No,No,Yes,No,Trouble_Sleeping_3,Do_Not_Use,Black_Non_Hispanic,Female,Doctors_2_3
Good,Very_Good,Good,Retired,No,No,No,No,Yes,Trouble_Sleeping_2,Do_Not_Use,White_Non_Hispanic,Female,Doctors_4_Plus
Fair,Fair,Fair,Retired,Yes,No,No,No,No,Trouble_Sleeping_2,Do_Not_Use,Other_Non_Hispanic,Male,Doctors_4_Plus
Fair,Fair,Refused,Working_Full_Time,Yes,Yes,Yes,No,No,Trouble_Sleeping_2,Use_Regularly,Other_Non_Hispanic,Male,Doctors_2_3
Good,Good,Fair,Working_Full_Time,No,No,No,Yes,No,Trouble_Sleeping_3,Do_Not_Use,Hispanic,Female,Doctors_2_3
Very_Good,Very_Good,Very_Good,Retired,No,No,No,No,Yes,Trouble_Sleeping_3,Do_Not_Use,White_Non_Hispanic,Male,Doctors_2_3
Very_Good,Excellent,Excellent,Retired,No,No,No,No,Yes,Trouble_Sleeping_3,Do_Not_Use,White_Non_Hispanic,Female,Doctors_4_Plus
Good,Very_Good,Good,Retired,No,No,No,Yes,Yes,Trouble_Sleeping_3,Do_Not_Use,White_Non_Hispanic,Female,Doctors_4_Plus
Good,Very_Good,Very_Good,Retired,No,Yes,Yes,Yes,No,Trouble_Sleeping_3,Do_Not_Use,Black_Non_Hispanic,Female,Doctors_4_Plus
Good,Good,,Retired,No,No,No,No,Yes,Trouble_Sleeping_3,Do_Not_Use,White_Non_Hispanic,Female,Doctors_0_1
Very_Good,Excellent,Good,Working_Part_Time,Yes,No,No,Yes,No,Trouble_Sleeping_3,Do_Not_Use,White_Non_Hispanic,Female,Doctors_2_3
Very_Good,Excellent,Very_Good,Retired,No,No,No,Yes,Yes,Trouble_Sleeping_3,Do_Not_Use,White_Non_Hispanic,Male,Doctors_4_Plus
Fair,Very_Good,,Retired,No,No,No,Yes,No,Trouble_Sleeping_3,Do_Not_Use,White_Non_Hispanic,Male,Doctors_2_3
Very_Good,Very_Good,Very_Good,Retired,No,No,No,No,Yes,Trouble_Sleeping_1,Use_Regularly,White_Non_Hispanic,Female,Doctors_2_3
Fair,Fair,Poor,Retired,Yes,No,Yes,Yes,No,Trouble_Sleeping_2,Do_Not_Use,White_Non_Hispanic,Female,Doctors_4_Plus
Good,Excellent,Good,Retired,No,No,No,Yes,No,Trouble_Sleeping_2,Do_Not_Use,White_Non_Hispanic,Male,Doctors_4_Plus
Very_Good,Very_Good,Good,Retired,Yes,No,No,No,No,Trouble_Sleeping_2,Do_Not_Use,White_Non_Hispanic,Female,Doctors_4_Plus
Very_Good,Very_Good,Very_Good,Retired,No,Yes,No,No,No,Trouble_Sleeping_2,Use_Regularly,Hispanic,Male,Doctors_0_1
Excellent,Excellent,Very_Good,Retired,Yes,No,No,No,No,Trouble_Sleeping_2,Do_Not_Use,White_Non_Hispanic,Female,Doctors_2_3
Good,Very_Good,Fair,Retired,No,No,No,Yes,Yes,Trouble_Sleeping_3,Do_Not_Use,Black_Non_Hispanic,Female,Doctors_2_3
Very_Good,Excellent,Good,Retired,No,No,No,Yes,No,Trouble_Sleeping_3,Do_Not_Use,White_Non_Hispanic,Male,Doctors_4_Plus
Fair,Good,Poor,Retired,No,No,No,Yes,Yes,Trouble_Sleeping_2,Do_Not_Use,White_Non_Hispanic,Male,Doctors_4_Plus
Very_Good,Excellent,Excellent,Working_Part_Time,No,No,No,Yes,Yes,Trouble_Sleeping_3,Do_Not_Use,White_Non_Hispanic,Male,Doctors_4_Plus
Fair,Very_Good,Very_Good,Retired,No,No,Yes,Yes,No,Trouble_Sleeping_-1,Do_Not_Use,White_Non_Hispanic,Female,Doctors_4_Plus
Very_Good,Excellent,Very_Good,Retired,No,No,No,Yes,No,Trouble_Sleeping_3,Do_Not_Use,White_Non_Hispanic,Male,Doctors_2_3
Very_Good,Very_Good,Very_Good,Retired,No,No,No,Yes,No,Trouble_Sleeping_3,Do_Not_Use,Black_Non_Hispanic,Male,Doctors_2_3
Very_Good,Very_Good,Very_Good,Retired,No,No,No,Yes,No,Trouble_Sleeping_3,Do_Not_Use,White_Non_Hispanic,Male,Doctors_2_3
Very_Good,Very_Good,Very_Good,Working_Part_Time,Yes,No,No,No,Yes,Trouble_Sleeping_2,Do_Not_Use,White_Non_Hispanic,Female,Doctors_4_Plus
Fair,Very_Good,Good,Retired,No,No,No,No,No,Trouble_Sleeping_3,Do_Not_Use,White_Non_Hispanic,Male,Doctors_4_Plus
Good,Excellent,Good,Retired,Yes,No,Yes,Yes,Yes,Trouble_Sleeping_3,Do_Not_Use,White_Non_Hispanic,Female,Doctors_4_Plus
Good,Very_Good,Very_Good,Working_Full_Time,Yes,No,Yes,Yes,No,Trouble_Sleeping_2,Do_Not_Use,White_Non_Hispanic,Male,Doctors_2_3
