row_identifier,prob_Insufficient_Weight,prob_Normal_Weight,prob_Obesity_Type_I,prob_Obesity_Type_II,prob_Obesity_Type_III,prob_Overweight_Level_I,prob_Overweight_Level_II
1021,0.0,0.0,0.02,0.0,0.0,0.0,0.98
690,0.96,0.04,0.0,0.0,0.0,0.0,0.0
1588,0.0,0.0,0.06,0.94,0.0,0.0,0.0
1699,0.0,0.0,0.02,0.98,0.0,0.0,0.0
1631,0.0,0.0,0.0,0.99,0.0,0.0,0.01
285,0.79,0.2,0.0,0.0,0.0,0.01,0.0
408,0.06,0.81,0.03,0.0,0.0,0.03,0.07
230,0.04,0.94,0.01,0.0,0.0,0.01,0.0
1815,0.0,0.0,0.0,0.0,1.0,0.0,0.0
948,0.03,0.01,0.07,0.0,0.0,0.88,0.01
961,0.0,0.02,0.07,0.0,0.0,0.02,0.89
1092,0.0,0.03,0.06,0.03,0.0,0.03,0.85
467,0.03,0.08,0.05,0.0,0.0,0.72,0.12
703,1.0,0.0,0.0,0.0,0.0,0.0,0.0
860,0.01,0.09,0.03,0.0,0.01,0.83,0.03
2023,0.0,0.0,0.0,0.0,1.0,0.0,0.0
1333,0.0,0.0,0.98,0.02,0.0,0.0,0.0
721,0.98,0.02,0.0,0.0,0.0,0.0,0.0
1534,0.0,0.0,0.02,0.98,0.0,0.0,0.0
1418,0.0,0.0,0.93,0.0,0.0,0.01,0.06
545,0.94,0.04,0.0,0.0,0.0,0.0,0.02
176,0.11,0.85,0.01,0.0,0.0,0.03,0.0
1587,0.0,0.0,0.04,0.94,0.0,0.0,0.02
1512,0.0,0.0,0.02,0.98,0.0,0.0,0.0
401,0.0,0.69,0.01,0.02,0.0,0.1,0.18
1409,0.0,0.0,0.98,0.0,0.0,0.0,0.02
392,0.03,0.89,0.0,0.0,0.0,0.03,0.05
1687,0.0,0.0,0.0,1.0,0.0,0.0,0.0
1502,0.0,0.0,0.09,0.9,0.0,0.0,0.01
1828,0.0,0.0,0.0,0.0,1.0,0.0,0.0
4,0.01,0.08,0.0,0.0,0.0,0.02,0.89
255,0.01,0.16,0.01,0.0,0.0,0.8,0.02
2047,0.0,0.0,0.0,0.0,1.0,0.0,0.0
1444,0.0,0.01,0.95,0.02,0.0,0.02,0.0
822,0.02,0.01,0.01,0.0,0.0,0.93,0.03
1626,0.0,0.0,0.01,0.99,0.0,0.0,0.0
412,0.0,0.04,0.7,0.04,0.0,0.06,0.16
1746,0.0,0.0,0.0,1.0,0.0,0.0,0.0
185,0.03,0.89,0.01,0.0,0.0,0.06,0.01
1486,0.0,0.01,0.93,0.01,0.0,0.03,0.02
402,0.01,0.79,0.06,0.0,0.01,0.08,0.05
920,0.04,0.03,0.03,0.01,0.0,0.82,0.07
656,0.9,0.01,0.01,0.01,0.0,0.03,0.04
1624,0.0,0.0,0.0,1.0,0.0,0.0,0.0
1166,0.0,0.0,0.02,0.04,0.0,0.05,0.89
1350,0.0,0.01,0.95,0.01,0.02,0.01,0.0
1379,0.0,0.02,0.95,0.0,0.0,0.0,0.03
2077,0.0,0.0,0.0,0.0,1.0,0.0,0.0
1536,0.0,0.0,0.0,1.0,0.0,0.0,0.0
2081,0.0,0.0,0.0,0.0,1.0,0.0,0.0
241,0.11,0.86,0.0,0.0,0.0,0.02,0.01
105,0.01,0.07,0.07,0.02,0.0,0.75,0.08
1858,0.0,0.0,0.0,0.0,0.99,0.0,0.01
2038,0.0,0.0,0.01,0.0,0.99,0.0,0.0
242,0.03,0.88,0.01,0.0,0.0,0.06,0.02
470,0.13,0.84,0.01,0.0,0.0,0.01,0.01
797,0.0,0.01,0.02,0.0,0.0,0.86,0.11
1026,0.0,0.01,0.0,0.09,0.0,0.02,0.88
357,0.01,0.13,0.0,0.01,0.0,0.69,0.16
473,0.04,0.91,0.01,0.0,0.0,0.03,0.01
396,0.01,0.04,0.09,0.07,0.63,0.02,0.14
349,0.83,0.09,0.0,0.0,0.0,0.03,0.05
735,0.0,0.0,0.0,0.0,0.0,0.99,0.01
224,0.05,0.01,0.01,0.0,0.0,0.92,0.01
1696,0.0,0.0,0.0,0.96,0.0,0.01,0.03
1439,0.0,0.0,0.98,0.01,0.0,0.01,0.0
1901,0.0,0.0,0.0,0.0,1.0,0.0,0.0
2012,0.0,0.0,0.0,0.0,1.0,0.0,0.0
723,1.0,0.0,0.0,0.0,0.0,0.0,0.0
1013,0.0,0.0,0.02,0.0,0.0,0.1,0.88
1914,0.0,0.0,0.0,0.0,1.0,0.0,0.0
1458,0.0,0.0,1.0,0.0,0.0,0.0,0.0
187,0.01,0.21,0.03,0.02,0.0,0.71,0.02
112,0.02,0.92,0.0,0.0,0.0,0.05,0.01
1799,0.0,0.0,0.01,0.0,0.99,0.0,0.0
1428,0.0,0.0,0.99,0.0,0.0,0.01,0.0
125,0.06,0.78,0.0,0.0,0.0,0.16,0.0
905,0.0,0.01,0.0,0.0,0.0,0.94,0.05
165,0.01,0.08,0.04,0.0,0.0,0.03,0.84
2040,0.0,0.0,0.0,0.0,1.0,0.0,0.0
1321,0.0,0.02,0.88,0.01,0.0,0.06,0.03
1009,0.01,0.09,0.05,0.0,0.0,0.04,0.81
784,0.0,0.01,0.02,0.0,0.01,0.95,0.01
1459,0.0,0.0,0.97,0.0,0.0,0.03,0.0
2052,0.0,0.0,0.0,0.0,1.0,0.0,0.0
1618,0.0,0.0,0.01,0.98,0.0,0.0,0.01
1552,0.0,0.0,0.03,0.95,0.0,0.01,0.01
793,0.01,0.02,0.01,0.0,0.0,0.95,0.01
68,0.0,0.0,0.13,0.84,0.0,0.01,0.02
279,0.0,0.06,0.87,0.02,0.0,0.04,0.01
1886,0.0,0.0,0.0,0.0,1.0,0.0,0.0
924,0.0,0.05,0.04,0.0,0.0,0.9,0.01
1235,0.0,0.0,0.89,0.0,0.0,0.06,0.05
606,0.98,0.0,0.0,0.0,0.0,0.02,0.0
1314,0.0,0.04,0.77,0.0,0.0,0.12,0.07
1735,0.0,0.0,0.01,0.99,0.0,0.0,0.0
195,0.0,0.13,0.63,0.02,0.01,0.06,0.15
58,0.0,0.8,0.03,0.0,0.0,0.1,0.07
891,0.0,0.02,0.04,0.0,0.01,0.92,0.01
1417,0.0,0.01,0.92,0.0,0.0,0.02,0.05
1160,0.02,0.01,0.03,0.02,0.0,0.05,0.87
1505,0.0,0.0,0.02,0.94,0.0,0.0,0.04
1324,0.0,0.0,0.87,0.11,0.0,0.0,0.02
481,0.0,0.2,0.02,0.0,0.0,0.08,0.7
174,0.03,0.81,0.01,0.02,0.0,0.08,0.05
1045,0.0,0.05,0.04,0.01,0.0,0.02,0.88
570,0.99,0.0,0.01,0.0,0.0,0.0,0.0
1966,0.0,0.0,0.0,0.0,1.0,0.0,0.0
17,0.0,0.14,0.71,0.0,0.0,0.11,0.04
685,0.99,0.01,0.0,0.0,0.0,0.0,0.0
777,0.0,0.05,0.03,0.0,0.0,0.92,0.0
1091,0.02,0.02,0.02,0.0,0.0,0.05,0.89
1801,0.0,0.0,0.0,0.0,0.99,0.01,0.0
1215,0.0,0.01,0.95,0.0,0.0,0.02,0.02
1847,0.0,0.0,0.0,0.0,1.0,0.0,0.0
971,0.0,0.01,0.01,0.02,0.0,0.02,0.94
1732,0.0,0.0,0.01,0.99,0.0,0.0,0.0
1551,0.0,0.0,0.0,0.99,0.0,0.0,0.01
43,0.01,0.88,0.0,0.0,0.0,0.07,0.04
19,0.0,0.06,0.02,0.0,0.0,0.77,0.15
770,0.0,0.01,0.0,0.0,0.0,0.94,0.05
2008,0.0,0.0,0.0,0.0,1.0,0.0,0.0
990,0.0,0.01,0.01,0.01,0.0,0.0,0.97
886,0.0,0.0,0.0,0.0,0.0,0.99,0.01
72,0.01,0.79,0.01,0.0,0.0,0.09,0.1
801,0.0,0.04,0.01,0.0,0.0,0.92,0.03
1731,0.0,0.0,0.01,0.98,0.0,0.0,0.01
569,0.97,0.01,0.01,0.01,0.0,0.0,0.0
1419,0.0,0.01,0.94,0.0,0.0,0.03,0.02
1399,0.0,0.01,0.97,0.01,0.0,0.0,0.01
117,0.03,0.11,0.04,0.0,0.0,0.08,0.74
133,0.0,0.09,0.06,0.0,0.0,0.78,0.07
1885,0.0,0.0,0.0,0.0,1.0,0.0,0.0
504,0.99,0.01,0.0,0.0,0.0,0.0,0.0
35,0.01,0.12,0.02,0.0,0.0,0.05,0.8
1916,0.0,0.0,0.0,0.0,1.0,0.0,0.0
935,0.0,0.0,0.02,0.0,0.0,0.98,0.0
1963,0.0,0.0,0.0,0.0,1.0,0.0,0.0
511,0.89,0.08,0.0,0.0,0.0,0.03,0.0
1571,0.0,0.0,0.0,1.0,0.0,0.0,0.0
1342,0.0,0.02,0.96,0.0,0.0,0.01,0.01
1774,0.0,0.0,0.0,0.99,0.0,0.0,0.01
1602,0.0,0.0,0.0,0.99,0.0,0.0,0.01
1697,0.0,0.0,0.0,1.0,0.0,0.0,0.0
1907,0.0,0.0,0.0,0.0,1.0,0.0,0.0
667,0.91,0.02,0.04,0.0,0.0,0.0,0.03
1065,0.0,0.0,0.03,0.0,0.0,0.01,0.96
522,0.81,0.06,0.03,0.02,0.0,0.07,0.01
1311,0.01,0.0,0.93,0.06,0.0,0.0,0.0
1218,0.0,0.0,0.97,0.0,0.0,0.0,0.03
1714,0.0,0.0,0.02,0.98,0.0,0.0,0.0
726,1.0,0.0,0.0,0.0,0.0,0.0,0.0
181,0.0,0.06,0.69,0.03,0.0,0.01,0.21
1543,0.0,0.0,0.02,0.98,0.0,0.0,0.0
221,0.03,0.9,0.0,0.0,0.0,0.06,0.01
1210,0.0,0.01,0.74,0.04,0.0,0.01,0.2
1999,0.0,0.0,0.0,0.0,1.0,0.0,0.0
1454,0.0,0.0,0.98,0.02,0.0,0.0,0.0
800,0.0,0.04,0.03,0.0,0.0,0.83,0.1
1891,0.0,0.0,0.0,0.0,1.0,0.0,0.0
1671,0.0,0.0,0.0,1.0,0.0,0.0,0.0
147,0.0,0.09,0.69,0.01,0.0,0.09,0.12
243,0.02,0.08,0.02,0.01,0.0,0.83,0.04
862,0.0,0.0,0.02,0.0,0.0,0.87,0.11
1807,0.0,0.0,0.01,0.0,0.99,0.0,0.0
282,0.05,0.88,0.03,0.0,0.0,0.03,0.01
1712,0.0,0.0,0.01,0.99,0.0,0.0,0.0
94,0.1,0.86,0.0,0.0,0.0,0.04,0.0
999,0.02,0.0,0.04,0.01,0.0,0.04,0.89
512,0.99,0.01,0.0,0.0,0.0,0.0,0.0
1115,0.02,0.03,0.01,0.0,0.0,0.07,0.87
1003,0.0,0.01,0.03,0.0,0.01,0.02,0.93
1770,0.0,0.0,0.01,0.98,0.0,0.0,0.01
1840,0.0,0.0,0.0,0.0,1.0,0.0,0.0
269,0.09,0.83,0.01,0.0,0.01,0.04,0.02
1709,0.0,0.0,0.0,0.99,0.0,0.01,0.0
1518,0.0,0.0,0.0,1.0,0.0,0.0,0.0
500,0.94,0.06,0.0,0.0,0.0,0.0,0.0
748,0.0,0.0,0.05,0.0,0.01,0.92,0.02
8,0.06,0.79,0.01,0.03,0.0,0.02,0.09
932,0.01,0.0,0.01,0.02,0.0,0.91,0.05
1319,0.0,0.0,1.0,0.0,0.0,0.0,0.0
21,0.0,0.01,0.67,0.02,0.01,0.02,0.27
695,1.0,0.0,0.0,0.0,0.0,0.0,0.0
1698,0.0,0.0,0.02,0.96,0.0,0.0,0.02
783,0.02,0.0,0.0,0.0,0.0,0.98,0.0
1941,0.0,0.0,0.01,0.0,0.99,0.0,0.0
763,0.03,0.01,0.06,0.01,0.0,0.8,0.09
1915,0.0,0.0,0.0,0.0,1.0,0.0,0.0
258,0.12,0.81,0.01,0.0,0.0,0.02,0.04
1464,0.0,0.02,0.87,0.0,0.0,0.1,0.01
1546,0.0,0.0,0.01,0.99,0.0,0.0,0.0
236,0.0,0.77,0.04,0.01,0.0,0.12,0.06
1959,0.0,0.0,0.0,0.0,1.0,0.0,0.0
1113,0.02,0.01,0.01,0.0,0.0,0.02,0.94
1297,0.0,0.0,0.96,0.0,0.0,0.02,0.02
1899,0.0,0.0,0.0,0.0,1.0,0.0,0.0
2028,0.0,0.0,0.0,0.0,1.0,0.0,0.0
1583,0.0,0.0,0.0,1.0,0.0,0.0,0.0
326,0.05,0.87,0.0,0.01,0.0,0.04,0.03
1024,0.02,0.12,0.0,0.01,0.0,0.01,0.84
334,0.07,0.86,0.01,0.0,0.0,0.04,0.02
1762,0.0,0.0,0.01,0.97,0.0,0.0,0.02
448,0.04,0.94,0.02,0.0,0.0,0.0,0.0
919,0.02,0.05,0.1,0.01,0.0,0.74,0.08
608,0.96,0.03,0.0,0.0,0.0,0.01,0.0
810,0.0,0.02,0.01,0.0,0.0,0.96,0.01
1883,0.0,0.0,0.0,0.0,1.0,0.0,0.0
252,0.01,0.13,0.01,0.02,0.0,0.03,0.8
1932,0.0,0.0,0.0,0.0,1.0,0.0,0.0
2051,0.0,0.0,0.0,0.0,1.0,0.0,0.0
2071,0.0,0.0,0.0,0.0,1.0,0.0,0.0
200,0.0,0.02,0.79,0.0,0.0,0.07,0.12
617,0.98,0.0,0.01,0.0,0.0,0.01,0.0
962,0.0,0.08,0.03,0.0,0.0,0.07,0.82
277,0.05,0.9,0.0,0.0,0.0,0.02,0.03
300,0.02,0.78,0.04,0.0,0.01,0.13,0.02
313,0.01,0.89,0.0,0.03,0.0,0.05,0.02
1426,0.0,0.0,0.98,0.0,0.0,0.0,0.02
2058,0.0,0.0,0.0,0.0,1.0,0.0,0.0
369,0.01,0.83,0.01,0.0,0.0,0.11,0.04
1605,0.0,0.0,0.0,1.0,0.0,0.0,0.0
1788,0.0,0.0,0.02,0.0,0.98,0.0,0.0
728,1.0,0.0,0.0,0.0,0.0,0.0,0.0
863,0.01,0.0,0.01,0.0,0.0,0.98,0.0
1662,0.0,0.0,0.0,0.98,0.0,0.0,0.02
577,0.93,0.04,0.0,0.0,0.0,0.03,0.0
1381,0.0,0.0,0.99,0.0,0.0,0.0,0.01
1996,0.0,0.0,0.0,0.0,1.0,0.0,0.0
1597,0.0,0.0,0.0,1.0,0.0,0.0,0.0
820,0.0,0.01,0.02,0.0,0.0,0.89,0.08
1099,0.0,0.0,0.09,0.01,0.0,0.06,0.84
403,0.01,0.94,0.0,0.0,0.0,0.01,0.04
1675,0.0,0.0,0.03,0.97,0.0,0.0,0.0
89,0.0,0.06,0.02,0.0,0.0,0.0,0.92
1184,0.0,0.01,0.11,0.0,0.0,0.0,0.88
1148,0.0,0.0,0.02,0.0,0.0,0.02,0.96
1066,0.01,0.01,0.04,0.0,0.0,0.04,0.9
268,0.01,0.88,0.0,0.01,0.0,0.08,0.02
1112,0.01,0.0,0.0,0.0,0.0,0.17,0.82
1371,0.0,0.0,0.95,0.0,0.0,0.03,0.02
586,0.86,0.12,0.01,0.0,0.0,0.01,0.0
1827,0.0,0.0,0.0,0.0,1.0,0.0,0.0
1776,0.0,0.0,0.0,0.0,1.0,0.0,0.0
1909,0.0,0.0,0.0,0.0,1.0,0.0,0.0
914,0.0,0.0,0.04,0.0,0.0,0.94,0.02
775,0.03,0.14,0.01,0.0,0.0,0.77,0.05
260,0.86,0.07,0.0,0.0,0.0,0.04,0.03
116,0.08,0.82,0.0,0.0,0.0,0.1,0.0
1813,0.0,0.0,0.01,0.0,0.99,0.0,0.0
1465,0.0,0.01,0.98,0.0,0.0,0.01,0.0
1514,0.0,0.01,0.06,0.89,0.0,0.0,0.04
1688,0.0,0.0,0.0,1.0,0.0,0.0,0.0
1644,0.0,0.0,0.0,1.0,0.0,0.0,0.0
288,0.01,0.03,0.88,0.04,0.0,0.01,0.03
1475,0.0,0.02,0.89,0.02,0.0,0.0,0.07
2049,0.0,0.0,0.0,0.0,1.0,0.0,0.0
826,0.0,0.0,0.03,0.0,0.0,0.95,0.02
772,0.0,0.05,0.03,0.0,0.01,0.86,0.05
151,0.0,0.05,0.06,0.01,0.0,0.04,0.84
993,0.0,0.02,0.08,0.0,0.0,0.02,0.88
2015,0.0,0.0,0.0,0.0,1.0,0.0,0.0
1957,0.0,0.0,0.0,0.0,1.0,0.0,0.0
973,0.02,0.04,0.11,0.01,0.0,0.04,0.78
1265,0.0,0.01,0.87,0.01,0.0,0.02,0.09
1376,0.01,0.0,0.94,0.0,0.0,0.01,0.04
768,0.03,0.04,0.02,0.01,0.0,0.89,0.01
709,0.96,0.03,0.01,0.0,0.0,0.0,0.0
979,0.0,0.03,0.01,0.0,0.0,0.01,0.95
1973,0.0,0.0,0.0,0.0,1.0,0.0,0.0
659,0.88,0.08,0.01,0.0,0.0,0.02,0.01
119,0.01,0.1,0.09,0.02,0.0,0.05,0.73
435,0.01,0.86,0.0,0.01,0.0,0.05,0.07
635,0.99,0.0,0.0,0.0,0.0,0.01,0.0
1778,0.0,0.0,0.0,0.0,0.99,0.01,0.0
1983,0.0,0.0,0.0,0.0,1.0,0.0,0.0
1326,0.01,0.0,0.94,0.04,0.0,0.01,0.0
732,0.0,0.0,0.01,0.0,0.0,0.93,0.06
136,0.03,0.82,0.02,0.01,0.0,0.09,0.03
1370,0.0,0.0,0.98,0.0,0.0,0.01,0.01
1213,0.0,0.01,0.9,0.03,0.0,0.02,0.04
1843,0.0,0.0,0.0,0.0,1.0,0.0,0.0
901,0.0,0.01,0.02,0.0,0.01,0.95,0.01
1123,0.0,0.01,0.08,0.0,0.0,0.05,0.86
487,0.11,0.86,0.0,0.0,0.0,0.02,0.01
1529,0.0,0.0,0.0,0.99,0.0,0.01,0.0
895,0.0,0.01,0.06,0.0,0.0,0.91,0.02
250,0.0,0.05,0.02,0.0,0.0,0.04,0.89
672,0.85,0.09,0.0,0.0,0.0,0.03,0.03
563,0.99,0.01,0.0,0.0,0.0,0.0,0.0
925,0.04,0.03,0.01,0.0,0.0,0.9,0.02
842,0.0,0.04,0.05,0.0,0.0,0.91,0.0
1164,0.02,0.03,0.03,0.0,0.01,0.06,0.85
1822,0.0,0.0,0.0,0.0,1.0,0.0,0.0
399,0.01,0.9,0.01,0.01,0.0,0.05,0.02
1260,0.0,0.0,0.94,0.01,0.0,0.01,0.04
320,0.01,0.19,0.0,0.01,0.0,0.76,0.03
1910,0.0,0.0,0.0,0.0,1.0,0.0,0.0
466,0.02,0.18,0.0,0.01,0.0,0.72,0.07
823,0.0,0.01,0.0,0.0,0.0,0.99,0.0
1787,0.0,0.0,0.0,0.0,1.0,0.0,0.0
85,0.0,0.95,0.01,0.0,0.0,0.0,0.04
594,1.0,0.0,0.0,0.0,0.0,0.0,0.0
1791,0.0,0.0,0.0,0.0,1.0,0.0,0.0
14,0.07,0.85,0.02,0.0,0.0,0.03,0.03
542,0.92,0.06,0.0,0.0,0.0,0.01,0.01
1663,0.0,0.0,0.0,0.99,0.0,0.0,0.01
406,0.0,0.2,0.0,0.0,0.0,0.02,0.78
1455,0.0,0.0,0.94,0.05,0.0,0.01,0.0
428,0.01,0.02,0.0,0.0,0.0,0.97,0.0
1100,0.0,0.01,0.01,0.0,0.0,0.0,0.98
934,0.01,0.07,0.0,0.0,0.0,0.89,0.03
1861,0.0,0.0,0.0,0.0,1.0,0.0,0.0
806,0.0,0.01,0.02,0.0,0.0,0.95,0.02
711,0.98,0.01,0.0,0.0,0.0,0.01,0.0
776,0.0,0.0,0.03,0.0,0.0,0.97,0.0
83,0.83,0.13,0.01,0.0,0.0,0.01,0.02
348,0.01,0.13,0.01,0.0,0.0,0.84,0.01
955,0.01,0.01,0.02,0.0,0.0,0.03,0.93
532,0.97,0.01,0.01,0.0,0.0,0.01,0.0
977,0.0,0.04,0.02,0.0,0.0,0.02,0.92
506,0.95,0.05,0.0,0.0,0.0,0.0,0.0
1693,0.0,0.0,0.0,1.0,0.0,0.0,0.0
1442,0.0,0.0,0.91,0.03,0.0,0.04,0.02
1243,0.0,0.01,0.97,0.0,0.0,0.01,0.01
1336,0.0,0.01,0.72,0.2,0.0,0.01,0.06
1563,0.0,0.0,0.01,0.99,0.0,0.0,0.0
1445,0.0,0.0,1.0,0.0,0.0,0.0,0.0
638,1.0,0.0,0.0,0.0,0.0,0.0,0.0
1507,0.0,0.0,0.0,0.99,0.0,0.0,0.01
172,0.02,0.77,0.09,0.0,0.0,0.08,0.04
786,0.03,0.03,0.05,0.0,0.01,0.78,0.1
1072,0.0,0.02,0.11,0.0,0.01,0.01,0.85
688,1.0,0.0,0.0,0.0,0.0,0.0,0.0
352,0.04,0.86,0.0,0.0,0.0,0.02,0.08
499,0.76,0.04,0.0,0.0,0.0,0.17,0.03
311,0.05,0.84,0.03,0.0,0.0,0.07,0.01
1606,0.0,0.0,0.0,1.0,0.0,0.0,0.0
1182,0.0,0.01,0.03,0.01,0.0,0.05,0.9
1097,0.0,0.0,0.09,0.0,0.0,0.04,0.87
1750,0.0,0.0,0.02,0.98,0.0,0.0,0.0
213,0.0,0.09,0.02,0.0,0.0,0.86,0.03
248,0.03,0.86,0.02,0.0,0.01,0.02,0.06
628,0.9,0.08,0.0,0.0,0.0,0.02,0.0
1677,0.0,0.0,0.0,1.0,0.0,0.0,0.0
1580,0.0,0.0,0.07,0.87,0.0,0.01,0.05
197,0.0,0.02,0.03,0.02,0.92,0.01,0.0
582,0.97,0.0,0.01,0.0,0.0,0.01,0.01
1043,0.03,0.0,0.02,0.05,0.0,0.04,0.86
540,0.91,0.05,0.01,0.03,0.0,0.0,0.0
160,0.04,0.88,0.03,0.0,0.0,0.04,0.01
778,0.05,0.05,0.01,0.0,0.0,0.89,0.0
1244,0.0,0.0,0.96,0.0,0.0,0.03,0.01
153,0.06,0.78,0.01,0.0,0.0,0.1,0.05
1190,0.0,0.02,0.83,0.0,0.0,0.07,0.08
388,0.7,0.25,0.01,0.0,0.0,0.03,0.01
1171,0.0,0.01,0.06,0.03,0.0,0.01,0.89
673,0.92,0.04,0.01,0.0,0.0,0.02,0.01
1143,0.01,0.02,0.0,0.0,0.0,0.03,0.94
1900,0.0,0.0,0.0,0.0,1.0,0.0,0.0
1229,0.0,0.0,0.82,0.11,0.01,0.01,0.05
425,0.06,0.89,0.03,0.0,0.0,0.02,0.0
1266,0.0,0.01,0.91,0.0,0.0,0.0,0.08
589,0.97,0.03,0.0,0.0,0.0,0.0,0.0
1569,0.0,0.0,0.02,0.97,0.0,0.0,0.01
1521,0.0,0.0,0.06,0.93,0.0,0.0,0.01
1340,0.0,0.02,0.86,0.0,0.0,0.05,0.07
1056,0.0,0.03,0.01,0.0,0.0,0.0,0.96
2045,0.0,0.01,0.0,0.0,0.99,0.0,0.0
1425,0.0,0.01,0.93,0.0,0.0,0.02,0.04
1059,0.01,0.0,0.02,0.04,0.0,0.06,0.87
1995,0.0,0.0,0.0,0.0,1.0,0.0,0.0
1872,0.0,0.0,0.0,0.0,1.0,0.0,0.0
827,0.03,0.0,0.0,0.0,0.0,0.97,0.0
180,0.0,0.18,0.0,0.01,0.0,0.81,0.0
87,0.03,0.06,0.17,0.01,0.0,0.68,0.05
1945,0.0,0.0,0.0,0.0,1.0,0.0,0.0
1593,0.0,0.0,0.0,0.99,0.0,0.0,0.01
1388,0.0,0.0,0.75,0.23,0.01,0.0,0.01
666,0.98,0.0,0.01,0.0,0.0,0.01,0.0
811,0.02,0.01,0.02,0.0,0.0,0.94,0.01
141,0.01,0.07,0.03,0.0,0.0,0.86,0.03
1836,0.0,0.0,0.0,0.0,1.0,0.0,0.0
976,0.0,0.01,0.05,0.0,0.0,0.11,0.83
1649,0.0,0.0,0.01,0.97,0.0,0.0,0.02
338,0.13,0.82,0.0,0.0,0.0,0.04,0.01
191,0.0,0.83,0.0,0.02,0.0,0.1,0.05
391,0.0,0.05,0.12,0.79,0.0,0.02,0.02
565,0.97,0.02,0.0,0.0,0.0,0.0,0.01
1499,0.01,0.0,0.19,0.8,0.0,0.0,0.0
1636,0.0,0.0,0.01,0.99,0.0,0.0,0.0
169,0.02,0.91,0.01,0.0,0.0,0.05,0.01
1150,0.0,0.0,0.13,0.0,0.0,0.01,0.86
591,1.0,0.0,0.0,0.0,0.0,0.0,0.0
1664,0.0,0.0,0.04,0.95,0.0,0.0,0.01
1870,0.0,0.0,0.01,0.0,0.99,0.0,0.0
1871,0.0,0.01,0.01,0.02,0.96,0.0,0.0
796,0.0,0.03,0.06,0.01,0.0,0.81,0.09
2009,0.0,0.0,0.0,0.0,1.0,0.0,0.0
1812,0.0,0.0,0.0,0.0,1.0,0.0,0.0
2000,0.0,0.0,0.0,0.0,1.0,0.0,0.0
77,0.0,0.03,0.1,0.0,0.0,0.03,0.84
1702,0.0,0.0,0.01,0.96,0.0,0.0,0.03
597,0.95,0.03,0.0,0.0,0.0,0.01,0.01
41,0.06,0.88,0.0,0.0,0.0,0.03,0.03
1964,0.0,0.0,0.01,0.0,0.99,0.0,0.0
604,0.99,0.01,0.0,0.0,0.0,0.0,0.0
1783,0.0,0.0,0.02,0.01,0.96,0.0,0.01
1212,0.0,0.0,0.93,0.01,0.0,0.0,0.06
1749,0.0,0.0,0.0,0.99,0.0,0.0,0.01
1278,0.0,0.02,0.92,0.01,0.0,0.0,0.05
1240,0.0,0.0,0.89,0.0,0.0,0.09,0.02
1205,0.0,0.0,1.0,0.0,0.0,0.0,0.0
92,0.0,0.2,0.03,0.0,0.0,0.73,0.04
418,0.01,0.92,0.01,0.0,0.0,0.05,0.01
1655,0.0,0.0,0.0,1.0,0.0,0.0,0.0
1585,0.0,0.0,0.06,0.92,0.0,0.02,0.0
1295,0.0,0.0,0.92,0.05,0.0,0.01,0.02
929,0.0,0.02,0.03,0.0,0.0,0.94,0.01
2018,0.0,0.0,0.0,0.0,1.0,0.0,0.0
1098,0.0,0.0,0.01,0.0,0.0,0.05,0.94
405,0.01,0.82,0.03,0.0,0.0,0.01,0.13
1188,0.0,0.02,0.92,0.03,0.0,0.0,0.03
1291,0.0,0.0,0.85,0.02,0.0,0.01,0.12
1538,0.0,0.0,0.01,0.99,0.0,0.0,0.0
645,0.84,0.13,0.0,0.0,0.0,0.03,0.0
832,0.0,0.0,0.03,0.0,0.0,0.95,0.02
884,0.0,0.02,0.03,0.0,0.0,0.88,0.07
1849,0.0,0.0,0.0,0.0,1.0,0.0,0.0
314,0.0,0.92,0.0,0.0,0.0,0.01,0.07
2025,0.0,0.0,0.0,0.0,1.0,0.0,0.0
1576,0.0,0.0,0.0,1.0,0.0,0.0,0.0
980,0.0,0.01,0.03,0.01,0.0,0.01,0.94
95,0.01,0.87,0.01,0.01,0.0,0.03,0.07
1980,0.0,0.0,0.0,0.0,1.0,0.0,0.0
1660,0.0,0.0,0.01,0.98,0.0,0.0,0.01
1759,0.0,0.0,0.01,0.99,0.0,0.0,0.0
754,0.0,0.04,0.01,0.01,0.0,0.85,0.09
362,0.03,0.23,0.0,0.0,0.0,0.02,0.72
1369,0.0,0.0,0.97,0.0,0.0,0.01,0.02
1224,0.0,0.0,0.92,0.01,0.0,0.03,0.04
1547,0.0,0.0,0.0,0.99,0.0,0.0,0.01
1233,0.0,0.0,1.0,0.0,0.0,0.0,0.0
2011,0.0,0.0,0.0,0.0,1.0,0.0,0.0
1387,0.0,0.04,0.77,0.12,0.04,0.01,0.02
1541,0.0,0.0,0.02,0.96,0.0,0.0,0.02
1684,0.0,0.0,0.03,0.94,0.01,0.01,0.01
1468,0.0,0.0,0.97,0.0,0.0,0.01,0.02
1591,0.0,0.0,0.04,0.94,0.01,0.0,0.01
1918,0.0,0.0,0.01,0.0,0.99,0.0,0.0
1893,0.0,0.0,0.0,0.0,1.0,0.0,0.0
1187,0.0,0.03,0.84,0.1,0.0,0.01,0.02
1917,0.0,0.0,0.0,0.0,1.0,0.0,0.0
138,0.65,0.27,0.04,0.01,0.0,0.02,0.01
88,0.04,0.81,0.03,0.0,0.0,0.06,0.06
535,0.94,0.06,0.0,0.0,0.0,0.0,0.0
629,0.99,0.01,0.0,0.0,0.0,0.0,0.0
745,0.0,0.01,0.0,0.0,0.0,0.99,0.0
2017,0.0,0.0,0.0,0.0,1.0,0.0,0.0
1705,0.0,0.0,0.0,0.99,0.0,0.0,0.01
1116,0.0,0.01,0.03,0.0,0.0,0.04,0.92
1581,0.0,0.0,0.0,0.95,0.02,0.0,0.03
2034,0.0,0.0,0.0,0.0,1.0,0.0,0.0
622,0.98,0.0,0.0,0.0,0.0,0.02,0.0
309,0.0,0.9,0.0,0.0,0.0,0.01,0.09
1362,0.0,0.0,0.89,0.0,0.01,0.0,0.1
1947,0.0,0.0,0.0,0.0,1.0,0.0,0.0
273,0.78,0.18,0.0,0.0,0.0,0.0,0.04
442,0.08,0.72,0.03,0.0,0.01,0.1,0.06
5,0.0,0.85,0.06,0.0,0.0,0.06,0.03
1523,0.0,0.01,0.0,0.99,0.0,0.0,0.0
2080,0.0,0.0,0.0,0.0,1.0,0.0,0.0
44,0.01,0.86,0.02,0.0,0.0,0.05,0.06
1073,0.0,0.0,0.06,0.0,0.0,0.05,0.89
404,0.01,0.26,0.0,0.01,0.0,0.7,0.02
318,0.03,0.86,0.0,0.0,0.0,0.1,0.01
353,0.04,0.94,0.01,0.0,0.0,0.0,0.01
123,0.01,0.13,0.08,0.01,0.0,0.68,0.09
34,0.03,0.93,0.01,0.0,0.0,0.03,0.0
137,0.03,0.89,0.02,0.0,0.0,0.01,0.05
1897,0.0,0.0,0.0,0.0,1.0,0.0,0.0
1672,0.0,0.0,0.0,1.0,0.0,0.0,0.0
803,0.01,0.02,0.03,0.0,0.0,0.82,0.12
257,0.74,0.2,0.02,0.0,0.0,0.03,0.01
2037,0.0,0.0,0.0,0.0,1.0,0.0,0.0
1826,0.0,0.0,0.0,0.0,1.0,0.0,0.0
48,0.01,0.84,0.0,0.0,0.01,0.05,0.09
850,0.0,0.02,0.04,0.01,0.0,0.81,0.12
588,1.0,0.0,0.0,0.0,0.0,0.0,0.0
1623,0.0,0.0,0.0,1.0,0.0,0.0,0.0
1755,0.0,0.0,0.0,0.99,0.01,0.0,0.0
379,0.06,0.82,0.0,0.0,0.0,0.09,0.03
204,0.01,0.08,0.24,0.66,0.0,0.0,0.01
931,0.0,0.02,0.04,0.0,0.0,0.9,0.04
1076,0.01,0.02,0.02,0.0,0.0,0.02,0.93
327,0.04,0.18,0.0,0.0,0.0,0.73,0.05
340,0.05,0.07,0.05,0.0,0.0,0.04,0.79
757,0.02,0.02,0.0,0.01,0.0,0.93,0.02
1895,0.0,0.0,0.01,0.0,0.99,0.0,0.0
1247,0.0,0.0,0.97,0.0,0.0,0.01,0.02
1951,0.0,0.0,0.0,0.0,1.0,0.0,0.0
2086,0.0,0.0,0.0,0.0,1.0,0.0,0.0
714,0.98,0.0,0.0,0.0,0.0,0.01,0.01
1509,0.01,0.0,0.08,0.87,0.0,0.0,0.04
636,0.98,0.02,0.0,0.0,0.0,0.0,0.0
1781,0.0,0.0,0.0,0.0,1.0,0.0,0.0
1165,0.0,0.06,0.02,0.0,0.0,0.01,0.91
1830,0.0,0.0,0.0,0.0,1.0,0.0,0.0
1167,0.0,0.0,0.03,0.0,0.0,0.02,0.95
791,0.0,0.03,0.0,0.0,0.0,0.94,0.03
513,0.96,0.04,0.0,0.0,0.0,0.0,0.0
1991,0.0,0.0,0.0,0.0,1.0,0.0,0.0
634,0.87,0.09,0.0,0.01,0.0,0.02,0.01
642,0.94,0.03,0.0,0.0,0.0,0.02,0.01
81,0.0,0.14,0.06,0.0,0.0,0.05,0.75
36,0.09,0.87,0.0,0.0,0.0,0.03,0.01
1133,0.0,0.0,0.07,0.0,0.0,0.06,0.87
347,0.03,0.91,0.0,0.0,0.0,0.05,0.01
386,0.05,0.12,0.04,0.0,0.0,0.05,0.74
795,0.01,0.03,0.0,0.0,0.0,0.94,0.02
1637,0.0,0.0,0.0,0.98,0.01,0.0,0.01
1366,0.0,0.01,0.95,0.0,0.0,0.02,0.02
578,0.89,0.08,0.0,0.0,0.0,0.03,0.0
556,0.94,0.04,0.0,0.0,0.0,0.01,0.01
725,1.0,0.0,0.0,0.0,0.0,0.0,0.0
407,0.0,0.02,0.7,0.21,0.0,0.01,0.06
1503,0.0,0.0,0.0,1.0,0.0,0.0,0.0
1436,0.0,0.0,0.85,0.07,0.01,0.01,0.06
283,0.03,0.73,0.03,0.0,0.0,0.18,0.03
1617,0.0,0.0,0.02,0.97,0.0,0.0,0.01
355,0.0,0.06,0.04,0.0,0.01,0.85,0.04
229,0.03,0.8,0.01,0.01,0.0,0.03,0.12
1214,0.0,0.0,0.99,0.0,0.0,0.01,0.0
1420,0.0,0.0,0.98,0.0,0.0,0.0,0.02
1129,0.0,0.0,0.01,0.02,0.0,0.05,0.92
1793,0.0,0.0,0.0,0.0,1.0,0.0,0.0
1408,0.0,0.01,0.93,0.0,0.0,0.05,0.01
434,0.14,0.79,0.02,0.0,0.0,0.05,0.0
1519,0.0,0.0,0.1,0.85,0.0,0.02,0.03
1328,0.0,0.0,0.94,0.0,0.0,0.03,0.03
848,0.01,0.05,0.04,0.0,0.0,0.88,0.02
159,0.0,0.06,0.04,0.0,0.0,0.08,0.82
759,0.0,0.01,0.04,0.0,0.0,0.93,0.02
856,0.0,0.03,0.03,0.0,0.0,0.9,0.04
531,0.94,0.04,0.0,0.0,0.0,0.0,0.02
804,0.0,0.0,0.0,0.0,0.0,0.96,0.04
1136,0.0,0.01,0.03,0.0,0.0,0.0,0.96
2019,0.0,0.0,0.0,0.0,1.0,0.0,0.0
1005,0.02,0.0,0.17,0.04,0.0,0.01,0.76
592,1.0,0.0,0.0,0.0,0.0,0.0,0.0
267,0.0,0.9,0.04,0.0,0.0,0.04,0.02
2021,0.0,0.0,0.0,0.0,1.0,0.0,0.0
678,0.93,0.05,0.0,0.0,0.0,0.01,0.01
643,1.0,0.0,0.0,0.0,0.0,0.0,0.0
1016,0.0,0.01,0.02,0.0,0.0,0.0,0.97
698,0.94,0.06,0.0,0.0,0.0,0.0,0.0
1642,0.0,0.0,0.07,0.91,0.0,0.0,0.02
684,0.86,0.08,0.0,0.0,0.0,0.06,0.0
232,0.07,0.89,0.03,0.0,0.0,0.01,0.0
590,1.0,0.0,0.0,0.0,0.0,0.0,0.0
301,0.09,0.85,0.01,0.01,0.0,0.03,0.01
1988,0.0,0.0,0.0,0.02,0.98,0.0,0.0
699,0.99,0.01,0.0,0.0,0.0,0.0,0.0
286,0.0,0.97,0.0,0.0,0.0,0.01,0.02
1604,0.0,0.0,0.07,0.93,0.0,0.0,0.0
1161,0.0,0.04,0.02,0.0,0.0,0.0,0.94
390,0.03,0.89,0.0,0.0,0.0,0.07,0.01
1121,0.0,0.02,0.05,0.0,0.0,0.06,0.87
875,0.0,0.0,0.0,0.0,0.0,1.0,0.0
2048,0.0,0.0,0.0,0.0,0.99,0.0,0.01
24,0.01,0.83,0.01,0.0,0.0,0.15,0.0
1082,0.0,0.02,0.04,0.0,0.0,0.01,0.93
871,0.05,0.04,0.01,0.0,0.0,0.9,0.0
223,0.0,0.01,0.11,0.84,0.0,0.01,0.03
144,0.17,0.78,0.0,0.0,0.0,0.02,0.03
1658,0.0,0.0,0.0,1.0,0.0,0.0,0.0
704,1.0,0.0,0.0,0.0,0.0,0.0,0.0
2020,0.0,0.0,0.0,0.0,1.0,0.0,0.0
652,0.97,0.02,0.0,0.0,0.0,0.0,0.01
1888,0.0,0.0,0.0,0.0,1.0,0.0,0.0
1896,0.0,0.0,0.0,0.0,1.0,0.0,0.0
1794,0.0,0.0,0.0,0.0,1.0,0.0,0.0
1950,0.0,0.0,0.0,0.0,0.99,0.01,0.0
834,0.01,0.05,0.02,0.0,0.0,0.91,0.01
718,1.0,0.0,0.0,0.0,0.0,0.0,0.0
1495,0.0,0.0,0.02,0.97,0.0,0.0,0.01
1109,0.0,0.0,0.06,0.03,0.0,0.09,0.82
182,0.0,0.07,0.84,0.02,0.01,0.03,0.03
50,0.0,0.9,0.01,0.0,0.03,0.04,0.02
108,0.03,0.78,0.05,0.03,0.0,0.08,0.03
1665,0.0,0.0,0.07,0.9,0.02,0.0,0.01
2046,0.0,0.0,0.0,0.0,1.0,0.0,0.0
292,0.01,0.73,0.03,0.01,0.0,0.12,0.1
1288,0.0,0.0,0.78,0.02,0.0,0.04,0.16
1764,0.0,0.0,0.01,0.99,0.0,0.0,0.0
317,0.01,0.07,0.07,0.0,0.0,0.84,0.01
508,0.92,0.05,0.0,0.0,0.0,0.01,0.02
1673,0.0,0.01,0.01,0.95,0.0,0.02,0.01
193,0.69,0.27,0.0,0.0,0.0,0.03,0.01
1256,0.01,0.0,0.85,0.09,0.02,0.02,0.01
1935,0.0,0.0,0.0,0.0,1.0,0.0,0.0
1575,0.0,0.0,0.06,0.93,0.0,0.0,0.01
502,0.94,0.03,0.0,0.0,0.0,0.01,0.02
1280,0.01,0.0,0.8,0.12,0.01,0.02,0.04
1302,0.0,0.0,1.0,0.0,0.0,0.0,0.0
1492,0.0,0.0,0.0,1.0,0.0,0.0,0.0
496,0.0,0.0,0.0,0.0,1.0,0.0,0.0
787,0.0,0.01,0.02,0.0,0.0,0.97,0.0
1277,0.0,0.02,0.89,0.02,0.0,0.01,0.06
1651,0.0,0.0,0.01,0.98,0.0,0.0,0.01
206,0.0,0.07,0.05,0.0,0.0,0.02,0.86
360,0.03,0.21,0.02,0.0,0.0,0.71,0.03
1285,0.0,0.0,0.88,0.0,0.0,0.07,0.05
1865,0.0,0.0,0.0,0.0,1.0,0.0,0.0
1821,0.0,0.0,0.0,0.01,0.99,0.0,0.0
1308,0.01,0.0,0.9,0.04,0.0,0.0,0.05
668,0.98,0.01,0.0,0.0,0.0,0.01,0.0
1894,0.0,0.0,0.0,0.0,1.0,0.0,0.0
1949,0.0,0.0,0.0,0.0,1.0,0.0,0.0
490,0.0,0.0,0.0,0.0,1.0,0.0,0.0
870,0.01,0.0,0.03,0.0,0.01,0.94,0.01
149,0.0,0.94,0.03,0.0,0.0,0.03,0.0
208,0.03,0.89,0.0,0.0,0.0,0.07,0.01
1038,0.0,0.0,0.14,0.01,0.0,0.03,0.82
1968,0.0,0.0,0.0,0.0,1.0,0.0,0.0
1760,0.0,0.0,0.0,0.98,0.0,0.01,0.01
1841,0.0,0.0,0.0,0.0,1.0,0.0,0.0
1292,0.0,0.0,0.78,0.01,0.0,0.02,0.19
814,0.0,0.0,0.02,0.0,0.0,0.97,0.01
1422,0.0,0.01,0.91,0.07,0.0,0.0,0.01
1494,0.0,0.0,0.0,0.96,0.0,0.0,0.04
217,0.11,0.82,0.05,0.0,0.0,0.01,0.01
132,0.01,0.02,0.79,0.1,0.0,0.03,0.05
227,0.0,0.02,0.1,0.0,0.0,0.23,0.65
1682,0.0,0.0,0.07,0.92,0.0,0.0,0.01
1283,0.0,0.0,0.95,0.03,0.0,0.0,0.02
389,0.01,0.87,0.0,0.0,0.0,0.03,0.09
1031,0.0,0.04,0.05,0.02,0.0,0.03,0.86
0,0.0,0.75,0.02,0.0,0.0,0.04,0.19
1627,0.0,0.0,0.0,1.0,0.0,0.0,0.0
7,0.0,0.95,0.0,0.0,0.0,0.03,0.02
883,0.0,0.02,0.02,0.03,0.0,0.79,0.14
1377,0.0,0.0,1.0,0.0,0.0,0.0,0.0
1873,0.0,0.0,0.0,0.0,1.0,0.0,0.0
498,0.87,0.04,0.01,0.0,0.0,0.03,0.05
1766,0.0,0.0,0.03,0.96,0.0,0.01,0.0
1808,0.0,0.0,0.0,0.0,1.0,0.0,0.0
410,0.03,0.11,0.04,0.0,0.0,0.06,0.76
384,0.84,0.12,0.0,0.0,0.0,0.04,0.0
226,0.03,0.91,0.0,0.01,0.0,0.02,0.03
1716,0.0,0.0,0.01,0.97,0.0,0.0,0.02
179,0.01,0.13,0.07,0.0,0.0,0.17,0.62
658,0.97,0.01,0.0,0.0,0.0,0.01,0.01
1488,0.0,0.01,0.96,0.0,0.0,0.02,0.01
1879,0.0,0.0,0.0,0.0,1.0,0.0,0.0
447,0.02,0.86,0.02,0.01,0.0,0.08,0.01
908,0.0,0.02,0.01,0.0,0.0,0.89,0.08
1767,0.0,0.0,0.0,1.0,0.0,0.0,0.0
1395,0.0,0.01,0.92,0.03,0.0,0.0,0.04
400,0.03,0.32,0.04,0.0,0.0,0.61,0.0
143,0.0,0.01,0.0,0.0,0.0,0.99,0.0
1142,0.0,0.01,0.01,0.0,0.0,0.01,0.97
972,0.0,0.01,0.05,0.0,0.0,0.02,0.92
238,0.0,0.78,0.0,0.0,0.0,0.06,0.16
896,0.0,0.02,0.03,0.0,0.01,0.91,0.03
444,0.01,0.95,0.0,0.0,0.0,0.02,0.02
716,1.0,0.0,0.0,0.0,0.0,0.0,0.0
1033,0.0,0.0,0.02,0.0,0.0,0.01,0.97
1811,0.0,0.0,0.0,0.0,1.0,0.0,0.0
1517,0.0,0.0,0.0,1.0,0.0,0.0,0.0
1497,0.0,0.0,0.02,0.97,0.0,0.01,0.0
417,0.0,0.18,0.03,0.0,0.0,0.7,0.09
18,0.07,0.03,0.0,0.01,0.0,0.08,0.81
1392,0.0,0.01,0.89,0.01,0.0,0.01,0.08
602,0.94,0.05,0.0,0.0,0.0,0.01,0.0
1086,0.0,0.0,0.0,0.01,0.0,0.01,0.98
1982,0.0,0.0,0.0,0.0,1.0,0.0,0.0
987,0.0,0.01,0.03,0.0,0.0,0.01,0.95
90,0.03,0.18,0.04,0.67,0.0,0.04,0.04
329,0.0,0.95,0.03,0.0,0.0,0.01,0.01
560,0.93,0.07,0.0,0.0,0.0,0.0,0.0
322,0.0,0.06,0.74,0.02,0.04,0.02,0.12
1120,0.0,0.0,0.0,0.04,0.0,0.03,0.93
215,0.01,0.06,0.0,0.02,0.0,0.03,0.88
983,0.02,0.01,0.01,0.0,0.0,0.02,0.94
1691,0.0,0.0,0.0,1.0,0.0,0.0,0.0
1564,0.0,0.0,0.01,0.99,0.0,0.0,0.0
1201,0.01,0.0,0.99,0.0,0.0,0.0,0.0
1820,0.0,0.0,0.0,0.0,1.0,0.0,0.0
2082,0.0,0.0,0.0,0.0,1.0,0.0,0.0
2044,0.0,0.0,0.0,0.0,1.0,0.0,0.0
1721,0.0,0.0,0.01,0.98,0.0,0.0,0.01
603,0.98,0.01,0.0,0.0,0.0,0.01,0.0
79,0.0,0.9,0.01,0.0,0.0,0.05,0.04
310,0.08,0.82,0.01,0.0,0.0,0.06,0.03
1006,0.0,0.0,0.04,0.0,0.0,0.0,0.96
1070,0.0,0.0,0.01,0.0,0.0,0.01,0.98
1795,0.0,0.0,0.01,0.0,0.99,0.0,0.0
1149,0.0,0.01,0.05,0.0,0.0,0.01,0.93
1306,0.0,0.0,0.99,0.0,0.0,0.0,0.01
1223,0.0,0.03,0.92,0.0,0.0,0.03,0.02
1335,0.0,0.0,0.81,0.11,0.0,0.01,0.07
189,0.07,0.18,0.67,0.0,0.0,0.03,0.05
164,0.01,0.76,0.01,0.01,0.0,0.13,0.08
1,0.0,0.95,0.0,0.0,0.0,0.02,0.03
102,0.08,0.86,0.0,0.0,0.01,0.04,0.01
1111,0.0,0.0,0.01,0.0,0.0,0.01,0.98
1301,0.0,0.0,0.95,0.0,0.01,0.04,0.0
1912,0.0,0.0,0.02,0.01,0.97,0.0,0.0
1729,0.01,0.0,0.07,0.92,0.0,0.0,0.0
328,0.83,0.17,0.0,0.0,0.0,0.0,0.0
639,1.0,0.0,0.0,0.0,0.0,0.0,0.0
1434,0.01,0.0,0.87,0.0,0.02,0.02,0.08
201,0.03,0.11,0.77,0.06,0.0,0.02,0.01
771,0.0,0.07,0.0,0.0,0.0,0.93,0.0
802,0.04,0.08,0.01,0.0,0.0,0.86,0.01
1802,0.0,0.0,0.0,0.0,0.98,0.01,0.01
880,0.0,0.0,0.02,0.0,0.0,0.95,0.03
1527,0.01,0.0,0.01,0.98,0.0,0.0,0.0
178,0.88,0.11,0.0,0.0,0.0,0.01,0.0
1199,0.0,0.0,0.99,0.0,0.0,0.01,0.0
330,0.13,0.83,0.0,0.0,0.0,0.02,0.02
561,0.95,0.02,0.0,0.0,0.02,0.01,0.0
912,0.03,0.03,0.0,0.0,0.0,0.9,0.04
1017,0.0,0.01,0.02,0.0,0.0,0.02,0.95
734,0.01,0.11,0.02,0.01,0.0,0.75,0.1
742,0.03,0.0,0.0,0.0,0.0,0.95,0.02
762,0.0,0.01,0.0,0.0,0.0,0.99,0.0
489,0.01,0.0,0.03,0.0,0.93,0.02,0.01
559,0.96,0.03,0.0,0.0,0.01,0.0,0.0
170,0.04,0.85,0.0,0.0,0.0,0.1,0.01
900,0.0,0.01,0.01,0.0,0.0,0.98,0.0
1701,0.0,0.0,0.0,0.99,0.0,0.0,0.01
558,0.97,0.03,0.0,0.0,0.0,0.0,0.0
631,0.97,0.01,0.0,0.01,0.0,0.01,0.0
1817,0.0,0.0,0.0,0.0,1.0,0.0,0.0
1611,0.0,0.0,0.01,0.98,0.0,0.0,0.01
2031,0.0,0.0,0.0,0.0,1.0,0.0,0.0
62,0.0,0.72,0.0,0.0,0.0,0.24,0.04
234,0.01,0.79,0.0,0.0,0.0,0.17,0.03
53,0.06,0.85,0.02,0.02,0.0,0.03,0.02
720,0.99,0.01,0.0,0.0,0.0,0.0,0.0
2030,0.0,0.0,0.0,0.0,1.0,0.0,0.0
665,0.96,0.03,0.0,0.0,0.0,0.0,0.01
967,0.03,0.0,0.0,0.01,0.0,0.08,0.88
1209,0.0,0.0,0.89,0.02,0.0,0.0,0.09
52,0.1,0.88,0.01,0.0,0.0,0.01,0.0
1782,0.0,0.0,0.0,0.0,1.0,0.0,0.0
9,0.03,0.75,0.07,0.0,0.0,0.05,0.1
1318,0.0,0.0,0.9,0.06,0.0,0.01,0.03
505,1.0,0.0,0.0,0.0,0.0,0.0,0.0
1471,0.0,0.0,0.83,0.16,0.0,0.01,0.0
1245,0.0,0.0,0.94,0.02,0.0,0.01,0.03
549,0.94,0.01,0.03,0.0,0.0,0.02,0.0
1515,0.0,0.0,0.01,0.96,0.02,0.0,0.01
566,0.98,0.0,0.0,0.0,0.0,0.01,0.01
573,0.94,0.03,0.0,0.0,0.0,0.01,0.02
491,0.0,0.0,0.0,0.0,1.0,0.0,0.0
1104,0.0,0.01,0.03,0.03,0.0,0.05,0.88
395,0.01,0.05,0.09,0.01,0.0,0.05,0.79
46,0.01,0.95,0.0,0.0,0.0,0.03,0.01
644,0.89,0.07,0.01,0.0,0.0,0.03,0.0
126,0.03,0.81,0.02,0.04,0.0,0.07,0.03
205,0.07,0.9,0.0,0.0,0.0,0.03,0.0
6,0.01,0.89,0.02,0.0,0.03,0.03,0.02
713,0.99,0.0,0.0,0.0,0.0,0.0,0.01
553,1.0,0.0,0.0,0.0,0.0,0.0,0.0
1819,0.0,0.0,0.0,0.0,1.0,0.0,0.0
877,0.0,0.0,0.0,0.0,0.0,1.0,0.0
1690,0.0,0.0,0.01,0.99,0.0,0.0,0.0
1035,0.0,0.01,0.06,0.0,0.01,0.03,0.89
16,0.0,0.01,0.02,0.08,0.0,0.02,0.87
2022,0.0,0.0,0.0,0.0,1.0,0.0,0.0
461,0.13,0.81,0.01,0.0,0.0,0.05,0.0
1108,0.0,0.0,0.04,0.03,0.0,0.01,0.92
262,0.0,0.91,0.01,0.0,0.0,0.05,0.03
2036,0.0,0.0,0.0,0.0,1.0,0.0,0.0
190,0.02,0.07,0.05,0.01,0.0,0.77,0.08
550,0.96,0.02,0.0,0.0,0.0,0.02,0.0
790,0.0,0.01,0.0,0.0,0.0,0.96,0.03
245,0.01,0.05,0.05,0.0,0.0,0.09,0.8
1511,0.0,0.0,0.01,0.99,0.0,0.0,0.0
1393,0.0,0.0,1.0,0.0,0.0,0.0,0.0
1981,0.0,0.0,0.0,0.0,1.0,0.0,0.0
881,0.02,0.05,0.05,0.0,0.0,0.86,0.02
1645,0.0,0.0,0.0,1.0,0.0,0.0,0.0
813,0.0,0.0,0.04,0.0,0.0,0.94,0.02
449,0.17,0.73,0.02,0.0,0.0,0.05,0.03
1353,0.0,0.01,0.86,0.09,0.0,0.01,0.03
1019,0.0,0.06,0.01,0.0,0.0,0.07,0.86
985,0.0,0.02,0.01,0.0,0.0,0.09,0.88
1905,0.0,0.0,0.0,0.0,1.0,0.0,0.0
1887,0.0,0.0,0.0,0.0,1.0,0.0,0.0
86,0.02,0.79,0.05,0.04,0.0,0.03,0.07
1683,0.0,0.0,0.0,1.0,0.0,0.0,0.0
995,0.0,0.0,0.01,0.01,0.0,0.02,0.96
1228,0.01,0.0,0.89,0.04,0.0,0.01,0.05
626,0.93,0.05,0.0,0.0,0.0,0.02,0.0
899,0.0,0.02,0.0,0.0,0.0,0.97,0.01
747,0.0,0.05,0.04,0.0,0.0,0.89,0.02
815,0.0,0.01,0.0,0.0,0.0,0.98,0.01
1704,0.0,0.0,0.0,1.0,0.0,0.0,0.0
530,0.96,0.03,0.0,0.0,0.0,0.0,0.01
1622,0.0,0.0,0.0,1.0,0.0,0.0,0.0
1984,0.0,0.0,0.0,0.0,1.0,0.0,0.0
1146,0.0,0.01,0.09,0.0,0.01,0.01,0.88
1329,0.0,0.01,0.9,0.01,0.0,0.01,0.07
1930,0.0,0.0,0.0,0.0,0.99,0.0,0.01
199,0.05,0.78,0.04,0.02,0.0,0.04,0.07
1520,0.0,0.01,0.02,0.97,0.0,0.0,0.0
1093,0.0,0.04,0.02,0.03,0.0,0.02,0.89
719,1.0,0.0,0.0,0.0,0.0,0.0,0.0
1490,0.0,0.03,0.04,0.9,0.0,0.02,0.01
148,0.0,0.72,0.0,0.01,0.0,0.1,0.17
1855,0.0,0.0,0.0,0.0,1.0,0.0,0.0
1000,0.01,0.0,0.01,0.0,0.0,0.04,0.94
1216,0.0,0.0,0.87,0.0,0.0,0.01,0.12
637,0.97,0.01,0.0,0.0,0.0,0.01,0.01
648,1.0,0.0,0.0,0.0,0.0,0.0,0.0
946,0.0,0.0,0.0,0.0,0.0,0.99,0.01
1257,0.0,0.02,0.87,0.07,0.0,0.02,0.02
1545,0.0,0.0,0.01,0.99,0.0,0.0,0.0
1751,0.0,0.0,0.0,1.0,0.0,0.0,0.0
1708,0.0,0.0,0.01,0.99,0.0,0.0,0.0
478,0.01,0.04,0.83,0.0,0.0,0.06,0.06
1462,0.0,0.0,0.91,0.01,0.0,0.0,0.08
1703,0.0,0.0,0.0,0.99,0.0,0.0,0.01
736,0.01,0.07,0.01,0.0,0.0,0.88,0.03
1421,0.0,0.02,0.89,0.05,0.0,0.03,0.01
1953,0.0,0.0,0.0,0.0,1.0,0.0,0.0
157,0.0,0.06,0.13,0.0,0.0,0.01,0.8
74,0.01,0.16,0.03,0.0,0.0,0.07,0.73
129,0.0,0.95,0.01,0.0,0.0,0.02,0.02
824,0.0,0.0,0.01,0.0,0.0,0.99,0.0
2007,0.0,0.0,0.0,0.0,1.0,0.0,0.0
1202,0.0,0.07,0.91,0.0,0.0,0.02,0.0
2024,0.0,0.0,0.0,0.0,1.0,0.0,0.0
669,1.0,0.0,0.0,0.0,0.0,0.0,0.0
1203,0.0,0.04,0.78,0.03,0.02,0.04,0.09
394,0.0,0.83,0.01,0.0,0.0,0.05,0.11
1975,0.0,0.0,0.0,0.0,1.0,0.0,0.0
853,0.0,0.08,0.02,0.0,0.0,0.89,0.01
419,0.01,0.93,0.02,0.0,0.0,0.02,0.02
1310,0.0,0.02,0.92,0.0,0.0,0.04,0.02
477,0.01,0.85,0.01,0.0,0.0,0.07,0.06
1200,0.0,0.0,0.97,0.0,0.0,0.01,0.02
372,0.05,0.87,0.0,0.0,0.0,0.04,0.04
1596,0.0,0.0,0.04,0.93,0.0,0.0,0.03
1173,0.0,0.01,0.01,0.01,0.0,0.01,0.96
1226,0.0,0.0,0.93,0.01,0.0,0.02,0.04
766,0.01,0.13,0.0,0.0,0.01,0.83,0.02
2035,0.0,0.0,0.0,0.0,1.0,0.0,0.0
1643,0.0,0.0,0.0,1.0,0.0,0.0,0.0
835,0.0,0.03,0.0,0.0,0.0,0.95,0.02
1416,0.0,0.0,1.0,0.0,0.0,0.0,0.0
1614,0.01,0.0,0.05,0.94,0.0,0.0,0.0
1757,0.0,0.0,0.01,0.98,0.0,0.0,0.01
1561,0.0,0.0,0.0,1.0,0.0,0.0,0.0
885,0.01,0.0,0.0,0.0,0.0,0.98,0.01
375,0.0,0.82,0.04,0.0,0.01,0.08,0.05
377,0.03,0.83,0.04,0.01,0.0,0.08,0.01
1281,0.0,0.05,0.81,0.0,0.0,0.01,0.13
683,0.99,0.0,0.01,0.0,0.0,0.0,0.0
378,0.14,0.8,0.0,0.0,0.0,0.03,0.03
1039,0.0,0.01,0.04,0.0,0.0,0.0,0.95
509,0.88,0.09,0.02,0.0,0.0,0.01,0.0
1946,0.0,0.0,0.01,0.0,0.99,0.0,0.0
621,0.97,0.02,0.0,0.0,0.0,0.01,0.0
1012,0.02,0.0,0.03,0.0,0.0,0.06,0.89
1927,0.0,0.0,0.0,0.0,1.0,0.0,0.0
947,0.0,0.0,0.0,0.0,0.0,0.98,0.02
266,0.06,0.91,0.0,0.0,0.0,0.01,0.02
1853,0.0,0.0,0.0,0.0,1.0,0.0,0.0
167,0.03,0.05,0.15,0.0,0.0,0.02,0.75
265,0.11,0.83,0.0,0.0,0.0,0.06,0.0
1772,0.0,0.0,0.09,0.87,0.0,0.01,0.03
1592,0.01,0.0,0.04,0.93,0.01,0.0,0.01
740,0.01,0.0,0.01,0.0,0.0,0.95,0.03
700,0.99,0.01,0.0,0.0,0.0,0.0,0.0
1044,0.0,0.01,0.06,0.01,0.0,0.01,0.91
1139,0.0,0.01,0.04,0.01,0.0,0.0,0.94
1147,0.0,0.01,0.03,0.0,0.0,0.02,0.94
1818,0.0,0.0,0.0,0.0,1.0,0.0,0.0
1733,0.0,0.0,0.0,1.0,0.0,0.0,0.0
1724,0.0,0.0,0.01,0.99,0.0,0.0,0.0
544,0.95,0.04,0.0,0.0,0.0,0.01,0.0
1867,0.0,0.0,0.0,0.0,1.0,0.0,0.0
64,0.06,0.94,0.0,0.0,0.0,0.0,0.0
1119,0.0,0.01,0.02,0.0,0.0,0.05,0.92
1628,0.0,0.0,0.0,1.0,0.0,0.0,0.0
1060,0.0,0.02,0.04,0.0,0.0,0.06,0.88
1990,0.0,0.0,0.0,0.0,1.0,0.0,0.0
168,0.01,0.25,0.0,0.0,0.0,0.07,0.67
1707,0.0,0.0,0.0,1.0,0.0,0.0,0.0
2003,0.0,0.0,0.0,0.0,0.99,0.01,0.0
495,0.0,0.0,0.0,0.0,1.0,0.0,0.0
2029,0.0,0.0,0.0,0.0,1.0,0.0,0.0
830,0.0,0.01,0.01,0.0,0.0,0.97,0.01
1838,0.0,0.0,0.0,0.0,1.0,0.0,0.0
462,0.0,0.03,0.86,0.0,0.0,0.11,0.0
956,0.02,0.09,0.06,0.0,0.0,0.03,0.8
1276,0.01,0.0,0.98,0.0,0.0,0.0,0.01
1558,0.0,0.0,0.0,1.0,0.0,0.0,0.0
1085,0.0,0.0,0.03,0.01,0.0,0.0,0.96
1453,0.0,0.0,0.9,0.07,0.0,0.0,0.03
855,0.01,0.02,0.04,0.0,0.0,0.92,0.01
118,0.06,0.14,0.01,0.0,0.0,0.7,0.09
1117,0.0,0.0,0.1,0.0,0.0,0.01,0.89
1254,0.01,0.01,0.91,0.0,0.0,0.05,0.02
1745,0.0,0.0,0.0,1.0,0.0,0.0,0.0
1960,0.0,0.0,0.0,0.0,1.0,0.0,0.0
1748,0.0,0.0,0.02,0.98,0.0,0.0,0.0
1404,0.0,0.0,0.97,0.01,0.0,0.0,0.02
253,0.02,0.19,0.63,0.0,0.01,0.03,0.12
1577,0.0,0.0,0.01,0.99,0.0,0.0,0.0
183,0.0,0.02,0.89,0.04,0.0,0.0,0.05
717,0.96,0.03,0.0,0.0,0.0,0.01,0.0
1287,0.0,0.0,0.92,0.03,0.0,0.0,0.05
1798,0.0,0.0,0.0,0.0,1.0,0.0,0.0
949,0.0,0.02,0.03,0.0,0.0,0.92,0.03
612,0.91,0.02,0.01,0.01,0.0,0.03,0.02
1189,0.0,0.01,0.86,0.0,0.0,0.07,0.06
633,0.98,0.01,0.01,0.0,0.0,0.0,0.0
2061,0.0,0.0,0.0,0.0,1.0,0.0,0.0
1589,0.0,0.0,0.01,0.99,0.0,0.0,0.0
488,0.0,0.0,0.0,0.0,0.98,0.01,0.01
1613,0.0,0.0,0.0,1.0,0.0,0.0,0.0
1153,0.0,0.02,0.0,0.0,0.0,0.01,0.97
1906,0.0,0.0,0.0,0.0,1.0,0.0,0.0
1692,0.0,0.0,0.0,1.0,0.0,0.0,0.0
2004,0.0,0.0,0.0,0.0,1.0,0.0,0.0
2006,0.0,0.0,0.0,0.0,1.0,0.0,0.0
443,0.04,0.88,0.01,0.0,0.0,0.04,0.03
1238,0.0,0.0,0.92,0.06,0.0,0.0,0.02
1845,0.0,0.0,0.0,0.0,1.0,0.0,0.0
647,1.0,0.0,0.0,0.0,0.0,0.0,0.0
1648,0.0,0.0,0.0,0.99,0.0,0.0,0.01
228,0.07,0.86,0.03,0.0,0.0,0.04,0.0
1667,0.0,0.0,0.0,0.99,0.01,0.0,0.0
1775,0.0,0.0,0.01,0.0,0.99,0.0,0.0
1042,0.0,0.01,0.03,0.06,0.0,0.01,0.89
851,0.01,0.01,0.05,0.0,0.0,0.87,0.06
1273,0.0,0.0,0.99,0.0,0.0,0.0,0.01
1440,0.0,0.0,0.87,0.08,0.0,0.02,0.03
974,0.0,0.03,0.02,0.0,0.0,0.07,0.88
547,1.0,0.0,0.0,0.0,0.0,0.0,0.0
1825,0.0,0.0,0.01,0.0,0.99,0.0,0.0
497,0.87,0.02,0.0,0.01,0.0,0.08,0.02
1186,0.0,0.01,0.92,0.05,0.0,0.02,0.0
926,0.02,0.01,0.0,0.0,0.0,0.95,0.02
2084,0.0,0.0,0.0,0.0,1.0,0.0,0.0
1452,0.0,0.0,0.95,0.02,0.0,0.03,0.0
1029,0.01,0.1,0.01,0.0,0.0,0.08,0.8
476,0.03,0.88,0.01,0.0,0.0,0.04,0.04
593,0.97,0.02,0.0,0.0,0.0,0.01,0.0
1956,0.0,0.0,0.0,0.0,1.0,0.0,0.0
274,0.04,0.89,0.01,0.0,0.0,0.02,0.04
1175,0.0,0.0,0.01,0.02,0.0,0.01,0.96
1510,0.0,0.0,0.09,0.89,0.0,0.0,0.02
918,0.0,0.0,0.02,0.0,0.0,0.97,0.01
727,1.0,0.0,0.0,0.0,0.0,0.0,0.0
1413,0.0,0.0,0.99,0.0,0.0,0.01,0.0
1140,0.0,0.01,0.03,0.01,0.0,0.01,0.94
280,0.03,0.9,0.0,0.0,0.0,0.07,0.0
799,0.0,0.02,0.02,0.0,0.0,0.82,0.14
1926,0.0,0.0,0.0,0.0,1.0,0.0,0.0
1096,0.0,0.0,0.06,0.02,0.01,0.09,0.82
533,0.94,0.03,0.01,0.0,0.0,0.01,0.01
474,0.04,0.3,0.02,0.0,0.0,0.63,0.01
1337,0.0,0.01,0.87,0.0,0.0,0.06,0.06
761,0.01,0.01,0.01,0.0,0.0,0.96,0.01
2055,0.0,0.0,0.0,0.0,1.0,0.0,0.0
1594,0.0,0.0,0.01,0.92,0.0,0.0,0.07
816,0.0,0.08,0.05,0.03,0.0,0.73,0.11
194,0.0,0.74,0.03,0.0,0.0,0.16,0.07
623,0.95,0.02,0.01,0.0,0.0,0.01,0.01
1095,0.0,0.01,0.07,0.0,0.0,0.03,0.89
1884,0.0,0.0,0.0,0.0,1.0,0.0,0.0
1639,0.0,0.0,0.05,0.92,0.0,0.0,0.03
139,0.01,0.96,0.0,0.01,0.0,0.01,0.01
663,0.99,0.0,0.0,0.0,0.0,0.01,0.0
1913,0.0,0.0,0.0,0.0,1.0,0.0,0.0
1862,0.0,0.0,0.0,0.0,1.0,0.0,0.0
1002,0.0,0.01,0.06,0.0,0.0,0.01,0.92
1274,0.0,0.0,0.97,0.0,0.0,0.0,0.03
873,0.02,0.0,0.04,0.0,0.0,0.9,0.04
146,0.05,0.83,0.02,0.01,0.0,0.09,0.0
858,0.03,0.07,0.0,0.0,0.0,0.89,0.01
343,0.05,0.8,0.01,0.0,0.0,0.05,0.09
1986,0.0,0.0,0.0,0.0,1.0,0.0,0.0
517,0.97,0.01,0.0,0.0,0.0,0.0,0.02
452,0.03,0.18,0.02,0.0,0.0,0.72,0.05
1396,0.0,0.0,0.87,0.01,0.0,0.0,0.12
465,0.02,0.89,0.03,0.0,0.0,0.05,0.01
859,0.03,0.06,0.0,0.0,0.0,0.91,0.0
1105,0.0,0.01,0.0,0.0,0.0,0.01,0.98
992,0.0,0.03,0.09,0.04,0.0,0.07,0.77
731,0.98,0.01,0.0,0.0,0.0,0.0,0.01
654,0.89,0.02,0.0,0.02,0.0,0.06,0.01
1931,0.0,0.0,0.0,0.0,1.0,0.0,0.0
1432,0.0,0.0,0.89,0.0,0.0,0.02,0.09
1101,0.0,0.01,0.01,0.0,0.0,0.0,0.98
1079,0.0,0.03,0.02,0.02,0.0,0.04,0.89
37,0.05,0.95,0.0,0.0,0.0,0.0,0.0
503,1.0,0.0,0.0,0.0,0.0,0.0,0.0
1248,0.0,0.01,0.91,0.01,0.0,0.02,0.05
459,0.95,0.04,0.0,0.0,0.0,0.0,0.01
1710,0.0,0.01,0.01,0.98,0.0,0.0,0.0
557,0.97,0.02,0.0,0.0,0.0,0.01,0.0
291,0.0,0.16,0.01,0.01,0.0,0.72,0.1
733,0.0,0.02,0.0,0.0,0.0,0.97,0.01
1681,0.0,0.0,0.01,0.97,0.0,0.01,0.01
794,0.0,0.04,0.01,0.0,0.0,0.95,0.0
1850,0.0,0.01,0.0,0.0,0.99,0.0,0.0
1877,0.0,0.0,0.0,0.0,1.0,0.0,0.0
864,0.0,0.01,0.0,0.0,0.0,0.99,0.0
440,0.0,0.02,0.0,0.04,0.0,0.88,0.06
1860,0.0,0.0,0.0,0.0,1.0,0.0,0.0
1652,0.0,0.0,0.01,0.97,0.01,0.0,0.01
1898,0.0,0.0,0.0,0.0,1.0,0.0,0.0
1686,0.0,0.0,0.03,0.94,0.01,0.01,0.01
1646,0.0,0.0,0.0,1.0,0.0,0.0,0.0
1806,0.0,0.0,0.0,0.0,1.0,0.0,0.0
380,0.01,0.05,0.74,0.0,0.0,0.13,0.07
779,0.0,0.03,0.01,0.0,0.0,0.93,0.03
323,0.94,0.05,0.0,0.0,0.0,0.0,0.01
1831,0.0,0.0,0.0,0.0,1.0,0.0,0.0
928,0.05,0.02,0.01,0.0,0.0,0.92,0.0
710,0.99,0.0,0.0,0.0,0.0,0.01,0.0
1372,0.01,0.01,0.92,0.0,0.0,0.04,0.02
753,0.01,0.05,0.01,0.01,0.01,0.87,0.04
1875,0.0,0.02,0.01,0.0,0.95,0.02,0.0
1753,0.0,0.0,0.0,1.0,0.0,0.0,0.0
909,0.03,0.0,0.0,0.0,0.0,0.96,0.01
902,0.0,0.02,0.0,0.0,0.01,0.93,0.04
1293,0.0,0.0,0.97,0.01,0.0,0.01,0.01
1355,0.0,0.0,0.98,0.01,0.0,0.0,0.01
1706,0.0,0.0,0.0,1.0,0.0,0.0,0.0
335,0.0,0.05,0.77,0.09,0.05,0.02,0.02
1062,0.0,0.0,0.02,0.03,0.0,0.01,0.94
930,0.03,0.08,0.01,0.0,0.0,0.87,0.01
1461,0.0,0.01,0.95,0.0,0.0,0.01,0.03
1473,0.0,0.0,0.92,0.0,0.0,0.04,0.04
1535,0.0,0.0,0.0,1.0,0.0,0.0,0.0
484,0.02,0.93,0.03,0.0,0.0,0.02,0.0
1032,0.0,0.02,0.01,0.06,0.0,0.02,0.89
1937,0.0,0.0,0.0,0.0,1.0,0.0,0.0
303,0.85,0.09,0.02,0.01,0.0,0.02,0.01
857,0.0,0.03,0.03,0.0,0.0,0.89,0.05
26,0.01,0.85,0.02,0.0,0.0,0.09,0.03
1765,0.0,0.0,0.04,0.94,0.01,0.01,0.0
1025,0.0,0.03,0.04,0.01,0.0,0.01,0.91
1610,0.01,0.0,0.04,0.9,0.0,0.02,0.03
1401,0.01,0.0,0.94,0.0,0.0,0.02,0.03
47,0.01,0.93,0.0,0.0,0.0,0.06,0.0
1785,0.0,0.0,0.0,0.0,1.0,0.0,0.0
152,0.01,0.01,0.76,0.0,0.0,0.08,0.14
371,0.04,0.94,0.0,0.0,0.0,0.0,0.02
1869,0.0,0.0,0.0,0.0,1.0,0.0,0.0
1354,0.0,0.0,0.96,0.03,0.0,0.0,0.01
1011,0.01,0.0,0.05,0.0,0.0,0.08,0.86
1300,0.0,0.01,0.96,0.0,0.0,0.03,0.0
1323,0.0,0.0,0.9,0.09,0.0,0.0,0.01
1048,0.01,0.01,0.01,0.0,0.0,0.11,0.86
359,0.0,0.02,0.08,0.0,0.0,0.01,0.89
1331,0.0,0.0,0.95,0.0,0.0,0.05,0.0
2043,0.0,0.0,0.0,0.0,1.0,0.0,0.0
574,0.96,0.04,0.0,0.0,0.0,0.0,0.0
1754,0.0,0.0,0.0,0.99,0.0,0.0,0.01
1027,0.0,0.0,0.02,0.02,0.0,0.05,0.91
1550,0.0,0.0,0.04,0.96,0.0,0.0,0.0
1814,0.0,0.0,0.0,0.0,1.0,0.0,0.0
1049,0.0,0.02,0.01,0.01,0.0,0.0,0.96
1022,0.0,0.0,0.03,0.01,0.0,0.01,0.95
662,0.97,0.01,0.0,0.0,0.0,0.02,0.0
424,0.06,0.9,0.0,0.0,0.0,0.03,0.01
660,0.96,0.01,0.0,0.0,0.0,0.03,0.0
1864,0.0,0.0,0.0,0.0,1.0,0.0,0.0
523,0.88,0.09,0.02,0.0,0.0,0.01,0.0
1195,0.0,0.02,0.91,0.04,0.0,0.0,0.03
1758,0.0,0.0,0.0,0.99,0.0,0.0,0.01
1848,0.0,0.0,0.0,0.0,1.0,0.0,0.0
2,0.01,0.82,0.03,0.01,0.0,0.05,0.08
469,0.03,0.96,0.01,0.0,0.0,0.0,0.0
57,0.0,0.92,0.0,0.0,0.0,0.02,0.06
1438,0.01,0.0,0.93,0.04,0.0,0.0,0.02
492,0.0,0.0,0.0,0.02,0.98,0.0,0.0
1084,0.0,0.01,0.0,0.0,0.0,0.04,0.95
42,0.01,0.77,0.05,0.0,0.0,0.12,0.05
1127,0.01,0.03,0.02,0.01,0.0,0.02,0.91
615,1.0,0.0,0.0,0.0,0.0,0.0,0.0
1132,0.0,0.0,0.03,0.0,0.0,0.02,0.95
1054,0.0,0.01,0.04,0.0,0.0,0.03,0.92
1738,0.0,0.0,0.0,1.0,0.0,0.0,0.0
1394,0.0,0.0,0.99,0.0,0.0,0.0,0.01
1539,0.0,0.0,0.01,0.99,0.0,0.0,0.0
1972,0.0,0.0,0.0,0.0,1.0,0.0,0.0
697,1.0,0.0,0.0,0.0,0.0,0.0,0.0
101,0.02,0.91,0.0,0.0,0.0,0.02,0.05
1961,0.0,0.0,0.0,0.0,1.0,0.0,0.0
1740,0.0,0.0,0.0,0.98,0.0,0.0,0.02
1659,0.0,0.01,0.04,0.94,0.01,0.0,0.0
625,0.92,0.07,0.01,0.0,0.0,0.0,0.0
1141,0.0,0.0,0.0,0.0,0.0,0.01,0.99
807,0.02,0.01,0.02,0.0,0.0,0.93,0.02
140,0.03,0.27,0.63,0.0,0.0,0.02,0.05
546,0.95,0.03,0.0,0.0,0.0,0.02,0.0
1674,0.01,0.0,0.02,0.96,0.0,0.0,0.01
1125,0.03,0.0,0.02,0.0,0.0,0.02,0.93
2016,0.0,0.0,0.0,0.0,1.0,0.0,0.0
1361,0.0,0.0,0.86,0.0,0.0,0.01,0.13
689,0.98,0.0,0.0,0.0,0.0,0.01,0.01
1722,0.0,0.0,0.02,0.98,0.0,0.0,0.0
1844,0.0,0.0,0.0,0.0,1.0,0.0,0.0
991,0.0,0.0,0.03,0.0,0.0,0.0,0.97
1919,0.0,0.0,0.0,0.0,1.0,0.0,0.0
296,0.76,0.15,0.01,0.0,0.0,0.05,0.03
209,0.0,0.84,0.01,0.01,0.0,0.11,0.03
646,0.92,0.07,0.0,0.0,0.0,0.01,0.0
365,0.03,0.88,0.01,0.0,0.0,0.06,0.02
1482,0.0,0.01,0.85,0.01,0.0,0.0,0.13
681,1.0,0.0,0.0,0.0,0.0,0.0,0.0
397,0.01,0.89,0.02,0.0,0.0,0.03,0.05
1804,0.0,0.0,0.0,0.0,1.0,0.0,0.0
1768,0.0,0.0,0.0,0.99,0.0,0.01,0.0
1742,0.0,0.0,0.01,0.99,0.0,0.0,0.0
1835,0.0,0.0,0.0,0.0,1.0,0.0,0.0
1476,0.0,0.02,0.92,0.0,0.0,0.01,0.05
2070,0.0,0.0,0.0,0.0,1.0,0.0,0.0
456,0.05,0.8,0.02,0.0,0.0,0.07,0.06
1207,0.0,0.0,0.99,0.0,0.0,0.01,0.0
1386,0.0,0.03,0.86,0.01,0.0,0.04,0.06
319,0.07,0.81,0.0,0.0,0.0,0.07,0.05
640,1.0,0.0,0.0,0.0,0.0,0.0,0.0
468,0.03,0.9,0.01,0.01,0.0,0.03,0.02
958,0.0,0.0,0.05,0.02,0.0,0.12,0.81
997,0.0,0.02,0.02,0.0,0.0,0.01,0.95
454,0.0,0.09,0.06,0.0,0.0,0.11,0.74
1472,0.01,0.0,0.88,0.1,0.0,0.0,0.01
1275,0.01,0.02,0.92,0.0,0.0,0.04,0.01
423,0.03,0.23,0.57,0.0,0.0,0.03,0.14
913,0.0,0.01,0.02,0.0,0.0,0.92,0.05
142,0.05,0.11,0.03,0.01,0.0,0.75,0.05
1296,0.0,0.0,0.91,0.04,0.0,0.0,0.05
1034,0.0,0.0,0.01,0.0,0.0,0.0,0.99
968,0.0,0.04,0.03,0.0,0.0,0.0,0.93
1122,0.0,0.01,0.04,0.0,0.0,0.02,0.93
493,0.0,0.01,0.0,0.0,0.98,0.01,0.0
1513,0.0,0.0,0.02,0.92,0.0,0.02,0.04
1942,0.0,0.0,0.0,0.0,1.0,0.0,0.0
601,0.98,0.02,0.0,0.0,0.0,0.0,0.0
1989,0.0,0.0,0.0,0.0,1.0,0.0,0.0
103,0.0,0.01,0.97,0.0,0.0,0.01,0.01
1063,0.0,0.01,0.05,0.0,0.0,0.04,0.9
1725,0.0,0.0,0.01,0.96,0.0,0.03,0.0
1771,0.0,0.0,0.01,0.98,0.0,0.0,0.01
2026,0.0,0.0,0.0,0.0,1.0,0.0,0.0
202,0.0,0.89,0.0,0.0,0.0,0.04,0.07
1010,0.0,0.03,0.01,0.0,0.0,0.01,0.95
1962,0.0,0.0,0.0,0.0,1.0,0.0,0.0
789,0.0,0.01,0.03,0.0,0.0,0.93,0.03
336,0.01,0.89,0.0,0.0,0.0,0.06,0.04
1484,0.0,0.0,0.85,0.14,0.0,0.0,0.01
261,0.02,0.17,0.02,0.0,0.0,0.07,0.72
844,0.03,0.05,0.01,0.0,0.0,0.91,0.0
284,0.1,0.85,0.0,0.0,0.0,0.03,0.02
1156,0.0,0.01,0.01,0.0,0.0,0.01,0.97
150,0.02,0.09,0.1,0.0,0.0,0.74,0.05
1478,0.0,0.0,0.97,0.01,0.0,0.0,0.02
1998,0.0,0.0,0.0,0.0,1.0,0.0,0.0
894,0.0,0.02,0.03,0.0,0.0,0.94,0.01
1530,0.0,0.0,0.02,0.98,0.0,0.0,0.0
216,0.14,0.76,0.02,0.0,0.0,0.06,0.02
1890,0.0,0.0,0.0,0.0,1.0,0.0,0.0
627,0.99,0.0,0.0,0.0,0.0,0.0,0.01
1852,0.0,0.0,0.01,0.0,0.99,0.0,0.0
1406,0.0,0.0,0.86,0.01,0.0,0.0,0.13
439,0.02,0.89,0.0,0.01,0.0,0.04,0.04
837,0.01,0.02,0.03,0.02,0.0,0.83,0.09
1857,0.0,0.0,0.0,0.0,1.0,0.0,0.0
641,0.99,0.01,0.0,0.0,0.0,0.0,0.0
758,0.0,0.01,0.01,0.0,0.0,0.97,0.01
1047,0.0,0.02,0.0,0.0,0.0,0.0,0.98
1579,0.0,0.0,0.02,0.91,0.01,0.04,0.02
1955,0.0,0.0,0.0,0.0,1.0,0.0,0.0
1232,0.0,0.03,0.97,0.0,0.0,0.0,0.0
1407,0.0,0.0,0.99,0.0,0.0,0.01,0.0
969,0.0,0.03,0.0,0.0,0.0,0.0,0.97
1467,0.0,0.0,1.0,0.0,0.0,0.0,0.0
911,0.0,0.0,0.0,0.0,0.01,0.98,0.01
130,0.08,0.8,0.01,0.0,0.01,0.05,0.05
866,0.0,0.0,0.0,0.0,0.0,0.99,0.01
1727,0.0,0.0,0.05,0.95,0.0,0.0,0.0
515,1.0,0.0,0.0,0.0,0.0,0.0,0.0
1348,0.0,0.01,0.93,0.01,0.0,0.04,0.01
1736,0.0,0.01,0.0,0.99,0.0,0.0,0.0
1008,0.0,0.04,0.02,0.0,0.0,0.03,0.91
373,0.01,0.11,0.01,0.0,0.0,0.14,0.73
312,0.0,0.2,0.05,0.01,0.0,0.73,0.01
175,0.06,0.75,0.07,0.0,0.0,0.03,0.09
28,0.03,0.76,0.01,0.0,0.02,0.1,0.08
989,0.0,0.09,0.02,0.01,0.0,0.06,0.82
904,0.03,0.01,0.01,0.0,0.0,0.93,0.02
1504,0.0,0.0,0.0,1.0,0.0,0.0,0.0
580,0.98,0.0,0.0,0.0,0.0,0.02,0.0
225,0.0,0.85,0.04,0.02,0.0,0.08,0.01
1500,0.0,0.0,0.01,0.99,0.0,0.0,0.0
1046,0.0,0.0,0.07,0.0,0.0,0.02,0.91
249,0.03,0.13,0.07,0.01,0.0,0.69,0.07
953,0.0,0.03,0.01,0.0,0.0,0.05,0.91
917,0.01,0.03,0.0,0.0,0.0,0.96,0.0
554,1.0,0.0,0.0,0.0,0.0,0.0,0.0
1325,0.01,0.0,0.94,0.03,0.0,0.02,0.0
1264,0.02,0.0,0.92,0.0,0.0,0.03,0.03
1469,0.0,0.0,0.99,0.0,0.0,0.0,0.01
1650,0.0,0.0,0.01,0.95,0.0,0.0,0.04
240,0.03,0.9,0.01,0.0,0.0,0.05,0.01
828,0.02,0.01,0.03,0.01,0.0,0.93,0.0
1496,0.0,0.01,0.03,0.96,0.0,0.0,0.0
1241,0.0,0.0,0.93,0.01,0.0,0.01,0.05
595,1.0,0.0,0.0,0.0,0.0,0.0,0.0
1661,0.0,0.0,0.0,1.0,0.0,0.0,0.0
878,0.01,0.0,0.0,0.0,0.0,0.98,0.01
1194,0.0,0.0,0.95,0.03,0.0,0.02,0.0
568,0.98,0.01,0.01,0.0,0.0,0.0,0.0
887,0.01,0.02,0.0,0.0,0.0,0.96,0.01
431,0.09,0.81,0.01,0.0,0.0,0.09,0.0
11,0.01,0.04,0.06,0.0,0.0,0.13,0.76
1077,0.0,0.0,0.05,0.05,0.0,0.02,0.88
1573,0.0,0.0,0.0,0.99,0.0,0.0,0.01
1779,0.0,0.0,0.0,0.0,1.0,0.0,0.0
96,0.0,0.81,0.01,0.0,0.0,0.12,0.06
1151,0.0,0.0,0.05,0.01,0.0,0.0,0.94
1345,0.0,0.0,1.0,0.0,0.0,0.0,0.0
93,0.08,0.85,0.0,0.01,0.0,0.03,0.03
278,0.0,0.86,0.0,0.01,0.0,0.04,0.09
1790,0.0,0.0,0.0,0.0,1.0,0.0,0.0
1183,0.0,0.0,0.04,0.03,0.0,0.03,0.9
107,0.01,0.05,0.85,0.0,0.0,0.02,0.07
1629,0.0,0.0,0.01,0.99,0.0,0.0,0.0
1423,0.0,0.0,1.0,0.0,0.0,0.0,0.0
80,0.06,0.87,0.0,0.01,0.0,0.06,0.0
1169,0.0,0.03,0.0,0.0,0.0,0.01,0.96
724,1.0,0.0,0.0,0.0,0.0,0.0,0.0
345,0.08,0.88,0.01,0.0,0.0,0.03,0.0
2060,0.0,0.0,0.0,0.0,1.0,0.0,0.0
1441,0.0,0.0,0.9,0.05,0.0,0.02,0.03
944,0.0,0.0,0.0,0.0,0.0,0.99,0.01
1526,0.0,0.01,0.0,0.98,0.0,0.01,0.0
702,0.98,0.01,0.01,0.0,0.0,0.0,0.0
1929,0.0,0.0,0.0,0.0,1.0,0.0,0.0
66,0.01,0.04,0.03,0.02,0.0,0.1,0.8
441,0.0,0.02,0.07,0.68,0.21,0.01,0.01
1351,0.0,0.01,0.96,0.02,0.0,0.01,0.0
1483,0.0,0.01,0.89,0.05,0.0,0.0,0.05
616,0.97,0.02,0.0,0.0,0.0,0.01,0.0
1145,0.0,0.0,0.02,0.02,0.0,0.04,0.92
1135,0.01,0.01,0.02,0.01,0.0,0.0,0.95
600,0.97,0.01,0.0,0.0,0.0,0.0,0.02
970,0.01,0.02,0.0,0.0,0.0,0.01,0.96
235,0.0,0.27,0.0,0.0,0.0,0.69,0.04
773,0.01,0.01,0.0,0.01,0.0,0.92,0.05
1069,0.0,0.17,0.0,0.0,0.0,0.04,0.79
1383,0.0,0.02,0.97,0.0,0.0,0.01,0.0
1172,0.0,0.0,0.01,0.0,0.0,0.05,0.94
964,0.0,0.0,0.02,0.01,0.0,0.04,0.93
1088,0.0,0.03,0.05,0.0,0.0,0.03,0.89
975,0.0,0.0,0.01,0.01,0.0,0.01,0.97
675,0.89,0.04,0.0,0.0,0.0,0.06,0.01
1268,0.0,0.0,0.92,0.0,0.0,0.02,0.06
1373,0.0,0.0,0.88,0.01,0.0,0.01,0.1
1249,0.0,0.0,0.88,0.03,0.0,0.03,0.06
1533,0.0,0.0,0.0,1.0,0.0,0.0,0.0
1451,0.0,0.0,0.96,0.04,0.0,0.0,0.0
1741,0.0,0.0,0.01,0.98,0.0,0.0,0.01
471,0.16,0.81,0.0,0.0,0.0,0.03,0.0
868,0.0,0.0,0.03,0.0,0.01,0.94,0.02
847,0.05,0.07,0.01,0.0,0.0,0.86,0.01
1269,0.0,0.01,0.93,0.0,0.0,0.03,0.03
1911,0.0,0.0,0.0,0.0,1.0,0.0,0.0
1068,0.01,0.02,0.01,0.0,0.0,0.04,0.92
1952,0.0,0.0,0.0,0.0,1.0,0.0,0.0
539,0.91,0.05,0.01,0.01,0.0,0.01,0.01
1612,0.0,0.0,0.01,0.97,0.0,0.01,0.01
1220,0.0,0.01,0.96,0.0,0.0,0.01,0.02
876,0.03,0.01,0.08,0.03,0.0,0.71,0.14
1390,0.0,0.0,1.0,0.0,0.0,0.0,0.0
1014,0.0,0.02,0.07,0.0,0.0,0.06,0.85
526,0.97,0.02,0.0,0.0,0.0,0.01,0.0
421,0.04,0.89,0.01,0.01,0.0,0.02,0.03
575,0.94,0.05,0.01,0.0,0.0,0.0,0.0
15,0.03,0.82,0.01,0.0,0.01,0.08,0.05
562,0.96,0.03,0.0,0.0,0.0,0.01,0.0
276,0.04,0.94,0.01,0.0,0.0,0.01,0.0
1236,0.01,0.0,0.95,0.02,0.0,0.0,0.02
1349,0.0,0.01,0.95,0.03,0.0,0.01,0.0
1346,0.0,0.0,0.94,0.01,0.01,0.01,0.03
60,0.07,0.75,0.04,0.0,0.0,0.11,0.03
1633,0.0,0.0,0.0,0.99,0.0,0.0,0.01
1424,0.0,0.0,0.99,0.0,0.0,0.0,0.01
1015,0.0,0.01,0.02,0.02,0.0,0.04,0.91
706,0.98,0.01,0.01,0.0,0.0,0.0,0.0
954,0.0,0.0,0.02,0.0,0.0,0.08,0.9
475,0.0,0.01,0.06,0.0,0.0,0.01,0.92
2076,0.0,0.0,0.0,0.0,1.0,0.0,0.0
1934,0.0,0.0,0.0,0.0,1.0,0.0,0.0
927,0.06,0.03,0.0,0.0,0.0,0.9,0.01
829,0.01,0.05,0.0,0.0,0.0,0.92,0.02
1540,0.0,0.0,0.0,1.0,0.0,0.0,0.0
263,0.01,0.91,0.0,0.0,0.0,0.07,0.01
1837,0.0,0.0,0.0,0.0,1.0,0.0,0.0
738,0.03,0.03,0.02,0.0,0.0,0.9,0.02
1193,0.02,0.0,0.93,0.0,0.0,0.04,0.01
358,0.0,0.88,0.01,0.0,0.0,0.05,0.06
287,0.0,0.89,0.02,0.01,0.0,0.05,0.03
1638,0.0,0.0,0.02,0.97,0.0,0.0,0.01
1549,0.0,0.0,0.0,0.99,0.01,0.0,0.0
833,0.01,0.01,0.0,0.0,0.0,0.98,0.0
846,0.0,0.01,0.02,0.0,0.0,0.97,0.0
134,0.0,0.83,0.0,0.02,0.0,0.06,0.09
315,0.84,0.13,0.0,0.0,0.0,0.0,0.03
1262,0.0,0.0,0.82,0.0,0.0,0.02,0.16
1700,0.0,0.0,0.0,1.0,0.0,0.0,0.0
1246,0.0,0.0,0.82,0.08,0.0,0.03,0.07
1734,0.0,0.0,0.0,1.0,0.0,0.0,0.0
302,0.03,0.88,0.0,0.0,0.0,0.09,0.0
1970,0.0,0.0,0.0,0.0,1.0,0.0,0.0
97,0.99,0.01,0.0,0.0,0.0,0.0,0.0
158,0.03,0.82,0.04,0.0,0.0,0.08,0.03
564,0.91,0.09,0.0,0.0,0.0,0.0,0.0
1744,0.0,0.0,0.0,1.0,0.0,0.0,0.0
22,0.0,0.93,0.0,0.0,0.01,0.03,0.03
1726,0.0,0.0,0.0,1.0,0.0,0.0,0.0
1600,0.0,0.0,0.0,1.0,0.0,0.0,0.0
308,0.0,0.94,0.0,0.0,0.0,0.05,0.01
520,0.9,0.02,0.02,0.0,0.0,0.02,0.04
1208,0.0,0.0,0.91,0.02,0.0,0.0,0.07
1528,0.0,0.0,0.02,0.97,0.0,0.0,0.01
1367,0.0,0.02,0.9,0.02,0.0,0.03,0.03
1087,0.02,0.02,0.07,0.0,0.0,0.08,0.81
537,0.98,0.02,0.0,0.0,0.0,0.0,0.0
370,0.07,0.86,0.01,0.0,0.0,0.02,0.04
12,0.01,0.93,0.0,0.0,0.0,0.04,0.02
1715,0.0,0.0,0.0,0.99,0.0,0.0,0.01
1485,0.01,0.0,0.92,0.0,0.0,0.03,0.04
1261,0.0,0.0,0.83,0.01,0.0,0.01,0.15
749,0.0,0.02,0.01,0.0,0.0,0.94,0.03
664,0.93,0.05,0.0,0.0,0.0,0.0,0.02
1412,0.0,0.0,0.86,0.0,0.01,0.04,0.09
2002,0.0,0.0,0.0,0.0,1.0,0.0,0.0
1219,0.0,0.0,0.96,0.0,0.0,0.0,0.04
1430,0.0,0.01,0.93,0.06,0.0,0.0,0.0
687,1.0,0.0,0.0,0.0,0.0,0.0,0.0
1800,0.0,0.0,0.0,0.0,1.0,0.0,0.0
364,0.03,0.17,0.01,0.02,0.0,0.75,0.02
356,0.03,0.71,0.01,0.0,0.0,0.08,0.17
1556,0.0,0.0,0.01,0.99,0.0,0.0,0.0
1294,0.01,0.0,0.97,0.0,0.0,0.0,0.02
1018,0.0,0.0,0.15,0.0,0.0,0.04,0.81
661,0.96,0.02,0.0,0.0,0.0,0.02,0.0
1570,0.0,0.01,0.02,0.97,0.0,0.0,0.0
536,0.98,0.02,0.0,0.0,0.0,0.0,0.0
1940,0.0,0.0,0.0,0.0,1.0,0.0,0.0
839,0.01,0.01,0.02,0.01,0.0,0.83,0.12
1446,0.0,0.0,1.0,0.0,0.0,0.0,0.0
1225,0.0,0.0,0.93,0.06,0.0,0.0,0.01
1282,0.01,0.01,0.85,0.0,0.01,0.01,0.11
722,0.95,0.01,0.01,0.0,0.0,0.01,0.02
1923,0.0,0.0,0.0,0.0,0.98,0.02,0.0
161,0.05,0.85,0.01,0.0,0.0,0.03,0.06
922,0.01,0.0,0.0,0.0,0.0,0.96,0.03
996,0.0,0.02,0.04,0.01,0.0,0.01,0.92
1007,0.0,0.03,0.0,0.0,0.0,0.01,0.96
325,0.01,0.83,0.01,0.01,0.0,0.05,0.09
1389,0.0,0.0,1.0,0.0,0.0,0.0,0.0
516,1.0,0.0,0.0,0.0,0.0,0.0,0.0
831,0.0,0.01,0.01,0.0,0.0,0.96,0.02
1976,0.0,0.0,0.0,0.0,1.0,0.0,0.0
1965,0.0,0.0,0.0,0.0,1.0,0.0,0.0
114,0.0,0.12,0.82,0.02,0.01,0.01,0.02
1881,0.0,0.0,0.0,0.0,1.0,0.0,0.0
521,0.95,0.01,0.0,0.0,0.0,0.01,0.03
1568,0.0,0.0,0.0,0.99,0.0,0.0,0.01
10,0.03,0.09,0.79,0.04,0.02,0.02,0.01
1385,0.01,0.0,0.95,0.0,0.0,0.03,0.01
1603,0.0,0.0,0.03,0.97,0.0,0.0,0.0
1634,0.0,0.0,0.0,0.99,0.0,0.0,0.01
1231,0.0,0.0,0.98,0.02,0.0,0.0,0.0
293,0.0,0.25,0.0,0.0,0.0,0.73,0.02
1632,0.0,0.0,0.01,0.98,0.0,0.0,0.01
1250,0.0,0.01,0.97,0.0,0.0,0.02,0.0
1904,0.0,0.0,0.0,0.0,1.0,0.0,0.0
54,0.1,0.86,0.0,0.02,0.0,0.0,0.02
1584,0.0,0.0,0.0,1.0,0.0,0.0,0.0
655,0.97,0.01,0.0,0.0,0.0,0.02,0.0
331,0.02,0.15,0.0,0.0,0.0,0.83,0.0
696,0.98,0.01,0.0,0.0,0.0,0.01,0.0
1489,0.0,0.01,0.01,0.96,0.0,0.0,0.02
1411,0.01,0.0,0.9,0.0,0.0,0.01,0.08
1609,0.0,0.0,0.03,0.95,0.0,0.01,0.01
910,0.01,0.0,0.0,0.0,0.0,0.98,0.01
957,0.0,0.02,0.06,0.1,0.0,0.01,0.81
295,0.13,0.82,0.01,0.0,0.0,0.01,0.03
1474,0.0,0.01,0.97,0.0,0.0,0.0,0.02
1922,0.0,0.01,0.0,0.0,0.99,0.0,0.0
1437,0.0,0.0,0.95,0.04,0.0,0.01,0.0
1051,0.0,0.0,0.06,0.0,0.0,0.02,0.92
2068,0.0,0.0,0.0,0.0,1.0,0.0,0.0
31,0.0,0.1,0.05,0.0,0.0,0.1,0.75
398,0.02,0.2,0.02,0.0,0.0,0.01,0.75
1179,0.0,0.01,0.01,0.0,0.0,0.01,0.97
1457,0.0,0.01,0.97,0.0,0.0,0.02,0.0
1252,0.01,0.01,0.92,0.05,0.0,0.0,0.01
1391,0.0,0.0,0.87,0.06,0.0,0.01,0.06
272,0.01,0.9,0.03,0.0,0.0,0.06,0.0
671,1.0,0.0,0.0,0.0,0.0,0.0,0.0
959,0.01,0.03,0.05,0.0,0.0,0.09,0.82
1993,0.0,0.0,0.01,0.0,0.99,0.0,0.0
551,0.93,0.05,0.0,0.0,0.0,0.02,0.0
2027,0.0,0.0,0.0,0.0,1.0,0.0,0.0
33,0.0,0.06,0.01,0.0,0.0,0.02,0.91
244,0.0,0.11,0.1,0.0,0.0,0.07,0.72
2041,0.0,0.0,0.0,0.0,1.0,0.0,0.0
843,0.02,0.01,0.01,0.0,0.0,0.92,0.04
981,0.01,0.02,0.1,0.0,0.0,0.11,0.76
1994,0.0,0.0,0.0,0.0,1.0,0.0,0.0
485,0.05,0.85,0.0,0.0,0.0,0.1,0.0
882,0.02,0.04,0.01,0.0,0.0,0.92,0.01
1680,0.0,0.0,0.01,0.99,0.0,0.0,0.0
1221,0.0,0.02,0.94,0.04,0.0,0.0,0.0
1364,0.0,0.0,0.85,0.0,0.01,0.0,0.14
1289,0.0,0.0,0.95,0.0,0.0,0.01,0.04
525,0.88,0.1,0.0,0.01,0.0,0.0,0.01
1816,0.0,0.0,0.0,0.0,1.0,0.0,0.0
756,0.02,0.1,0.06,0.0,0.0,0.67,0.15
737,0.0,0.05,0.05,0.01,0.0,0.82,0.07
1050,0.0,0.01,0.02,0.0,0.0,0.01,0.96
1242,0.0,0.0,0.98,0.0,0.0,0.02,0.0
1196,0.01,0.01,0.74,0.04,0.0,0.0,0.2
676,1.0,0.0,0.0,0.0,0.0,0.0,0.0
1162,0.01,0.03,0.05,0.01,0.0,0.0,0.9
463,0.09,0.14,0.01,0.0,0.0,0.03,0.73
1400,0.01,0.01,0.88,0.01,0.0,0.01,0.08
1312,0.0,0.0,0.91,0.08,0.0,0.0,0.01
1272,0.0,0.0,0.99,0.0,0.0,0.0,0.01
874,0.0,0.03,0.0,0.0,0.0,0.97,0.0
1842,0.0,0.0,0.0,0.0,1.0,0.0,0.0
805,0.0,0.02,0.01,0.0,0.0,0.95,0.02
1198,0.0,0.01,0.92,0.0,0.0,0.02,0.05
104,0.02,0.86,0.04,0.0,0.0,0.06,0.02
1410,0.0,0.0,0.99,0.0,0.0,0.01,0.0
708,0.99,0.01,0.0,0.0,0.0,0.0,0.0
653,0.96,0.03,0.0,0.0,0.0,0.01,0.0
1347,0.0,0.0,0.92,0.02,0.0,0.05,0.01
2078,0.0,0.0,0.0,0.0,1.0,0.0,0.0
869,0.02,0.01,0.02,0.0,0.0,0.94,0.01
1874,0.0,0.0,0.0,0.0,1.0,0.0,0.0
598,0.94,0.01,0.01,0.0,0.0,0.0,0.04
907,0.0,0.02,0.0,0.0,0.0,0.98,0.0
1154,0.0,0.03,0.0,0.0,0.0,0.01,0.96
