class,fpr,tpr,threshold,auc,generated_by,version,generated_on
Insufficient_Weight,0.0,0.0,inf,1.0,AVISTA,1.0.7,2026-09-19T19:01:31
Insufficient_Weight,0.0,0.20634920634920634,1.0,1.0,AVISTA,1.0.7,2026-09-19T19:01:31
Insufficient_Weight,0.0,0.30687830687830686,0.99,1.0,AVISTA,1.0.7,2026-09-19T19:01:31
Insufficient_Weight,0.0,0.42328042328042326,0.98,1.0,AVISTA,1.0.7,2026-09-19T19:01:31
Insufficient_Weight,0.0,0.5238095238095238,0.97,1.0,AVISTA,1.0.7,2026-09-19T19:01:31
Insufficient_Weight,0.0,0.5978835978835979,0.96,1.0,AVISTA,1.0.7,2026-09-19T19:01:31
Insufficient_Weight,0.0,0.6455026455026455,0.95,1.0,AVISTA,1.0.7,2026-09-19T19:01:31
Insufficient_Weight,0.0,0.7248677248677249,0.94,1.0,AVISTA,1.0.7,2026-09-19T19:01:31
Insufficient_Weight,0.0,0.7566137566137566,0.93,1.0,AVISTA,1.0.7,2026-09-19T19:01:31
Insufficient_Weight,0.0,0.8095238095238095,0.91,1.0,AVISTA,1.0.7,2026-09-19T19:01:31
Insufficient_Weight,0.0,0.8253968253968254,0.9,1.0,AVISTA,1.0.7,2026-09-19T19:01:31
Insufficient_Weight,0.0,0.8783068783068783,0.88,1.0,AVISTA,1.0.7,2026-09-19T19:01:31
Insufficient_Weight,0.0,0.91005291005291,0.86,1.0,AVISTA,1.0.7,2026-09-19T19:01:31
Insufficient_Weight,0.0,0.9206349206349206,0.85,1.0,AVISTA,1.0.7,2026-09-19T19:01:31
Insufficient_Weight,0.0,0.9523809523809523,0.83,1.0,AVISTA,1.0.7,2026-09-19T19:01:31
Insufficient_Weight,0.0,0.9682539682539683,0.78,1.0,AVISTA,1.0.7,2026-09-19T19:01:31
Insufficient_Weight,0.0,0.9788359788359788,0.76,1.0,AVISTA,1.0.7,2026-09-19T19:01:31
Insufficient_Weight,0.0,1.0,0.65,1.0,AVISTA,1.0.7,2026-09-19T19:01:31
Insufficient_Weight,0.0015735641227380016,1.0,0.17,1.0,AVISTA,1.0.7,2026-09-19T19:01:31
Insufficient_Weight,0.0023603461841070024,1.0,0.16,1.0,AVISTA,1.0.7,2026-09-19T19:01:31
Insufficient_Weight,0.004720692368214005,1.0,0.14,1.0,AVISTA,1.0.7,2026-09-19T19:01:31
Insufficient_Weight,0.00865460267505901,1.0,0.13,1.0,AVISTA,1.0.7,2026-09-19T19:01:31
Insufficient_Weight,0.00944138473642801,1.0,0.12,1.0,AVISTA,1.0.7,2026-09-19T19:01:31
Insufficient_Weight,0.013375295043273014,1.0,0.11,1.0,AVISTA,1.0.7,2026-09-19T19:01:31
Insufficient_Weight,0.016522423288749016,1.0,0.1,1.0,AVISTA,1.0.7,2026-09-19T19:01:31
Insufficient_Weight,0.020456333595594022,1.0,0.09,1.0,AVISTA,1.0.7,2026-09-19T19:01:31
Insufficient_Weight,0.025963808025177025,1.0,0.08,1.0,AVISTA,1.0.7,2026-09-19T19:01:31
Insufficient_Weight,0.03383162863886703,1.0,0.07,1.0,AVISTA,1.0.7,2026-09-19T19:01:31
Insufficient_Weight,0.045633359559402044,1.0,0.06,1.0,AVISTA,1.0.7,2026-09-19T19:01:31
Insufficient_Weight,0.06136900078678206,1.0,0.05,1.0,AVISTA,1.0.7,2026-09-19T19:01:31
Insufficient_Weight,0.07553107789142408,1.0,0.04,1.0,AVISTA,1.0.7,2026-09-19T19:01:31
Insufficient_Weight,0.12745869394177814,1.0,0.03,1.0,AVISTA,1.0.7,2026-09-19T19:01:31
Insufficient_Weight,0.16522423288749016,1.0,0.02,1.0,AVISTA,1.0.7,2026-09-19T19:01:31
Insufficient_Weight,0.2832415420928403,1.0,0.01,1.0,AVISTA,1.0.7,2026-09-19T19:01:31
Insufficient_Weight,1.0,1.0,0.0,1.0,AVISTA,1.0.7,2026-09-19T19:01:31
Normal_Weight,0.0,0.0,inf,1.0,AVISTA,1.0.7,2026-09-19T19:01:31
Normal_Weight,0.0,0.005235602094240838,0.97,1.0,AVISTA,1.0.7,2026-09-19T19:01:31
Normal_Weight,0.0,0.015706806282722512,0.96,1.0,AVISTA,1.0.7,2026-09-19T19:01:31
Normal_Weight,0.0,0.05759162303664921,0.95,1.0,AVISTA,1.0.7,2026-09-19T19:01:31
Normal_Weight,0.0,0.10471204188481675,0.94,1.0,AVISTA,1.0.7,2026-09-19T19:01:31
Normal_Weight,0.0,0.13612565445026178,0.93,1.0,AVISTA,1.0.7,2026-09-19T19:01:31
Normal_Weight,0.0,0.15706806282722513,0.92,1.0,AVISTA,1.0.7,2026-09-19T19:01:31
Normal_Weight,0.0,0.19895287958115182,0.91,1.0,AVISTA,1.0.7,2026-09-19T19:01:31
Normal_Weight,0.0,0.2670157068062827,0.9,1.0,AVISTA,1.0.7,2026-09-19T19:01:31
Normal_Weight,0.0,0.35602094240837695,0.89,1.0,AVISTA,1.0.7,2026-09-19T19:01:31
Normal_Weight,0.0,0.42408376963350786,0.88,1.0,AVISTA,1.0.7,2026-09-19T19:01:31
Normal_Weight,0.0,0.45549738219895286,0.87,1.0,AVISTA,1.0.7,2026-09-19T19:01:31
Normal_Weight,0.0,0.5392670157068062,0.86,1.0,AVISTA,1.0.7,2026-09-19T19:01:31
Normal_Weight,0.0,0.6073298429319371,0.85,1.0,AVISTA,1.0.7,2026-09-19T19:01:31
Normal_Weight,0.0,0.6282722513089005,0.84,1.0,AVISTA,1.0.7,2026-09-19T19:01:31
Normal_Weight,0.0,0.6858638743455497,0.83,1.0,AVISTA,1.0.7,2026-09-19T19:01:31
Normal_Weight,0.0,0.7486910994764397,0.82,1.0,AVISTA,1.0.7,2026-09-19T19:01:31
Normal_Weight,0.0,0.8010471204188482,0.81,1.0,AVISTA,1.0.7,2026-09-19T19:01:31
Normal_Weight,0.0,0.8638743455497382,0.79,1.0,AVISTA,1.0.7,2026-09-19T19:01:31
Normal_Weight,0.0,0.900523560209424,0.78,1.0,AVISTA,1.0.7,2026-09-19T19:01:31
Normal_Weight,0.0,0.9319371727748691,0.76,1.0,AVISTA,1.0.7,2026-09-19T19:01:31
Normal_Weight,0.0,0.9528795811518325,0.75,1.0,AVISTA,1.0.7,2026-09-19T19:01:31
Normal_Weight,0.0,0.9581151832460733,0.74,1.0,AVISTA,1.0.7,2026-09-19T19:01:31
Normal_Weight,0.0,0.9895287958115183,0.72,1.0,AVISTA,1.0.7,2026-09-19T19:01:31
Normal_Weight,0.0,1.0,0.69,1.0,AVISTA,1.0.7,2026-09-19T19:01:31
Normal_Weight,0.0015760441292356187,1.0,0.3,1.0,AVISTA,1.0.7,2026-09-19T19:01:31
Normal_Weight,0.004728132387706856,1.0,0.27,1.0,AVISTA,1.0.7,2026-09-19T19:01:31
Normal_Weight,0.005516154452324665,1.0,0.26,1.0,AVISTA,1.0.7,2026-09-19T19:01:31
Normal_Weight,0.007880220646178092,1.0,0.25,1.0,AVISTA,1.0.7,2026-09-19T19:01:31
Normal_Weight,0.01103230890464933,1.0,0.21,1.0,AVISTA,1.0.7,2026-09-19T19:01:31
Normal_Weight,0.016548463356973995,1.0,0.2,1.0,AVISTA,1.0.7,2026-09-19T19:01:31
Normal_Weight,0.018124507486209612,1.0,0.19,1.0,AVISTA,1.0.7,2026-09-19T19:01:31
Normal_Weight,0.02442868400315209,1.0,0.18,1.0,AVISTA,1.0.7,2026-09-19T19:01:31
Normal_Weight,0.027580772261623327,1.0,0.17,1.0,AVISTA,1.0.7,2026-09-19T19:01:31
Normal_Weight,0.029944838455476755,1.0,0.16,1.0,AVISTA,1.0.7,2026-09-19T19:01:31
Normal_Weight,0.03152088258471237,1.0,0.15,1.0,AVISTA,1.0.7,2026-09-19T19:01:31
Normal_Weight,0.03546099290780142,1.0,0.14,1.0,AVISTA,1.0.7,2026-09-19T19:01:31
Normal_Weight,0.04412923561859732,1.0,0.13,1.0,AVISTA,1.0.7,2026-09-19T19:01:31
Normal_Weight,0.04885736800630418,1.0,0.12,1.0,AVISTA,1.0.7,2026-09-19T19:01:31
Normal_Weight,0.055161544523246654,1.0,0.11,1.0,AVISTA,1.0.7,2026-09-19T19:01:31
Normal_Weight,0.0591016548463357,1.0,0.1,1.0,AVISTA,1.0.7,2026-09-19T19:01:31
Normal_Weight,0.07249802994483845,1.0,0.09,1.0,AVISTA,1.0.7,2026-09-19T19:01:31
Normal_Weight,0.08431836091410559,1.0,0.08,1.0,AVISTA,1.0.7,2026-09-19T19:01:31
Normal_Weight,0.09850275807722617,1.0,0.07,1.0,AVISTA,1.0.7,2026-09-19T19:01:31
Normal_Weight,0.11347517730496454,1.0,0.06,1.0,AVISTA,1.0.7,2026-09-19T19:01:31
Normal_Weight,0.14105594956658787,1.0,0.05,1.0,AVISTA,1.0.7,2026-09-19T19:01:31
Normal_Weight,0.169424743892829,1.0,0.04,1.0,AVISTA,1.0.7,2026-09-19T19:01:31
Normal_Weight,0.21591804570527975,1.0,0.03,1.0,AVISTA,1.0.7,2026-09-19T19:01:31
Normal_Weight,0.29314420803782504,1.0,0.02,1.0,AVISTA,1.0.7,2026-09-19T19:01:31
Normal_Weight,0.44680851063829785,1.0,0.01,1.0,AVISTA,1.0.7,2026-09-19T19:01:31
Normal_Weight,1.0,1.0,0.0,1.0,AVISTA,1.0.7,2026-09-19T19:01:31
Obesity_Type_I,0.0,0.0,inf,1.0,AVISTA,1.0.7,2026-09-19T19:01:31
Obesity_Type_I,0.0,0.06224066390041494,1.0,1.0,AVISTA,1.0.7,2026-09-19T19:01:31
Obesity_Type_I,0.0,0.12448132780082988,0.99,1.0,AVISTA,1.0.7,2026-09-19T19:01:31
Obesity_Type_I,0.0,0.17427385892116182,0.98,1.0,AVISTA,1.0.7,2026-09-19T19:01:31
Obesity_Type_I,0.0,0.25311203319502074,0.97,1.0,AVISTA,1.0.7,2026-09-19T19:01:31
Obesity_Type_I,0.0,0.2946058091286307,0.96,1.0,AVISTA,1.0.7,2026-09-19T19:01:31
Obesity_Type_I,0.0,0.3651452282157676,0.95,1.0,AVISTA,1.0.7,2026-09-19T19:01:31
Obesity_Type_I,0.0,0.4107883817427386,0.94,1.0,AVISTA,1.0.7,2026-09-19T19:01:31
Obesity_Type_I,0.0,0.46887966804979253,0.93,1.0,AVISTA,1.0.7,2026-09-19T19:01:31
Obesity_Type_I,0.0,0.5560165975103735,0.92,1.0,AVISTA,1.0.7,2026-09-19T19:01:31
Obesity_Type_I,0.0,0.6016597510373444,0.91,1.0,AVISTA,1.0.7,2026-09-19T19:01:31
Obesity_Type_I,0.0,0.6390041493775933,0.9,1.0,AVISTA,1.0.7,2026-09-19T19:01:31
Obesity_Type_I,0.0,0.6887966804979253,0.89,1.0,AVISTA,1.0.7,2026-09-19T19:01:31
Obesity_Type_I,0.0,0.7178423236514523,0.88,1.0,AVISTA,1.0.7,2026-09-19T19:01:31
Obesity_Type_I,0.0,0.7634854771784232,0.87,1.0,AVISTA,1.0.7,2026-09-19T19:01:31
Obesity_Type_I,0.0,0.8298755186721992,0.85,1.0,AVISTA,1.0.7,2026-09-19T19:01:31
Obesity_Type_I,0.0,0.8381742738589212,0.84,1.0,AVISTA,1.0.7,2026-09-19T19:01:31
Obesity_Type_I,0.0,0.8713692946058091,0.82,1.0,AVISTA,1.0.7,2026-09-19T19:01:31
Obesity_Type_I,0.0,0.8796680497925311,0.81,1.0,AVISTA,1.0.7,2026-09-19T19:01:31
Obesity_Type_I,0.0,0.8838174273858921,0.8,1.0,AVISTA,1.0.7,2026-09-19T19:01:31
Obesity_Type_I,0.0,0.9087136929460581,0.78,1.0,AVISTA,1.0.7,2026-09-19T19:01:31
Obesity_Type_I,0.0,0.9253112033195021,0.77,1.0,AVISTA,1.0.7,2026-09-19T19:01:31
Obesity_Type_I,0.0,0.9336099585062241,0.75,1.0,AVISTA,1.0.7,2026-09-19T19:01:31
Obesity_Type_I,0.0,0.950207468879668,0.74,1.0,AVISTA,1.0.7,2026-09-19T19:01:31
Obesity_Type_I,0.0,0.9585062240663901,0.71,1.0,AVISTA,1.0.7,2026-09-19T19:01:31
Obesity_Type_I,0.0,0.983402489626556,0.67,1.0,AVISTA,1.0.7,2026-09-19T19:01:31
Obesity_Type_I,0.0,0.995850622406639,0.63,1.0,AVISTA,1.0.7,2026-09-19T19:01:31
Obesity_Type_I,0.0,1.0,0.57,1.0,AVISTA,1.0.7,2026-09-19T19:01:31
Obesity_Type_I,0.0016406890894175555,1.0,0.19,1.0,AVISTA,1.0.7,2026-09-19T19:01:31
Obesity_Type_I,0.004922067268252666,1.0,0.15,1.0,AVISTA,1.0.7,2026-09-19T19:01:31
Obesity_Type_I,0.005742411812961444,1.0,0.14,1.0,AVISTA,1.0.7,2026-09-19T19:01:31
Obesity_Type_I,0.008203445447087777,1.0,0.13,1.0,AVISTA,1.0.7,2026-09-19T19:01:31
Obesity_Type_I,0.009023789991796555,1.0,0.12,1.0,AVISTA,1.0.7,2026-09-19T19:01:31
Obesity_Type_I,0.012305168170631665,1.0,0.11,1.0,AVISTA,1.0.7,2026-09-19T19:01:31
Obesity_Type_I,0.018867924528301886,1.0,0.1,1.0,AVISTA,1.0.7,2026-09-19T19:01:31
Obesity_Type_I,0.02789171452009844,1.0,0.09,1.0,AVISTA,1.0.7,2026-09-19T19:01:31
Obesity_Type_I,0.03281378178835111,1.0,0.08,1.0,AVISTA,1.0.7,2026-09-19T19:01:31
Obesity_Type_I,0.04922067268252666,1.0,0.07,1.0,AVISTA,1.0.7,2026-09-19T19:01:31
Obesity_Type_I,0.07219031993437244,1.0,0.06,1.0,AVISTA,1.0.7,2026-09-19T19:01:31
Obesity_Type_I,0.10090237899917966,1.0,0.05,1.0,AVISTA,1.0.7,2026-09-19T19:01:31
Obesity_Type_I,0.14602132895816242,1.0,0.04,1.0,AVISTA,1.0.7,2026-09-19T19:01:31
Obesity_Type_I,0.2124692370795734,1.0,0.03,1.0,AVISTA,1.0.7,2026-09-19T19:01:31
Obesity_Type_I,0.31091058244462677,1.0,0.02,1.0,AVISTA,1.0.7,2026-09-19T19:01:31
Obesity_Type_I,0.5004101722723544,1.0,0.01,1.0,AVISTA,1.0.7,2026-09-19T19:01:31
Obesity_Type_I,1.0,1.0,0.0,1.0,AVISTA,1.0.7,2026-09-19T19:01:31
Obesity_Type_II,0.0,0.0,inf,1.0,AVISTA,1.0.7,2026-09-19T19:01:31
Obesity_Type_II,0.0,0.2679425837320574,1.0,1.0,AVISTA,1.0.7,2026-09-19T19:01:31
Obesity_Type_II,0.0,0.5167464114832536,0.99,1.0,AVISTA,1.0.7,2026-09-19T19:01:31
Obesity_Type_II,0.0,0.645933014354067,0.98,1.0,AVISTA,1.0.7,2026-09-19T19:01:31
Obesity_Type_II,0.0,0.722488038277512,0.97,1.0,AVISTA,1.0.7,2026-09-19T19:01:31
Obesity_Type_II,0.0,0.7799043062200957,0.96,1.0,AVISTA,1.0.7,2026-09-19T19:01:31
Obesity_Type_II,0.0,0.8133971291866029,0.95,1.0,AVISTA,1.0.7,2026-09-19T19:01:31
Obesity_Type_II,0.0,0.8564593301435407,0.94,1.0,AVISTA,1.0.7,2026-09-19T19:01:31
Obesity_Type_II,0.0,0.8803827751196173,0.93,1.0,AVISTA,1.0.7,2026-09-19T19:01:31
Obesity_Type_II,0.0,0.9090909090909091,0.92,1.0,AVISTA,1.0.7,2026-09-19T19:01:31
Obesity_Type_II,0.0,0.9186602870813397,0.91,1.0,AVISTA,1.0.7,2026-09-19T19:01:31
Obesity_Type_II,0.0,0.937799043062201,0.9,1.0,AVISTA,1.0.7,2026-09-19T19:01:31
Obesity_Type_II,0.0,0.9473684210526315,0.89,1.0,AVISTA,1.0.7,2026-09-19T19:01:31
Obesity_Type_II,0.0,0.9617224880382775,0.87,1.0,AVISTA,1.0.7,2026-09-19T19:01:31
Obesity_Type_II,0.0,0.9665071770334929,0.85,1.0,AVISTA,1.0.7,2026-09-19T19:01:31
Obesity_Type_II,0.0,0.9760765550239234,0.84,1.0,AVISTA,1.0.7,2026-09-19T19:01:31
Obesity_Type_II,0.0,1.0,0.66,1.0,AVISTA,1.0.7,2026-09-19T19:01:31
Obesity_Type_II,0.003996802557953637,1.0,0.14,1.0,AVISTA,1.0.7,2026-09-19T19:01:31
Obesity_Type_II,0.005595523581135092,1.0,0.12,1.0,AVISTA,1.0.7,2026-09-19T19:01:31
Obesity_Type_II,0.007993605115907274,1.0,0.11,1.0,AVISTA,1.0.7,2026-09-19T19:01:31
Obesity_Type_II,0.011191047162270184,1.0,0.1,1.0,AVISTA,1.0.7,2026-09-19T19:01:31
Obesity_Type_II,0.015187849720223821,1.0,0.09,1.0,AVISTA,1.0.7,2026-09-19T19:01:31
Obesity_Type_II,0.01838529176658673,1.0,0.08,1.0,AVISTA,1.0.7,2026-09-19T19:01:31
Obesity_Type_II,0.02238209432454037,1.0,0.07,1.0,AVISTA,1.0.7,2026-09-19T19:01:31
Obesity_Type_II,0.03677058353317346,1.0,0.05,1.0,AVISTA,1.0.7,2026-09-19T19:01:31
Obesity_Type_II,0.05515587529976019,1.0,0.04,1.0,AVISTA,1.0.7,2026-09-19T19:01:31
Obesity_Type_II,0.07753796962430055,1.0,0.03,1.0,AVISTA,1.0.7,2026-09-19T19:01:31
Obesity_Type_II,0.1223021582733813,1.0,0.02,1.0,AVISTA,1.0.7,2026-09-19T19:01:31
Obesity_Type_II,0.22541966426858512,1.0,0.01,1.0,AVISTA,1.0.7,2026-09-19T19:01:31
Obesity_Type_II,1.0,1.0,0.0,1.0,AVISTA,1.0.7,2026-09-19T19:01:31
Obesity_Type_III,0.0,0.0,inf,1.0,AVISTA,1.0.7,2026-09-19T19:01:31
Obesity_Type_III,0.0,0.8275862068965517,1.0,1.0,AVISTA,1.0.7,2026-09-19T19:01:31
Obesity_Type_III,0.0,0.9396551724137931,0.99,1.0,AVISTA,1.0.7,2026-09-19T19:01:31
Obesity_Type_III,0.0,0.9698275862068966,0.98,1.0,AVISTA,1.0.7,2026-09-19T19:01:31
Obesity_Type_III,0.0,0.9741379310344828,0.97,1.0,AVISTA,1.0.7,2026-09-19T19:01:31
Obesity_Type_III,0.0,0.9827586206896551,0.96,1.0,AVISTA,1.0.7,2026-09-19T19:01:31
Obesity_Type_III,0.0,1.0,0.63,1.0,AVISTA,1.0.7,2026-09-19T19:01:31
Obesity_Type_III,0.0016286644951140066,1.0,0.05,1.0,AVISTA,1.0.7,2026-09-19T19:01:31
Obesity_Type_III,0.004885993485342019,1.0,0.03,1.0,AVISTA,1.0.7,2026-09-19T19:01:31
Obesity_Type_III,0.013029315960912053,1.0,0.02,1.0,AVISTA,1.0.7,2026-09-19T19:01:31
Obesity_Type_III,0.06188925081433225,1.0,0.01,1.0,AVISTA,1.0.7,2026-09-19T19:01:31
Obesity_Type_III,1.0,1.0,0.0,1.0,AVISTA,1.0.7,2026-09-19T19:01:31
Overweight_Level_I,0.0,0.0,inf,1.0,AVISTA,1.0.7,2026-09-19T19:01:31
Overweight_Level_I,0.0,0.010362694300518135,1.0,1.0,AVISTA,1.0.7,2026-09-19T19:01:31
Overweight_Level_I,0.0,0.06735751295336788,0.99,1.0,AVISTA,1.0.7,2026-09-19T19:01:31
Overweight_Level_I,0.0,0.19170984455958548,0.97,1.0,AVISTA,1.0.7,2026-09-19T19:01:31
Overweight_Level_I,0.0,0.23834196891191708,0.96,1.0,AVISTA,1.0.7,2026-09-19T19:01:31
Overweight_Level_I,0.0,0.37305699481865284,0.94,1.0,AVISTA,1.0.7,2026-09-19T19:01:31
Overweight_Level_I,0.0,0.43005181347150256,0.93,1.0,AVISTA,1.0.7,2026-09-19T19:01:31
Overweight_Level_I,0.0,0.49740932642487046,0.92,1.0,AVISTA,1.0.7,2026-09-19T19:01:31
Overweight_Level_I,0.0,0.533678756476684,0.91,1.0,AVISTA,1.0.7,2026-09-19T19:01:31
Overweight_Level_I,0.0,0.6269430051813472,0.89,1.0,AVISTA,1.0.7,2026-09-19T19:01:31
Overweight_Level_I,0.0,0.6528497409326425,0.88,1.0,AVISTA,1.0.7,2026-09-19T19:01:31
Overweight_Level_I,0.0,0.6735751295336787,0.87,1.0,AVISTA,1.0.7,2026-09-19T19:01:31
Overweight_Level_I,0.0,0.7098445595854922,0.86,1.0,AVISTA,1.0.7,2026-09-19T19:01:31
Overweight_Level_I,0.0,0.7305699481865285,0.84,1.0,AVISTA,1.0.7,2026-09-19T19:01:31
Overweight_Level_I,0.0,0.7668393782383419,0.83,1.0,AVISTA,1.0.7,2026-09-19T19:01:31
Overweight_Level_I,0.0,0.7875647668393783,0.82,1.0,AVISTA,1.0.7,2026-09-19T19:01:31
Overweight_Level_I,0.0,0.8031088082901554,0.81,1.0,AVISTA,1.0.7,2026-09-19T19:01:31
Overweight_Level_I,0.0,0.8134715025906736,0.8,1.0,AVISTA,1.0.7,2026-09-19T19:01:31
Overweight_Level_I,0.0,0.8186528497409327,0.79,1.0,AVISTA,1.0.7,2026-09-19T19:01:31
Overweight_Level_I,0.0,0.8290155440414507,0.78,1.0,AVISTA,1.0.7,2026-09-19T19:01:31
Overweight_Level_I,0.0,0.844559585492228,0.77,1.0,AVISTA,1.0.7,2026-09-19T19:01:31
Overweight_Level_I,0.0,0.8497409326424871,0.76,1.0,AVISTA,1.0.7,2026-09-19T19:01:31
Overweight_Level_I,0.0,0.8704663212435233,0.75,1.0,AVISTA,1.0.7,2026-09-19T19:01:31
Overweight_Level_I,0.0,0.8808290155440415,0.74,1.0,AVISTA,1.0.7,2026-09-19T19:01:31
Overweight_Level_I,0.0,0.9067357512953368,0.73,1.0,AVISTA,1.0.7,2026-09-19T19:01:31
Overweight_Level_I,0.0,0.927461139896373,0.72,1.0,AVISTA,1.0.7,2026-09-19T19:01:31
Overweight_Level_I,0.0,0.9740932642487047,0.69,1.0,AVISTA,1.0.7,2026-09-19T19:01:31
Overweight_Level_I,0.0,0.9844559585492227,0.68,1.0,AVISTA,1.0.7,2026-09-19T19:01:31
Overweight_Level_I,0.0,1.0,0.61,1.0,AVISTA,1.0.7,2026-09-19T19:01:31
Overweight_Level_I,0.0023677979479084454,1.0,0.18,1.0,AVISTA,1.0.7,2026-09-19T19:01:31
Overweight_Level_I,0.0055248618784530384,1.0,0.17,1.0,AVISTA,1.0.7,2026-09-19T19:01:31
Overweight_Level_I,0.007103393843725336,1.0,0.16,1.0,AVISTA,1.0.7,2026-09-19T19:01:31
Overweight_Level_I,0.008681925808997633,1.0,0.14,1.0,AVISTA,1.0.7,2026-09-19T19:01:31
Overweight_Level_I,0.011838989739542225,1.0,0.13,1.0,AVISTA,1.0.7,2026-09-19T19:01:31
Overweight_Level_I,0.016574585635359115,1.0,0.12,1.0,AVISTA,1.0.7,2026-09-19T19:01:31
Overweight_Level_I,0.02367797947908445,1.0,0.11,1.0,AVISTA,1.0.7,2026-09-19T19:01:31
Overweight_Level_I,0.035516969218626675,1.0,0.1,1.0,AVISTA,1.0.7,2026-09-19T19:01:31
Overweight_Level_I,0.04656669297553275,1.0,0.09,1.0,AVISTA,1.0.7,2026-09-19T19:01:31
Overweight_Level_I,0.06471981057616416,1.0,0.08,1.0,AVISTA,1.0.7,2026-09-19T19:01:31
Overweight_Level_I,0.08366219415943173,1.0,0.07,1.0,AVISTA,1.0.7,2026-09-19T19:01:31
Overweight_Level_I,0.11128650355169692,1.0,0.06,1.0,AVISTA,1.0.7,2026-09-19T19:01:31
Overweight_Level_I,0.1499605367008682,1.0,0.05,1.0,AVISTA,1.0.7,2026-09-19T19:01:31
Overweight_Level_I,0.1941594317284925,1.0,0.04,1.0,AVISTA,1.0.7,2026-09-19T19:01:31
Overweight_Level_I,0.2628255722178374,1.0,0.03,1.0,AVISTA,1.0.7,2026-09-19T19:01:31
Overweight_Level_I,0.35753749013417524,1.0,0.02,1.0,AVISTA,1.0.7,2026-09-19T19:01:31
Overweight_Level_I,0.5185477505919495,1.0,0.01,1.0,AVISTA,1.0.7,2026-09-19T19:01:31
Overweight_Level_I,1.0,1.0,0.0,1.0,AVISTA,1.0.7,2026-09-19T19:01:31
Overweight_Level_II,0.0,0.0,inf,0.9999999999999999,AVISTA,1.0.7,2026-09-19T19:01:31
Overweight_Level_II,0.0,0.00975609756097561,0.99,0.9999999999999999,AVISTA,1.0.7,2026-09-19T19:01:31
Overweight_Level_II,0.0,0.04878048780487805,0.98,0.9999999999999999,AVISTA,1.0.7,2026-09-19T19:01:31
Overweight_Level_II,0.0,0.0975609756097561,0.97,0.9999999999999999,AVISTA,1.0.7,2026-09-19T19:01:31
Overweight_Level_II,0.0,0.17073170731707318,0.96,0.9999999999999999,AVISTA,1.0.7,2026-09-19T19:01:31
Overweight_Level_II,0.0,0.22439024390243903,0.95,0.9999999999999999,AVISTA,1.0.7,2026-09-19T19:01:31
Overweight_Level_II,0.0,0.2926829268292683,0.94,0.9999999999999999,AVISTA,1.0.7,2026-09-19T19:01:31
Overweight_Level_II,0.0,0.34146341463414637,0.93,0.9999999999999999,AVISTA,1.0.7,2026-09-19T19:01:31
Overweight_Level_II,0.0,0.4097560975609756,0.92,0.9999999999999999,AVISTA,1.0.7,2026-09-19T19:01:31
Overweight_Level_II,0.0,0.4585365853658537,0.91,0.9999999999999999,AVISTA,1.0.7,2026-09-19T19:01:31
Overweight_Level_II,0.0,0.4878048780487805,0.9,0.9999999999999999,AVISTA,1.0.7,2026-09-19T19:01:31
Overweight_Level_II,0.0,0.5756097560975609,0.89,0.9999999999999999,AVISTA,1.0.7,2026-09-19T19:01:31
Overweight_Level_II,0.0,0.6390243902439025,0.88,0.9999999999999999,AVISTA,1.0.7,2026-09-19T19:01:31
Overweight_Level_II,0.0,0.6731707317073171,0.87,0.9999999999999999,AVISTA,1.0.7,2026-09-19T19:01:31
Overweight_Level_II,0.0,0.7121951219512195,0.86,0.9999999999999999,AVISTA,1.0.7,2026-09-19T19:01:31
Overweight_Level_II,0.0,0.7317073170731707,0.85,0.9999999999999999,AVISTA,1.0.7,2026-09-19T19:01:31
Overweight_Level_II,0.0,0.7560975609756098,0.84,0.9999999999999999,AVISTA,1.0.7,2026-09-19T19:01:31
Overweight_Level_II,0.0,0.7609756097560976,0.83,0.9999999999999999,AVISTA,1.0.7,2026-09-19T19:01:31
Overweight_Level_II,0.0,0.8,0.82,0.9999999999999999,AVISTA,1.0.7,2026-09-19T19:01:31
Overweight_Level_II,0.0,0.8292682926829268,0.81,0.9999999999999999,AVISTA,1.0.7,2026-09-19T19:01:31
Overweight_Level_II,0.0,0.8634146341463415,0.8,0.9999999999999999,AVISTA,1.0.7,2026-09-19T19:01:31
Overweight_Level_II,0.0,0.8780487804878049,0.79,0.9999999999999999,AVISTA,1.0.7,2026-09-19T19:01:31
Overweight_Level_II,0.0,0.8878048780487805,0.78,0.9999999999999999,AVISTA,1.0.7,2026-09-19T19:01:31
Overweight_Level_II,0.0,0.8926829268292683,0.77,0.9999999999999999,AVISTA,1.0.7,2026-09-19T19:01:31
Overweight_Level_II,0.0,0.9317073170731708,0.75,0.9999999999999999,AVISTA,1.0.7,2026-09-19T19:01:31
Overweight_Level_II,0.0,0.9463414634146341,0.74,0.9999999999999999,AVISTA,1.0.7,2026-09-19T19:01:31
Overweight_Level_II,0.0,0.9658536585365853,0.73,0.9999999999999999,AVISTA,1.0.7,2026-09-19T19:01:31
Overweight_Level_II,0.0,0.9804878048780488,0.72,0.9999999999999999,AVISTA,1.0.7,2026-09-19T19:01:31
Overweight_Level_II,0.0,1.0,0.62,0.9999999999999999,AVISTA,1.0.7,2026-09-19T19:01:31
Overweight_Level_II,0.0015936254980079682,1.0,0.21,0.9999999999999999,AVISTA,1.0.7,2026-09-19T19:01:31
Overweight_Level_II,0.004780876494023904,1.0,0.19,0.9999999999999999,AVISTA,1.0.7,2026-09-19T19:01:31
Overweight_Level_II,0.005577689243027889,1.0,0.18,0.9999999999999999,AVISTA,1.0.7,2026-09-19T19:01:31
Overweight_Level_II,0.007171314741035857,1.0,0.17,0.9999999999999999,AVISTA,1.0.7,2026-09-19T19:01:31
Overweight_Level_II,0.011155378486055778,1.0,0.16,0.9999999999999999,AVISTA,1.0.7,2026-09-19T19:01:31
Overweight_Level_II,0.014342629482071713,1.0,0.15,0.9999999999999999,AVISTA,1.0.7,2026-09-19T19:01:31
Overweight_Level_II,0.0199203187250996,1.0,0.14,0.9999999999999999,AVISTA,1.0.7,2026-09-19T19:01:31
Overweight_Level_II,0.02390438247011952,1.0,0.13,0.9999999999999999,AVISTA,1.0.7,2026-09-19T19:01:31
Overweight_Level_II,0.03346613545816733,1.0,0.12,0.9999999999999999,AVISTA,1.0.7,2026-09-19T19:01:31
Overweight_Level_II,0.03745019920318725,1.0,0.11,0.9999999999999999,AVISTA,1.0.7,2026-09-19T19:01:31
Overweight_Level_II,0.04462151394422311,1.0,0.1,0.9999999999999999,AVISTA,1.0.7,2026-09-19T19:01:31
Overweight_Level_II,0.06135458167330677,1.0,0.09,0.9999999999999999,AVISTA,1.0.7,2026-09-19T19:01:31
Overweight_Level_II,0.07410358565737052,1.0,0.08,0.9999999999999999,AVISTA,1.0.7,2026-09-19T19:01:31
Overweight_Level_II,0.09402390438247012,1.0,0.07,0.9999999999999999,AVISTA,1.0.7,2026-09-19T19:01:31
Overweight_Level_II,0.11553784860557768,1.0,0.06,0.9999999999999999,AVISTA,1.0.7,2026-09-19T19:01:31
Overweight_Level_II,0.15298804780876493,1.0,0.05,0.9999999999999999,AVISTA,1.0.7,2026-09-19T19:01:31
Overweight_Level_II,0.19282868525896416,1.0,0.04,0.9999999999999999,AVISTA,1.0.7,2026-09-19T19:01:31
Overweight_Level_II,0.2597609561752988,1.0,0.03,0.9999999999999999,AVISTA,1.0.7,2026-09-19T19:01:31
Overweight_Level_II,0.3537848605577689,1.0,0.02,0.9999999999999999,AVISTA,1.0.7,2026-09-19T19:01:31
Overweight_Level_II,0.5282868525896415,1.0,0.01,0.9999999999999999,AVISTA,1.0.7,2026-09-19T19:01:31
Overweight_Level_II,1.0,1.0,0.0,0.9999999999999999,AVISTA,1.0.7,2026-09-19T19:01:31
