feature,importance,generated_by,version,generated_on
Weight,0.27236220008445966,AVISTA,1.0.7,2026-09-19T19:01:35
Age,0.091867013749569,AVISTA,1.0.7,2026-09-19T19:01:35
FCVC,0.08365165509064804,AVISTA,1.0.7,2026-09-19T19:01:35
Height,0.08227556624378439,AVISTA,1.0.7,2026-09-19T19:01:35
NCP,0.051831641202228954,AVISTA,1.0.7,2026-09-19T19:01:35
FAF,0.04841048862425051,AVISTA,1.0.7,2026-09-19T19:01:35
CH2O,0.04786933177263107,AVISTA,1.0.7,2026-09-19T19:01:35
TUE,0.04751904765207215,AVISTA,1.0.7,2026-09-19T19:01:35
Gender_Female,0.03392302824212578,AVISTA,1.0.7,2026-09-19T19:01:35
Gender_Male,0.03389701922374578,AVISTA,1.0.7,2026-09-19T19:01:35
family_history_with_overweight_yes,0.023099818780500943,AVISTA,1.0.7,2026-09-19T19:01:35
CALC_no,0.020797434326063822,AVISTA,1.0.7,2026-09-19T19:01:35
family_history_with_overweight_no,0.020193257036719345,AVISTA,1.0.7,2026-09-19T19:01:35
CAEC_Sometimes,0.019752175222987743,AVISTA,1.0.7,2026-09-19T19:01:35
CAEC_Frequently,0.019695450973102175,AVISTA,1.0.7,2026-09-19T19:01:35
CALC_Sometimes,0.018994768123065612,AVISTA,1.0.7,2026-09-19T19:01:35
MTRANS_Public_Transportation,0.016929779587981815,AVISTA,1.0.7,2026-09-19T19:01:35
MTRANS_Automobile,0.013463529415168164,AVISTA,1.0.7,2026-09-19T19:01:35
FAVC_yes,0.012897098128081326,AVISTA,1.0.7,2026-09-19T19:01:35
FAVC_no,0.010166573284584134,AVISTA,1.0.7,2026-09-19T19:01:35
CALC_Frequently,0.004582791527510981,AVISTA,1.0.7,2026-09-19T19:01:35
SCC_no,0.004565060767702139,AVISTA,1.0.7,2026-09-19T19:01:35
MTRANS_Walking,0.004303894757156116,AVISTA,1.0.7,2026-09-19T19:01:35
SCC_yes,0.004301486283670665,AVISTA,1.0.7,2026-09-19T19:01:35
CAEC_Always,0.004153373837768309,AVISTA,1.0.7,2026-09-19T19:01:35
CAEC_no,0.003423015173885332,AVISTA,1.0.7,2026-09-19T19:01:35
SMOKE_no,0.002034427470485725,AVISTA,1.0.7,2026-09-19T19:01:35
SMOKE_yes,0.0019391937808912669,AVISTA,1.0.7,2026-09-19T19:01:35
MTRANS_Bike,0.0005234058719642933,AVISTA,1.0.7,2026-09-19T19:01:35
MTRANS_Motorbike,0.0005065142600051596,AVISTA,1.0.7,2026-09-19T19:01:35
CALC_Always,6.995950518945677e-05,AVISTA,1.0.7,2026-09-19T19:01:35
MTRANS_Unknown,0.0,AVISTA,1.0.7,2026-09-19T19:01:35
FAVC_Unknown,0.0,AVISTA,1.0.7,2026-09-19T19:01:35
SCC_Unknown,0.0,AVISTA,1.0.7,2026-09-19T19:01:35
CAEC_Unknown,0.0,AVISTA,1.0.7,2026-09-19T19:01:35
family_history_with_overweight_Unknown,0.0,AVISTA,1.0.7,2026-09-19T19:01:35
SMOKE_Unknown,0.0,AVISTA,1.0.7,2026-09-19T19:01:35
CALC_Unknown,0.0,AVISTA,1.0.7,2026-09-19T19:01:35
Gender_Unknown,0.0,AVISTA,1.0.7,2026-09-19T19:01:35
