row_identifier,actual_class,predicted_class
0,Doctors_2_3,Doctors_2_3
1,Doctors_2_3,Doctors_2_3
2,Doctors_2_3,Doctors_2_3
3,Doctors_2_3,Doctors_2_3
4,Doctors_2_3,Doctors_2_3
5,Doctors_4_Plus,Doctors_4_Plus
6,Doctors_2_3,Doctors_2_3
7,Doctors_4_Plus,Doctors_4_Plus
8,Doctors_2_3,Doctors_2_3
9,Doctors_4_Plus,Doctors_4_Plus
10,Doctors_4_Plus,Doctors_4_Plus
11,Doctors_4_Plus,Doctors_4_Plus
12,Doctors_4_Plus,Doctors_4_Plus
13,Doctors_0_1,Doctors_0_1
14,Doctors_2_3,Doctors_2_3
15,Doctors_4_Plus,Doctors_4_Plus
16,Doctors_4_Plus,Doctors_4_Plus
17,Doctors_2_3,Doctors_2_3
18,Doctors_4_Plus,Doctors_4_Plus
19,Doctors_4_Plus,Doctors_4_Plus
20,Doctors_2_3,Doctors_2_3
21,Doctors_0_1,Doctors_0_1
22,Doctors_4_Plus,Doctors_4_Plus
23,Doctors_2_3,Doctors_2_3
24,Doctors_2_3,Doctors_2_3
25,Doctors_0_1,Doctors_0_1
26,Doctors_0_1,Doctors_0_1
27,Doctors_2_3,Doctors_2_3
28,Doctors_4_Plus,Doctors_4_Plus
29,Doctors_2_3,Doctors_0_1
30,Doctors_2_3,Doctors_2_3
31,Doctors_4_Plus,Doctors_4_Plus
32,Doctors_2_3,Doctors_0_1
33,Doctors_2_3,Doctors_2_3
34,Doctors_4_Plus,Doctors_4_Plus
35,Doctors_2_3,Doctors_2_3
36,Doctors_0_1,Doctors_0_1
37,Doctors_0_1,Doctors_0_1
38,Doctors_0_1,Doctors_0_1
39,Doctors_4_Plus,Doctors_4_Plus
40,Doctors_2_3,Doctors_2_3
41,Doctors_4_Plus,Doctors_4_Plus
42,Doctors_2_3,Doctors_2_3
43,Doctors_2_3,Doctors_2_3
44,Doctors_2_3,Doctors_2_3
45,Doctors_2_3,Doctors_2_3
46,Doctors_2_3,Doctors_2_3
47,Doctors_0_1,Doctors_0_1
48,Doctors_4_Plus,Doctors_4_Plus
49,Doctors_4_Plus,Doctors_4_Plus
50,Doctors_4_Plus,Doctors_4_Plus
51,Doctors_2_3,Doctors_4_Plus
52,Doctors_4_Plus,Doctors_4_Plus
53,Doctors_4_Plus,Doctors_4_Plus
54,Doctors_2_3,Doctors_2_3
55,Doctors_4_Plus,Doctors_4_Plus
56,Doctors_2_3,Doctors_2_3
57,Doctors_0_1,Doctors_0_1
58,Doctors_4_Plus,Doctors_4_Plus
59,Doctors_4_Plus,Doctors_4_Plus
60,Doctors_2_3,Doctors_2_3
61,Doctors_2_3,Doctors_2_3
62,Doctors_4_Plus,Doctors_4_Plus
63,Doctors_0_1,Doctors_0_1
64,Doctors_4_Plus,Doctors_4_Plus
65,Doctors_0_1,Doctors_0_1
66,Doctors_2_3,Doctors_2_3
67,Doctors_4_Plus,Doctors_4_Plus
68,Doctors_4_Plus,Doctors_4_Plus
69,Doctors_0_1,Doctors_0_1
70,Doctors_2_3,Doctors_2_3
71,Doctors_2_3,Doctors_2_3
72,Doctors_4_Plus,Doctors_4_Plus
73,Doctors_2_3,Doctors_2_3
74,Doctors_2_3,Doctors_2_3
75,Doctors_2_3,Doctors_2_3
76,Doctors_0_1,Doctors_2_3
77,Doctors_2_3,Doctors_2_3
78,Doctors_2_3,Doctors_2_3
79,Doctors_4_Plus,Doctors_4_Plus
80,Doctors_2_3,Doctors_2_3
81,Doctors_2_3,Doctors_2_3
82,Doctors_4_Plus,Doctors_4_Plus
83,Doctors_4_Plus,Doctors_4_Plus
84,Doctors_4_Plus,Doctors_4_Plus
85,Doctors_2_3,Doctors_2_3
86,Doctors_2_3,Doctors_2_3
87,Doctors_4_Plus,Doctors_4_Plus
88,Doctors_0_1,Doctors_0_1
89,Doctors_2_3,Doctors_2_3
90,Doctors_4_Plus,Doctors_4_Plus
91,Doctors_4_Plus,Doctors_4_Plus
92,Doctors_0_1,Doctors_0_1
93,Doctors_4_Plus,Doctors_0_1
94,Doctors_2_3,Doctors_2_3
95,Doctors_2_3,Doctors_2_3
96,Doctors_2_3,Doctors_2_3
97,Doctors_2_3,Doctors_2_3
98,Doctors_0_1,Doctors_0_1
99,Doctors_4_Plus,Doctors_4_Plus
100,Doctors_4_Plus,Doctors_4_Plus
101,Doctors_2_3,Doctors_2_3
102,Doctors_2_3,Doctors_2_3
103,Doctors_2_3,Doctors_2_3
104,Doctors_0_1,Doctors_0_1
105,Doctors_4_Plus,Doctors_4_Plus
106,Doctors_2_3,Doctors_2_3
107,Doctors_4_Plus,Doctors_4_Plus
108,Doctors_0_1,Doctors_0_1
109,Doctors_4_Plus,Doctors_2_3
110,Doctors_4_Plus,Doctors_4_Plus
111,Doctors_2_3,Doctors_2_3
112,Doctors_2_3,Doctors_2_3
113,Doctors_2_3,Doctors_0_1
114,Doctors_2_3,Doctors_2_3
115,Doctors_2_3,Doctors_2_3
116,Doctors_2_3,Doctors_2_3
117,Doctors_2_3,Doctors_2_3
118,Doctors_2_3,Doctors_2_3
119,Doctors_2_3,Doctors_2_3
120,Doctors_0_1,Doctors_0_1
121,Doctors_4_Plus,Doctors_0_1
122,Doctors_2_3,Doctors_2_3
123,Doctors_2_3,Doctors_2_3
124,Doctors_2_3,Doctors_2_3
125,Doctors_2_3,Doctors_2_3
126,Doctors_2_3,Doctors_2_3
127,Doctors_0_1,Doctors_0_1
128,Doctors_2_3,Doctors_2_3
129,Doctors_2_3,Doctors_2_3
130,Doctors_4_Plus,Doctors_4_Plus
131,Doctors_2_3,Doctors_2_3
132,Doctors_2_3,Doctors_2_3
133,Doctors_4_Plus,Doctors_4_Plus
134,Doctors_4_Plus,Doctors_4_Plus
135,Doctors_2_3,Doctors_2_3
136,Doctors_2_3,Doctors_2_3
137,Doctors_0_1,Doctors_0_1
138,Doctors_2_3,Doctors_2_3
139,Doctors_4_Plus,Doctors_4_Plus
140,Doctors_2_3,Doctors_2_3
141,Doctors_0_1,Doctors_0_1
142,Doctors_0_1,Doctors_0_1
143,Doctors_0_1,Doctors_0_1
144,Doctors_0_1,Doctors_0_1
145,Doctors_4_Plus,Doctors_4_Plus
146,Doctors_4_Plus,Doctors_4_Plus
147,Doctors_2_3,Doctors_2_3
148,Doctors_2_3,Doctors_2_3
149,Doctors_0_1,Doctors_0_1
150,Doctors_2_3,Doctors_2_3
151,Doctors_2_3,Doctors_2_3
152,Doctors_4_Plus,Doctors_0_1
153,Doctors_2_3,Doctors_2_3
154,Doctors_2_3,Doctors_2_3
155,Doctors_2_3,Doctors_2_3
156,Doctors_4_Plus,Doctors_4_Plus
157,Doctors_2_3,Doctors_2_3
158,Doctors_2_3,Doctors_2_3
159,Doctors_4_Plus,Doctors_4_Plus
160,Doctors_2_3,Doctors_2_3
161,Doctors_4_Plus,Doctors_4_Plus
162,Doctors_2_3,Doctors_2_3
163,Doctors_4_Plus,Doctors_4_Plus
164,Doctors_0_1,Doctors_0_1
165,Doctors_2_3,Doctors_2_3
166,Doctors_4_Plus,Doctors_4_Plus
167,Doctors_2_3,Doctors_2_3
168,Doctors_2_3,Doctors_2_3
169,Doctors_2_3,Doctors_2_3
170,Doctors_4_Plus,Doctors_4_Plus
171,Doctors_4_Plus,Doctors_4_Plus
172,Doctors_2_3,Doctors_2_3
173,Doctors_0_1,Doctors_0_1
174,Doctors_2_3,Doctors_2_3
175,Doctors_2_3,Doctors_2_3
176,Doctors_2_3,Doctors_2_3
177,Doctors_2_3,Doctors_2_3
178,Doctors_2_3,Doctors_2_3
179,Doctors_2_3,Doctors_2_3
180,Doctors_2_3,Doctors_2_3
181,Doctors_2_3,Doctors_2_3
182,Doctors_0_1,Doctors_0_1
183,Doctors_0_1,Doctors_0_1
184,Doctors_2_3,Doctors_2_3
185,Doctors_0_1,Doctors_2_3
186,Doctors_2_3,Doctors_2_3
187,Doctors_2_3,Doctors_2_3
188,Doctors_4_Plus,Doctors_4_Plus
189,Doctors_2_3,Doctors_2_3
190,Doctors_2_3,Doctors_2_3
191,Doctors_4_Plus,Doctors_4_Plus
192,Doctors_4_Plus,Doctors_4_Plus
193,Doctors_4_Plus,Doctors_4_Plus
194,Doctors_4_Plus,Doctors_4_Plus
195,Doctors_4_Plus,Doctors_4_Plus
196,Doctors_0_1,Doctors_0_1
197,Doctors_2_3,Doctors_2_3
198,Doctors_2_3,Doctors_2_3
199,Doctors_4_Plus,Doctors_4_Plus
200,Doctors_2_3,Doctors_2_3
201,Doctors_4_Plus,Doctors_4_Plus
202,Doctors_2_3,Doctors_2_3
203,Doctors_2_3,Doctors_2_3
204,Doctors_2_3,Doctors_2_3
205,Doctors_0_1,Doctors_0_1
206,Doctors_0_1,Doctors_0_1
207,Doctors_2_3,Doctors_2_3
208,Doctors_0_1,Doctors_0_1
209,Doctors_2_3,Doctors_2_3
210,Doctors_4_Plus,Doctors_4_Plus
211,Doctors_2_3,Doctors_2_3
212,Doctors_4_Plus,Doctors_4_Plus
213,Doctors_2_3,Doctors_2_3
214,Doctors_0_1,Doctors_4_Plus
215,Doctors_2_3,Doctors_2_3
216,Doctors_4_Plus,Doctors_4_Plus
217,Doctors_2_3,Doctors_4_Plus
218,Doctors_2_3,Doctors_2_3
219,Doctors_4_Plus,Doctors_4_Plus
220,Doctors_2_3,Doctors_2_3
221,Doctors_2_3,Doctors_2_3
222,Doctors_2_3,Doctors_2_3
223,Doctors_2_3,Doctors_2_3
224,Doctors_4_Plus,Doctors_0_1
225,Doctors_2_3,Doctors_2_3
226,Doctors_4_Plus,Doctors_4_Plus
227,Doctors_2_3,Doctors_2_3
228,Doctors_0_1,Doctors_0_1
229,Doctors_4_Plus,Doctors_4_Plus
230,Doctors_4_Plus,Doctors_4_Plus
231,Doctors_2_3,Doctors_2_3
232,Doctors_4_Plus,Doctors_4_Plus
233,Doctors_4_Plus,Doctors_4_Plus
234,Doctors_2_3,Doctors_2_3
235,Doctors_0_1,Doctors_0_1
236,Doctors_2_3,Doctors_2_3
237,Doctors_4_Plus,Doctors_4_Plus
238,Doctors_2_3,Doctors_2_3
239,Doctors_0_1,Doctors_0_1
240,Doctors_4_Plus,Doctors_4_Plus
241,Doctors_2_3,Doctors_2_3
242,Doctors_4_Plus,Doctors_4_Plus
243,Doctors_4_Plus,Doctors_4_Plus
244,Doctors_4_Plus,Doctors_4_Plus
245,Doctors_0_1,Doctors_0_1
246,Doctors_4_Plus,Doctors_4_Plus
247,Doctors_4_Plus,Doctors_4_Plus
248,Doctors_0_1,Doctors_0_1
249,Doctors_0_1,Doctors_0_1
250,Doctors_4_Plus,Doctors_4_Plus
251,Doctors_0_1,Doctors_0_1
252,Doctors_0_1,Doctors_0_1
253,Doctors_4_Plus,Doctors_4_Plus
254,Doctors_4_Plus,Doctors_4_Plus
255,Doctors_2_3,Doctors_2_3
256,Doctors_2_3,Doctors_2_3
257,Doctors_2_3,Doctors_2_3
258,Doctors_2_3,Doctors_2_3
259,Doctors_4_Plus,Doctors_4_Plus
260,Doctors_0_1,Doctors_0_1
261,Doctors_2_3,Doctors_2_3
262,Doctors_2_3,Doctors_2_3
263,Doctors_2_3,Doctors_2_3
264,Doctors_2_3,Doctors_2_3
265,Doctors_4_Plus,Doctors_4_Plus
266,Doctors_2_3,Doctors_0_1
267,Doctors_0_1,Doctors_0_1
268,Doctors_2_3,Doctors_2_3
269,Doctors_2_3,Doctors_2_3
270,Doctors_4_Plus,Doctors_4_Plus
271,Doctors_2_3,Doctors_2_3
272,Doctors_2_3,Doctors_2_3
273,Doctors_4_Plus,Doctors_4_Plus
274,Doctors_2_3,Doctors_2_3
275,Doctors_2_3,Doctors_0_1
276,Doctors_2_3,Doctors_2_3
277,Doctors_2_3,Doctors_2_3
278,Doctors_2_3,Doctors_2_3
279,Doctors_2_3,Doctors_2_3
280,Doctors_2_3,Doctors_2_3
281,Doctors_2_3,Doctors_2_3
282,Doctors_4_Plus,Doctors_4_Plus
283,Doctors_4_Plus,Doctors_4_Plus
284,Doctors_4_Plus,Doctors_4_Plus
285,Doctors_2_3,Doctors_2_3
286,Doctors_0_1,Doctors_0_1
287,Doctors_2_3,Doctors_2_3
288,Doctors_4_Plus,Doctors_4_Plus
289,Doctors_4_Plus,Doctors_4_Plus
290,Doctors_2_3,Doctors_2_3
291,Doctors_4_Plus,Doctors_4_Plus
292,Doctors_4_Plus,Doctors_4_Plus
293,Doctors_4_Plus,Doctors_4_Plus
294,Doctors_2_3,Doctors_2_3
295,Doctors_2_3,Doctors_2_3
296,Doctors_2_3,Doctors_0_1
297,Doctors_2_3,Doctors_2_3
298,Doctors_0_1,Doctors_0_1
299,Doctors_4_Plus,Doctors_4_Plus
300,Doctors_2_3,Doctors_2_3
301,Doctors_4_Plus,Doctors_4_Plus
302,Doctors_0_1,Doctors_0_1
303,Doctors_0_1,Doctors_0_1
304,Doctors_2_3,Doctors_2_3
305,Doctors_0_1,Doctors_0_1
306,Doctors_2_3,Doctors_2_3
307,Doctors_2_3,Doctors_2_3
308,Doctors_2_3,Doctors_2_3
309,Doctors_2_3,Doctors_2_3
310,Doctors_2_3,Doctors_2_3
311,Doctors_4_Plus,Doctors_4_Plus
312,Doctors_4_Plus,Doctors_4_Plus
313,Doctors_2_3,Doctors_2_3
314,Doctors_2_3,Doctors_2_3
315,Doctors_0_1,Doctors_0_1
316,Doctors_2_3,Doctors_0_1
317,Doctors_2_3,Doctors_2_3
318,Doctors_0_1,Doctors_0_1
319,Doctors_2_3,Doctors_2_3
320,Doctors_4_Plus,Doctors_4_Plus
321,Doctors_4_Plus,Doctors_4_Plus
322,Doctors_0_1,Doctors_0_1
323,Doctors_4_Plus,Doctors_4_Plus
324,Doctors_2_3,Doctors_2_3
325,Doctors_2_3,Doctors_2_3
326,Doctors_2_3,Doctors_2_3
327,Doctors_2_3,Doctors_2_3
328,Doctors_0_1,Doctors_0_1
329,Doctors_2_3,Doctors_2_3
330,Doctors_2_3,Doctors_2_3
331,Doctors_2_3,Doctors_2_3
332,Doctors_0_1,Doctors_0_1
333,Doctors_4_Plus,Doctors_4_Plus
334,Doctors_0_1,Doctors_0_1
335,Doctors_2_3,Doctors_2_3
336,Doctors_2_3,Doctors_2_3
337,Doctors_2_3,Doctors_2_3
338,Doctors_2_3,Doctors_0_1
339,Doctors_2_3,Doctors_2_3
340,Doctors_2_3,Doctors_2_3
341,Doctors_2_3,Doctors_2_3
342,Doctors_2_3,Doctors_2_3
343,Doctors_2_3,Doctors_2_3
344,Doctors_0_1,Doctors_0_1
345,Doctors_2_3,Doctors_2_3
346,Doctors_2_3,Doctors_2_3
347,Doctors_0_1,Doctors_0_1
348,Doctors_4_Plus,Doctors_4_Plus
349,Doctors_2_3,Doctors_2_3
350,Doctors_2_3,Doctors_2_3
351,Doctors_2_3,Doctors_2_3
352,Doctors_2_3,Doctors_2_3
353,Doctors_2_3,Doctors_2_3
354,Doctors_2_3,Doctors_0_1
355,Doctors_2_3,Doctors_2_3
356,Doctors_0_1,Doctors_0_1
357,Doctors_2_3,Doctors_4_Plus
358,Doctors_4_Plus,Doctors_4_Plus
359,Doctors_0_1,Doctors_0_1
360,Doctors_0_1,Doctors_0_1
361,Doctors_4_Plus,Doctors_4_Plus
362,Doctors_4_Plus,Doctors_4_Plus
363,Doctors_2_3,Doctors_2_3
364,Doctors_2_3,Doctors_2_3
365,Doctors_2_3,Doctors_2_3
366,Doctors_2_3,Doctors_2_3
367,Doctors_4_Plus,Doctors_4_Plus
368,Doctors_2_3,Doctors_2_3
369,Doctors_4_Plus,Doctors_0_1
370,Doctors_4_Plus,Doctors_4_Plus
371,Doctors_4_Plus,Doctors_4_Plus
372,Doctors_2_3,Doctors_2_3
373,Doctors_2_3,Doctors_2_3
374,Doctors_4_Plus,Doctors_4_Plus
375,Doctors_2_3,Doctors_2_3
376,Doctors_2_3,Doctors_2_3
377,Doctors_2_3,Doctors_2_3
378,Doctors_2_3,Doctors_2_3
379,Doctors_0_1,Doctors_0_1
380,Doctors_4_Plus,Doctors_4_Plus
381,Doctors_2_3,Doctors_2_3
382,Doctors_2_3,Doctors_2_3
383,Doctors_4_Plus,Doctors_4_Plus
384,Doctors_2_3,Doctors_2_3
385,Doctors_2_3,Doctors_2_3
386,Doctors_2_3,Doctors_2_3
387,Doctors_2_3,Doctors_2_3
388,Doctors_2_3,Doctors_2_3
389,Doctors_2_3,Doctors_2_3
390,Doctors_2_3,Doctors_2_3
391,Doctors_0_1,Doctors_0_1
392,Doctors_0_1,Doctors_0_1
393,Doctors_4_Plus,Doctors_4_Plus
394,Doctors_4_Plus,Doctors_4_Plus
395,Doctors_2_3,Doctors_2_3
396,Doctors_2_3,Doctors_2_3
397,Doctors_2_3,Doctors_2_3
398,Doctors_0_1,Doctors_0_1
399,Doctors_2_3,Doctors_2_3
400,Doctors_4_Plus,Doctors_0_1
401,Doctors_4_Plus,Doctors_4_Plus
402,Doctors_4_Plus,Doctors_4_Plus
403,Doctors_2_3,Doctors_2_3
404,Doctors_4_Plus,Doctors_4_Plus
405,Doctors_2_3,Doctors_2_3
406,Doctors_2_3,Doctors_2_3
407,Doctors_4_Plus,Doctors_4_Plus
408,Doctors_0_1,Doctors_0_1
409,Doctors_2_3,Doctors_2_3
410,Doctors_4_Plus,Doctors_4_Plus
411,Doctors_2_3,Doctors_2_3
412,Doctors_0_1,Doctors_0_1
413,Doctors_2_3,Doctors_2_3
414,Doctors_2_3,Doctors_2_3
415,Doctors_4_Plus,Doctors_4_Plus
416,Doctors_4_Plus,Doctors_4_Plus
417,Doctors_0_1,Doctors_0_1
418,Doctors_0_1,Doctors_0_1
419,Doctors_2_3,Doctors_4_Plus
420,Doctors_4_Plus,Doctors_4_Plus
421,Doctors_2_3,Doctors_2_3
422,Doctors_2_3,Doctors_2_3
423,Doctors_0_1,Doctors_0_1
424,Doctors_0_1,Doctors_0_1
425,Doctors_2_3,Doctors_2_3
426,Doctors_2_3,Doctors_2_3
427,Doctors_2_3,Doctors_2_3
428,Doctors_4_Plus,Doctors_4_Plus
429,Doctors_2_3,Doctors_2_3
430,Doctors_2_3,Doctors_2_3
431,Doctors_2_3,Doctors_2_3
432,Doctors_2_3,Doctors_2_3
433,Doctors_0_1,Doctors_0_1
434,Doctors_4_Plus,Doctors_0_1
435,Doctors_4_Plus,Doctors_4_Plus
436,Doctors_0_1,Doctors_0_1
437,Doctors_2_3,Doctors_2_3
438,Doctors_4_Plus,Doctors_4_Plus
439,Doctors_2_3,Doctors_2_3
440,Doctors_4_Plus,Doctors_4_Plus
441,Doctors_2_3,Doctors_2_3
442,Doctors_4_Plus,Doctors_4_Plus
443,Doctors_0_1,Doctors_0_1
444,Doctors_0_1,Doctors_0_1
445,Doctors_4_Plus,Doctors_4_Plus
446,Doctors_4_Plus,Doctors_4_Plus
447,Doctors_2_3,Doctors_2_3
448,Doctors_2_3,Doctors_2_3
449,Doctors_2_3,Doctors_2_3
450,Doctors_2_3,Doctors_2_3
451,Doctors_2_3,Doctors_2_3
452,Doctors_0_1,Doctors_0_1
453,Doctors_2_3,Doctors_2_3
454,Doctors_2_3,Doctors_2_3
455,Doctors_4_Plus,Doctors_4_Plus
456,Doctors_0_1,Doctors_0_1
457,Doctors_2_3,Doctors_2_3
458,Doctors_2_3,Doctors_2_3
459,Doctors_4_Plus,Doctors_4_Plus
460,Doctors_4_Plus,Doctors_4_Plus
461,Doctors_4_Plus,Doctors_4_Plus
462,Doctors_0_1,Doctors_0_1
463,Doctors_4_Plus,Doctors_4_Plus
464,Doctors_4_Plus,Doctors_4_Plus
465,Doctors_0_1,Doctors_0_1
466,Doctors_2_3,Doctors_2_3
467,Doctors_2_3,Doctors_2_3
468,Doctors_2_3,Doctors_2_3
469,Doctors_0_1,Doctors_0_1
470,Doctors_2_3,Doctors_2_3
471,Doctors_2_3,Doctors_2_3
472,Doctors_0_1,Doctors_0_1
473,Doctors_2_3,Doctors_2_3
474,Doctors_4_Plus,Doctors_4_Plus
475,Doctors_2_3,Doctors_2_3
476,Doctors_4_Plus,Doctors_4_Plus
477,Doctors_4_Plus,Doctors_4_Plus
478,Doctors_0_1,Doctors_0_1
479,Doctors_4_Plus,Doctors_4_Plus
480,Doctors_2_3,Doctors_2_3
481,Doctors_2_3,Doctors_2_3
482,Doctors_4_Plus,Doctors_4_Plus
483,Doctors_2_3,Doctors_2_3
484,Doctors_2_3,Doctors_2_3
485,Doctors_4_Plus,Doctors_4_Plus
486,Doctors_2_3,Doctors_2_3
487,Doctors_0_1,Doctors_0_1
488,Doctors_0_1,Doctors_0_1
489,Doctors_4_Plus,Doctors_4_Plus
490,Doctors_0_1,Doctors_0_1
491,Doctors_0_1,Doctors_2_3
492,Doctors_2_3,Doctors_2_3
493,Doctors_2_3,Doctors_2_3
494,Doctors_0_1,Doctors_0_1
495,Doctors_2_3,Doctors_2_3
496,Doctors_4_Plus,Doctors_2_3
497,Doctors_4_Plus,Doctors_4_Plus
498,Doctors_2_3,Doctors_2_3
499,Doctors_0_1,Doctors_0_1
500,Doctors_0_1,Doctors_0_1
501,Doctors_0_1,Doctors_0_1
502,Doctors_0_1,Doctors_0_1
503,Doctors_0_1,Doctors_0_1
504,Doctors_0_1,Doctors_0_1
505,Doctors_0_1,Doctors_0_1
506,Doctors_0_1,Doctors_0_1
507,Doctors_0_1,Doctors_0_1
508,Doctors_0_1,Doctors_0_1
509,Doctors_0_1,Doctors_0_1
510,Doctors_0_1,Doctors_0_1
511,Doctors_0_1,Doctors_0_1
512,Doctors_0_1,Doctors_0_1
513,Doctors_0_1,Doctors_0_1
514,Doctors_0_1,Doctors_0_1
515,Doctors_0_1,Doctors_0_1
516,Doctors_0_1,Doctors_0_1
517,Doctors_0_1,Doctors_0_1
518,Doctors_0_1,Doctors_0_1
519,Doctors_0_1,Doctors_0_1
520,Doctors_0_1,Doctors_0_1
521,Doctors_0_1,Doctors_0_1
522,Doctors_0_1,Doctors_0_1
523,Doctors_0_1,Doctors_0_1
524,Doctors_0_1,Doctors_0_1
525,Doctors_0_1,Doctors_0_1
526,Doctors_0_1,Doctors_0_1
527,Doctors_0_1,Doctors_0_1
528,Doctors_0_1,Doctors_0_1
529,Doctors_0_1,Doctors_0_1
530,Doctors_0_1,Doctors_0_1
531,Doctors_0_1,Doctors_0_1
532,Doctors_0_1,Doctors_0_1
533,Doctors_0_1,Doctors_0_1
534,Doctors_0_1,Doctors_0_1
535,Doctors_0_1,Doctors_0_1
536,Doctors_0_1,Doctors_0_1
537,Doctors_0_1,Doctors_0_1
538,Doctors_0_1,Doctors_0_1
539,Doctors_0_1,Doctors_0_1
540,Doctors_0_1,Doctors_0_1
