class,recall,precision,threshold,average_precision,generated_by,version,generated_on
p,1.0,0.48241294407316215,1.7155462827714272e-08,0.9994648106215951,AVISTA,1.0.7,2026-09-19T18:57:12
p,1.0,0.4833480176211454,2.1250900374471768e-08,0.9994648106215951,AVISTA,1.0.7,2026-09-19T18:57:12
p,1.0,0.48454336689630806,2.9483521437023205e-08,0.9994648106215951,AVISTA,1.0.7,2026-09-19T18:57:12
p,1.0,0.48540081401521856,3.652197444015645e-08,0.9994648106215951,AVISTA,1.0.7,2026-09-19T18:57:12
p,1.0,0.48634751773049645,3.816267832799483e-08,0.9994648106215951,AVISTA,1.0.7,2026-09-19T18:57:12
p,1.0,0.4872113676731794,4.727306277007094e-08,0.9994648106215951,AVISTA,1.0.7,2026-09-19T18:57:12
p,1.0,0.4883389709809507,5.1189782474240235e-08,0.9994648106215951,AVISTA,1.0.7,2026-09-19T18:57:12
p,1.0,0.4892099161762083,6.341006183494867e-08,0.9994648106215951,AVISTA,1.0.7,2026-09-19T18:57:12
p,1.0,0.49034680014301035,6.55866961382382e-08,0.9994648106215951,AVISTA,1.0.7,2026-09-19T18:57:12
p,1.0,0.49148898046944994,7.826423773342557e-08,0.9994648106215951,AVISTA,1.0.7,2026-09-19T18:57:12
p,1.0,0.49245960502693,8.124387802341043e-08,0.9994648106215951,AVISTA,1.0.7,2026-09-19T18:57:12
p,1.0,0.49352284994602375,9.694786502683558e-08,0.9994648106215951,AVISTA,1.0.7,2026-09-19T18:57:12
p,1.0,0.4944124008651766,1.1387271450778937e-07,0.9994648106215951,AVISTA,1.0.7,2026-09-19T18:57:12
p,1.0,0.49548410404624277,1.3450556553379017e-07,0.9994648106215951,AVISTA,1.0.7,2026-09-19T18:57:12
p,1.0,0.4964705882352941,1.410569729190764e-07,0.9994648106215951,AVISTA,1.0.7,2026-09-19T18:57:12
p,1.0,0.49782214156079857,1.6661539951446714e-07,0.9994648106215951,AVISTA,1.0.7,2026-09-19T18:57:12
p,1.0,0.4991810737033667,1.7410038631451617e-07,0.9994648106215951,AVISTA,1.0.7,2026-09-19T18:57:12
p,1.0,0.5005474452554745,2.1566248974239822e-07,0.9994648106215951,AVISTA,1.0.7,2026-09-19T18:57:12
p,1.0,0.5015542146644725,2.3353079188967294e-07,0.9994648106215951,AVISTA,1.0.7,2026-09-19T18:57:12
p,1.0,0.5027492668621701,2.892804109286661e-07,0.9994648106215951,AVISTA,1.0.7,2026-09-19T18:57:12
p,1.0,0.5036724201248622,2.992103416111664e-07,0.9994648106215951,AVISTA,1.0.7,2026-09-19T18:57:12
p,1.0,0.5048775998527517,3.706392999306896e-07,0.9994648106215951,AVISTA,1.0.7,2026-09-19T18:57:12
p,1.0,0.5058085930296884,4.511732048491195e-07,0.9994648106215951,AVISTA,1.0.7,2026-09-19T18:57:12
p,1.0,0.506555863342567,5.194938905897728e-07,0.9994648106215951,AVISTA,1.0.7,2026-09-19T18:57:12
p,1.0,0.5075869726128793,5.588794619394809e-07,0.9994648106215951,AVISTA,1.0.7,2026-09-19T18:57:12
p,1.0,0.5086222881513073,6.435099828577816e-07,0.9994648106215951,AVISTA,1.0.7,2026-09-19T18:57:12
p,1.0,0.5095671558610441,7.753897893499242e-07,0.9994648106215951,AVISTA,1.0.7,2026-09-19T18:57:12
p,1.0,0.5104205433569036,9.604945286357156e-07,0.9994648106215951,AVISTA,1.0.7,2026-09-19T18:57:12
p,1.0,0.5115628496829541,1.0036434988118324e-06,0.9994648106215951,AVISTA,1.0.7,2026-09-19T18:57:12
p,1.0,0.5125186846038864,1.0701638303295035e-06,0.9994648106215951,AVISTA,1.0.7,2026-09-19T18:57:12
p,1.0,0.5127102803738318,1.2432379817509288e-06,0.9994648106215951,AVISTA,1.0.7,2026-09-19T18:57:12
p,1.0,0.5138628699887599,1.3136225754975567e-06,0.9994648106215951,AVISTA,1.0.7,2026-09-19T18:57:12
p,1.0,0.5144411102775694,1.3462439667369955e-06,0.9994648106215951,AVISTA,1.0.7,2026-09-19T18:57:12
p,1.0,0.5153109148976142,1.4882912792371633e-06,0.9994648106215951,AVISTA,1.0.7,2026-09-19T18:57:12
p,1.0,0.5156984395563076,1.6676255037215952e-06,0.9994648106215951,AVISTA,1.0.7,2026-09-19T18:57:12
p,1.0,0.516864518560392,1.7248688614557065e-06,0.9994648106215951,AVISTA,1.0.7,2026-09-19T18:57:12
p,1.0,0.5180358829084042,1.8580348969410288e-06,0.9994648106215951,AVISTA,1.0.7,2026-09-19T18:57:12
p,1.0,0.5184275184275184,2.0582757065596758e-06,0.9994648106215951,AVISTA,1.0.7,2026-09-19T18:57:12
p,1.0,0.5192125686163165,2.136637277504561e-06,0.9994648106215951,AVISTA,1.0.7,2026-09-19T18:57:12
p,1.0,0.5200985968904057,2.280731304902736e-06,0.9994648106215951,AVISTA,1.0.7,2026-09-19T18:57:12
p,1.0,0.5204933586337761,2.549636294248426e-06,0.9994648106215951,AVISTA,1.0.7,2026-09-19T18:57:12
p,1.0,0.5217804831653035,2.5839934073804568e-06,0.9994648106215951,AVISTA,1.0.7,2026-09-19T18:57:12
p,1.0,0.5223766901542564,2.9947423951767775e-06,0.9994648106215951,AVISTA,1.0.7,2026-09-19T18:57:12
p,1.0,0.5235732009925558,3.537364600198207e-06,0.9994648106215951,AVISTA,1.0.7,2026-09-19T18:57:12
p,1.0,0.5245744884299102,3.7096595812486466e-06,0.9994648106215951,AVISTA,1.0.7,2026-09-19T18:57:12
p,1.0,0.5258819018404908,4.3818182167474525e-06,0.9994648106215951,AVISTA,1.0.7,2026-09-19T18:57:12
p,1.0,0.5269932756964457,4.578665009708145e-06,0.9994648106215951,AVISTA,1.0.7,2026-09-19T18:57:12
p,1.0,0.5281093569503273,5.671700553424893e-06,0.9994648106215951,AVISTA,1.0.7,2026-09-19T18:57:12
p,1.0,0.5295366795366795,6.141615653410216e-06,0.9994648106215951,AVISTA,1.0.7,2026-09-19T18:57:12
p,1.0,0.5308689761950842,7.607761613844362e-06,0.9994648106215951,AVISTA,1.0.7,2026-09-19T18:57:12
p,1.0,0.5320015515903801,7.86890606321289e-06,0.9994648106215951,AVISTA,1.0.7,2026-09-19T18:57:12
p,1.0,0.5327248009322199,9.747392247247886e-06,0.9994648106215951,AVISTA,1.0.7,2026-09-19T18:57:12
p,1.0,0.5340732087227414,1.3662047315150557e-05,0.9994648106215951,AVISTA,1.0.7,2026-09-19T18:57:12
p,1.0,0.5354284598867851,1.609758604203143e-05,0.9994648106215951,AVISTA,1.0.7,2026-09-19T18:57:12
p,1.0,0.5356375707869556,1.6923464182083494e-05,0.9994648106215951,AVISTA,1.0.7,2026-09-19T18:57:12
p,1.0,0.5367906066536203,1.975966627218773e-05,0.9994648106215951,AVISTA,1.0.7,2026-09-19T18:57:12
p,1.0,0.5372111241676459,2.2386998680033475e-05,0.9994648106215951,AVISTA,1.0.7,2026-09-19T18:57:12
p,1.0,0.5375269449343524,2.7948567193863024e-05,0.9994648106215951,AVISTA,1.0.7,2026-09-19T18:57:12
p,1.0,0.5379486173759561,2.8143594118392353e-05,0.9994648106215951,AVISTA,1.0.7,2026-09-19T18:57:12
p,1.0,0.5383709519136408,3.430656436261162e-05,0.9994648106215951,AVISTA,1.0.7,2026-09-19T18:57:12
p,1.0,0.5387939501080338,3.454595627329114e-05,0.9994648106215951,AVISTA,1.0.7,2026-09-19T18:57:12
p,1.0,0.5393236335037358,3.8868041341132796e-05,0.9994648106215951,AVISTA,1.0.7,2026-09-19T18:57:12
p,1.0,0.5399606299212598,3.913926208599934e-05,0.9994648106215951,AVISTA,1.0.7,2026-09-19T18:57:12
p,1.0,0.5403861308116628,4.8862366921538475e-05,0.9994648106215951,AVISTA,1.0.7,2026-09-19T18:57:12
p,1.0,0.5408123028391167,5.997774227994496e-05,0.9994648106215951,AVISTA,1.0.7,2026-09-19T18:57:12
p,1.0,0.5412391475927387,6.79522841302838e-05,0.9994648106215951,AVISTA,1.0.7,2026-09-19T18:57:12
p,1.0,0.5418806795732912,0.00010237204535288207,0.9994648106215951,AVISTA,1.0.7,2026-09-19T18:57:12
p,1.0,0.5425237341772152,0.00012680771148483667,0.9994648106215951,AVISTA,1.0.7,2026-09-19T18:57:12
p,1.0,0.5430607800435557,0.0001436665793534288,0.9994648106215951,AVISTA,1.0.7,2026-09-19T18:57:12
p,1.0,0.5438144329896907,0.00019518548984881747,0.9994648106215951,AVISTA,1.0.7,2026-09-19T18:57:12
p,1.0,0.5444620881302104,0.00024176987787348516,0.9994648106215951,AVISTA,1.0.7,2026-09-19T18:57:12
p,1.0,0.5450029803298232,0.0002739085817397325,0.9994648106215951,AVISTA,1.0.7,2026-09-19T18:57:12
p,1.0,0.5455449482895783,0.000306218872988478,0.9994648106215951,AVISTA,1.0.7,2026-09-19T18:57:12
p,1.0,0.5461967343687774,0.00036870105967713924,0.9994648106215951,AVISTA,1.0.7,2026-09-19T18:57:12
p,1.0,0.5464143426294821,0.00037501904963611893,0.9994648106215951,AVISTA,1.0.7,2026-09-19T18:57:12
p,1.0,0.5482710373775734,0.00037929324221043834,0.9994648106215951,AVISTA,1.0.7,2026-09-19T18:57:12
p,1.0,0.5489293576145687,0.0004231798409837154,0.9994648106215951,AVISTA,1.0.7,2026-09-19T18:57:12
p,1.0,0.5492591109331197,0.00042970520261256036,0.9994648106215951,AVISTA,1.0.7,2026-09-19T18:57:12
p,1.0,0.5499198075380914,0.00045254148760398967,0.9994648106215951,AVISTA,1.0.7,2026-09-19T18:57:12
p,1.0,0.5503611556982343,0.0004645038818695038,0.9994648106215951,AVISTA,1.0.7,2026-09-19T18:57:12
p,1.0,0.552133655394525,0.00048262090859986793,0.9994648106215951,AVISTA,1.0.7,2026-09-19T18:57:12
p,1.0,0.5539176090468497,0.0005126838976609623,0.9994648106215951,AVISTA,1.0.7,2026-09-19T18:57:12
p,1.0,0.5544774610875278,0.0005194019829350767,0.9994648106215951,AVISTA,1.0.7,2026-09-19T18:57:12
p,1.0,0.5550384459732902,0.0005837378283162355,0.9994648106215951,AVISTA,1.0.7,2026-09-19T18:57:12
p,1.0,0.5556005671460401,0.0005884248696338335,0.9994648106215951,AVISTA,1.0.7,2026-09-19T18:57:12
p,1.0,0.5562766173190022,0.0005977657077608512,0.9994648106215951,AVISTA,1.0.7,2026-09-19T18:57:12
p,1.0,0.5579739625711961,0.0006399712369868106,0.9994648106215951,AVISTA,1.0.7,2026-09-19T18:57:12
p,1.0,0.5583146753511093,0.0007229898828948969,0.9994648106215951,AVISTA,1.0.7,2026-09-19T18:57:12
p,1.0,0.5591112922951488,0.0007345030895892055,0.9994648106215951,AVISTA,1.0.7,2026-09-19T18:57:12
p,1.0,0.5595675234598123,0.0007854484212788384,0.9994648106215951,AVISTA,1.0.7,2026-09-19T18:57:12
p,1.0,0.5601388605268531,0.0008190452215768645,0.9994648106215951,AVISTA,1.0.7,2026-09-19T18:57:12
p,1.0,0.5607113654946853,0.0008897945176001997,0.9994648106215951,AVISTA,1.0.7,2026-09-19T18:57:12
p,1.0,0.5612850419480254,0.0009014497119870651,0.9994648106215951,AVISTA,1.0.7,2026-09-19T18:57:12
p,1.0,0.5616298116298116,0.0010211907228939467,0.9994648106215951,AVISTA,1.0.7,2026-09-19T18:57:12
p,1.0,0.5620901639344262,0.001609997535854214,0.9994648106215951,AVISTA,1.0.7,2026-09-19T18:57:12
p,1.0,0.5630131362889984,0.0017786506721806199,0.9994648106215951,AVISTA,1.0.7,2026-09-19T18:57:12
p,1.0,0.5752936241610739,0.001993577951051476,0.9994648106215951,AVISTA,1.0.7,2026-09-19T18:57:12
p,1.0,0.5761394664986348,0.0022023239049392966,0.9994648106215951,AVISTA,1.0.7,2026-09-19T18:57:12
p,1.0,0.588752951277098,0.002258060236982265,0.9994648106215951,AVISTA,1.0.7,2026-09-19T18:57:12
p,1.0,0.5897656417974629,0.002302943128549083,0.9994648106215951,AVISTA,1.0.7,2026-09-19T18:57:12
p,1.0,0.5902732945986658,0.0027785178097693834,0.9994648106215951,AVISTA,1.0.7,2026-09-19T18:57:12
p,1.0,0.5926966292134831,0.002851145721493675,0.9994648106215951,AVISTA,1.0.7,2026-09-19T18:57:12
p,1.0,0.5933376595284447,0.0030529018347446027,0.9994648106215951,AVISTA,1.0.7,2026-09-19T18:57:12
p,1.0,0.6077996897850654,0.0032290309670959007,0.9994648106215951,AVISTA,1.0.7,2026-09-19T18:57:12
p,1.0,0.6086088307077879,0.003236452284772178,0.9994648106215951,AVISTA,1.0.7,2026-09-19T18:57:12
p,1.0,0.6088790233074362,0.0033860800301173605,0.9994648106215951,AVISTA,1.0.7,2026-09-19T18:57:12
p,1.0,0.6198870056497175,0.003408467778771373,0.9994648106215951,AVISTA,1.0.7,2026-09-19T18:57:12
p,1.0,0.6228428701180745,0.0037789516694555214,0.9994648106215951,AVISTA,1.0.7,2026-09-19T18:57:12
p,1.0,0.636574611278719,0.0040059792053306975,0.9994648106215951,AVISTA,1.0.7,2026-09-19T18:57:12
p,1.0,0.6368702112839564,0.004191034151408445,0.9994648106215951,AVISTA,1.0.7,2026-09-19T18:57:12
p,1.0,0.653250773993808,0.004483810015410389,0.9994648106215951,AVISTA,1.0.7,2026-09-19T18:57:12
p,1.0,0.6566914053148193,0.0048014657641574825,0.9994648106215951,AVISTA,1.0.7,2026-09-19T18:57:12
p,1.0,0.6576360584991608,0.0054982548463080975,0.9994648106215951,AVISTA,1.0.7,2026-09-19T18:57:12
p,1.0,0.6612825458052073,0.005517580311503003,0.9994648106215951,AVISTA,1.0.7,2026-09-19T18:57:12
p,1.0,0.6620806179097273,0.005940885993539023,0.9994648106215951,AVISTA,1.0.7,2026-09-19T18:57:12
p,1.0,0.6632011605415861,0.006017780562763173,0.9994648106215951,AVISTA,1.0.7,2026-09-19T18:57:12
p,1.0,0.6659383345472202,0.00607249127340191,0.9994648106215951,AVISTA,1.0.7,2026-09-19T18:57:12
p,1.0,0.6693509028794534,0.006325679330114209,0.9994648106215951,AVISTA,1.0.7,2026-09-19T18:57:12
p,1.0,0.6719745222929936,0.00638317132903363,0.9994648106215951,AVISTA,1.0.7,2026-09-19T18:57:12
p,1.0,0.6742871189773845,0.006725517308400469,0.9994648106215951,AVISTA,1.0.7,2026-09-19T18:57:12
p,1.0,0.6752831117676021,0.006764322499877277,0.9994648106215951,AVISTA,1.0.7,2026-09-19T18:57:12
p,1.0,0.6761153561745132,0.006858588302183712,0.9994648106215951,AVISTA,1.0.7,2026-09-19T18:57:12
p,1.0,0.67745122252408,0.007443681594349555,0.9994648106215951,AVISTA,1.0.7,2026-09-19T18:57:12
p,1.0,0.6803075396825397,0.007656869948049075,0.9994648106215951,AVISTA,1.0.7,2026-09-19T18:57:12
p,1.0,0.6811522224981376,0.007823962096207308,0.9994648106215951,AVISTA,1.0.7,2026-09-19T18:57:12
p,1.0,0.6836989032901296,0.008267141726631408,0.9994648106215951,AVISTA,1.0.7,2026-09-19T18:57:12
p,1.0,0.6871242484969939,0.008425109604159322,0.9994648106215951,AVISTA,1.0.7,2026-09-19T18:57:12
p,1.0,0.6904102693178958,0.008482016957293767,0.9994648106215951,AVISTA,1.0.7,2026-09-19T18:57:12
p,1.0,0.6914544996218805,0.00885508168285024,0.9994648106215951,AVISTA,1.0.7,2026-09-19T18:57:12
p,1.0,0.6942546190837763,0.009540958659928843,0.9994648106215951,AVISTA,1.0.7,2026-09-19T18:57:12
p,1.0,0.6951343132285859,0.00959902252226355,0.9994648106215951,AVISTA,1.0.7,2026-09-19T18:57:12
p,1.0,0.696546470289487,0.009606898344827199,0.9994648106215951,AVISTA,1.0.7,2026-09-19T18:57:12
p,1.0,0.6972547025927809,0.009620942753132553,0.9994648106215951,AVISTA,1.0.7,2026-09-19T18:57:12
p,1.0,0.6974319857615052,0.010128841880387048,0.9994648106215951,AVISTA,1.0.7,2026-09-19T18:57:12
p,1.0,0.7020732019452265,0.010587160955917023,0.9994648106215951,AVISTA,1.0.7,2026-09-19T18:57:12
p,1.0,0.705685618729097,0.01168613295521665,0.9994648106215951,AVISTA,1.0.7,2026-09-19T18:57:12
p,1.0,0.7062306900102987,0.011732345991398274,0.9994648106215951,AVISTA,1.0.7,2026-09-19T18:57:12
p,1.0,0.7065945388974755,0.011766722284985933,0.9994648106215951,AVISTA,1.0.7,2026-09-19T18:57:12
p,1.0,0.707688338493292,0.011890392811210121,0.9994648106215951,AVISTA,1.0.7,2026-09-19T18:57:12
p,1.0,0.7078709677419355,0.012964482780952455,0.9994648106215951,AVISTA,1.0.7,2026-09-19T18:57:12
p,1.0,0.7115434500648509,0.013219466146674139,0.9994648106215951,AVISTA,1.0.7,2026-09-19T18:57:12
p,1.0,0.7120976116303219,0.013296117170917275,0.9994648106215951,AVISTA,1.0.7,2026-09-19T18:57:12
p,1.0,0.7160010441138084,0.013310487162054145,0.9994648106215951,AVISTA,1.0.7,2026-09-19T18:57:12
p,1.0,0.7165621734587252,0.013564444166735952,0.9994648106215951,AVISTA,1.0.7,2026-09-19T18:57:12
p,1.0,0.7167494120721192,0.014492559310955305,0.9994648106215951,AVISTA,1.0.7,2026-09-19T18:57:12
p,1.0,0.7169367485624674,0.015421131643639214,0.9994648106215951,AVISTA,1.0.7,2026-09-19T18:57:12
p,1.0,0.7361782071927,0.016271724839871663,0.9994648106215951,AVISTA,1.0.7,2026-09-19T18:57:12
p,1.0,0.7413513513513513,0.016562515077854677,0.9994648106215951,AVISTA,1.0.7,2026-09-19T18:57:12
p,1.0,0.7423545331529093,0.016748381781997546,0.9994648106215951,AVISTA,1.0.7,2026-09-19T18:57:12
p,1.0,0.7425554953979426,0.017003228129113937,0.9994648106215951,AVISTA,1.0.7,2026-09-19T18:57:12
p,1.0,0.7472078452737674,0.018509254380117867,0.9994648106215951,AVISTA,1.0.7,2026-09-19T18:57:12
p,1.0,0.749248839114996,0.018933206339209953,0.9994648106215951,AVISTA,1.0.7,2026-09-19T18:57:12
p,1.0,0.7494535519125683,0.019032474756405623,0.9994648106215951,AVISTA,1.0.7,2026-09-19T18:57:12
p,1.0,0.7702892445942151,0.019068386049259842,0.9994648106215951,AVISTA,1.0.7,2026-09-19T18:57:12
p,1.0,0.7737658674188999,0.020254121671663607,0.9994648106215951,AVISTA,1.0.7,2026-09-19T18:57:12
p,1.0,0.774639932222536,0.020790988226855316,0.9994648106215951,AVISTA,1.0.7,2026-09-19T18:57:12
p,1.0,0.7799260733579756,0.02282701195821311,0.9994648106215951,AVISTA,1.0.7,2026-09-19T18:57:12
p,1.0,0.7812589005981202,0.022885625202897816,0.9994648106215951,AVISTA,1.0.7,2026-09-19T18:57:12
p,1.0,0.7825962910128388,0.02351345066989686,0.9994648106215951,AVISTA,1.0.7,2026-09-19T18:57:12
p,1.0,0.7864105504587156,0.02440859190228373,0.9994648106215951,AVISTA,1.0.7,2026-09-19T18:57:12
p,1.0,0.7893525179856115,0.02621240629147609,0.9994648106215951,AVISTA,1.0.7,2026-09-19T18:57:12
p,1.0,0.8120189461219657,0.02899957395184768,0.9994648106215951,AVISTA,1.0.7,2026-09-19T18:57:12
p,1.0,0.835770871419866,0.03006037266606223,0.9994648106215951,AVISTA,1.0.7,2026-09-19T18:57:12
p,1.0,0.8396082032445669,0.031020976904690283,0.9994648106215951,AVISTA,1.0.7,2026-09-19T18:57:12
p,1.0,0.8398652786282915,0.031020976904690297,0.9994648106215951,AVISTA,1.0.7,2026-09-19T18:57:12
p,1.0,0.8460826650215916,0.03226804353194455,0.9994648106215951,AVISTA,1.0.7,2026-09-19T18:57:12
p,1.0,0.8746811224489796,0.03429981033621861,0.9994648106215951,AVISTA,1.0.7,2026-09-19T18:57:12
p,1.0,0.8749601275917065,0.03567551799451155,0.9994648106215951,AVISTA,1.0.7,2026-09-19T18:57:12
p,1.0,0.9055793991416309,0.03781131497624648,0.9994648106215951,AVISTA,1.0.7,2026-09-19T18:57:12
p,1.0,0.913724183877415,0.04116297943459678,0.9994648106215951,AVISTA,1.0.7,2026-09-19T18:57:12
p,1.0,0.9140286571142953,0.04214295622801797,0.9994648106215951,AVISTA,1.0.7,2026-09-19T18:57:12
p,1.0,0.9143333333333333,0.04786992922453432,0.9994648106215951,AVISTA,1.0.7,2026-09-19T18:57:12
p,1.0,0.9146382127375792,0.049204576018375225,0.9994648106215951,AVISTA,1.0.7,2026-09-19T18:57:12
p,1.0,0.9213973799126638,0.05752993537244092,0.9994648106215951,AVISTA,1.0.7,2026-09-19T18:57:12
p,1.0,0.9217069892473119,0.05902964517863367,0.9994648106215951,AVISTA,1.0.7,2026-09-19T18:57:12
p,1.0,0.922016806722689,0.059729859938144995,0.9994648106215951,AVISTA,1.0.7,2026-09-19T18:57:12
p,1.0,0.9295154185022027,0.06753308093383405,0.9994648106215951,AVISTA,1.0.7,2026-09-19T18:57:12
p,1.0,0.9323589394969408,0.07029830326294613,0.9994648106215951,AVISTA,1.0.7,2026-09-19T18:57:12
p,1.0,0.9326759605576335,0.07583929541779952,0.9994648106215951,AVISTA,1.0.7,2026-09-19T18:57:12
p,1.0,0.9358580689184579,0.08232764220709399,0.9994648106215951,AVISTA,1.0.7,2026-09-19T18:57:12
p,1.0,0.9384194320903182,0.0879176205633642,0.9994648106215951,AVISTA,1.0.7,2026-09-19T18:57:12
p,1.0,0.9387405886379192,0.08865051626660357,0.9994648106215951,AVISTA,1.0.7,2026-09-19T18:57:12
p,1.0,0.9390619650804519,0.10059121331594083,0.9994648106215951,AVISTA,1.0.7,2026-09-19T18:57:12
p,1.0,0.9393835616438356,0.10783957471922001,0.9994648106215951,AVISTA,1.0.7,2026-09-19T18:57:12
p,1.0,0.9397053785542994,0.11916016941831786,0.9994648106215951,AVISTA,1.0.7,2026-09-19T18:57:12
p,1.0,0.9400274160383825,0.12360189784560162,0.9994648106215951,AVISTA,1.0.7,2026-09-19T18:57:12
p,1.0,0.9435844513243894,0.127333046977027,0.9994648106215951,AVISTA,1.0.7,2026-09-19T18:57:12
p,1.0,0.9445592286501377,0.13023091104173698,0.9994648106215951,AVISTA,1.0.7,2026-09-19T18:57:12
p,1.0,0.9448846021357217,0.13566756722898998,0.9994648106215951,AVISTA,1.0.7,2026-09-19T18:57:12
p,1.0,0.945210199862164,0.13771075093153193,0.9994648106215951,AVISTA,1.0.7,2026-09-19T18:57:12
p,1.0,0.9474956822107081,0.1450358668279868,0.9994648106215951,AVISTA,1.0.7,2026-09-19T18:57:12
p,1.0,0.9478230822391154,0.1473865130791301,0.9994648106215951,AVISTA,1.0.7,2026-09-19T18:57:12
p,1.0,0.9481507086069824,0.1519006916291481,0.9994648106215951,AVISTA,1.0.7,2026-09-19T18:57:12
p,1.0,0.9494634821737625,0.15260727906248137,0.9994648106215951,AVISTA,1.0.7,2026-09-19T18:57:12
p,0.996718920889537,0.9493055555555555,0.16377452526269493,0.9994648106215951,AVISTA,1.0.7,2026-09-19T18:57:12
p,0.996718920889537,0.9496352900312609,0.16515623727018672,0.9994648106215951,AVISTA,1.0.7,2026-09-19T18:57:12
p,0.996718920889537,0.9519498607242339,0.16869132974401568,0.9994648106215951,AVISTA,1.0.7,2026-09-19T18:57:12
p,0.996718920889537,0.9536100453435647,0.17708399858187854,0.9994648106215951,AVISTA,1.0.7,2026-09-19T18:57:12
p,0.996718920889537,0.9546089385474861,0.2021292207509557,0.9994648106215951,AVISTA,1.0.7,2026-09-19T18:57:12
p,0.996718920889537,0.956278419027632,0.21046125568592527,0.9994648106215951,AVISTA,1.0.7,2026-09-19T18:57:12
p,0.996718920889537,0.9582895198037154,0.2111393781857489,0.9994648106215951,AVISTA,1.0.7,2026-09-19T18:57:12
p,0.996718920889537,0.9589617678007717,0.2119084594323474,0.9994648106215951,AVISTA,1.0.7,2026-09-19T18:57:12
p,0.996718920889537,0.9592982456140351,0.22542372774144037,0.9994648106215951,AVISTA,1.0.7,2026-09-19T18:57:12
p,0.996718920889537,0.9596349596349596,0.237205408656189,0.9994648106215951,AVISTA,1.0.7,2026-09-19T18:57:12
p,0.996718920889537,0.960646521433591,0.23819735571042552,0.9994648106215951,AVISTA,1.0.7,2026-09-19T18:57:12
p,0.993073277433467,0.9605077574047954,0.24899330386678026,0.9994648106215951,AVISTA,1.0.7,2026-09-19T18:57:12
p,0.993073277433467,0.9608465608465608,0.2498565969866189,0.9994648106215951,AVISTA,1.0.7,2026-09-19T18:57:12
p,0.993073277433467,0.9611856033874383,0.26052876316339124,0.9994648106215951,AVISTA,1.0.7,2026-09-19T18:57:12
p,0.993073277433467,0.9628844114528102,0.2632087570963139,0.9994648106215951,AVISTA,1.0.7,2026-09-19T18:57:12
p,0.993073277433467,0.9632248939179632,0.27397709568115625,0.9994648106215951,AVISTA,1.0.7,2026-09-19T18:57:12
p,0.993073277433467,0.9635656172621153,0.28812315196841803,0.9994648106215951,AVISTA,1.0.7,2026-09-19T18:57:12
p,0.993073277433467,0.9639065817409767,0.30649237359740905,0.9994648106215951,AVISTA,1.0.7,2026-09-19T18:57:12
p,0.993073277433467,0.9642477876106195,0.32258985813661295,0.9994648106215951,AVISTA,1.0.7,2026-09-19T18:57:12
p,0.993073277433467,0.9645892351274787,0.3315314550317506,0.9994648106215951,AVISTA,1.0.7,2026-09-19T18:57:12
p,0.993073277433467,0.9673295454545454,0.3378481084182138,0.9994648106215951,AVISTA,1.0.7,2026-09-19T18:57:12
p,0.993073277433467,0.9676731793960923,0.3537749708964573,0.9994648106215951,AVISTA,1.0.7,2026-09-19T18:57:12
p,0.993073277433467,0.9680170575692963,0.3554364176974848,0.9994648106215951,AVISTA,1.0.7,2026-09-19T18:57:12
p,0.993073277433467,0.9683611802346249,0.38055716077113333,0.9994648106215951,AVISTA,1.0.7,2026-09-19T18:57:12
p,0.993073277433467,0.9704310651941574,0.39841399737905664,0.9994648106215951,AVISTA,1.0.7,2026-09-19T18:57:12
p,0.993073277433467,0.9707769066286529,0.40585089278484565,0.9994648106215951,AVISTA,1.0.7,2026-09-19T18:57:12
p,0.993073277433467,0.9711229946524064,0.4172735776954194,0.9994648106215951,AVISTA,1.0.7,2026-09-19T18:57:12
p,0.993073277433467,0.9714693295292439,0.4446821604755555,0.9994648106215951,AVISTA,1.0.7,2026-09-19T18:57:12
p,0.993073277433467,0.9721627408993576,0.44791553599791867,0.9994648106215951,AVISTA,1.0.7,2026-09-19T18:57:12
p,0.993073277433467,0.9759942672877105,0.4979754513661996,0.9994648106215951,AVISTA,1.0.7,2026-09-19T18:57:12
p,0.993073277433467,0.9763440860215054,0.5012465583835087,0.9994648106215951,AVISTA,1.0.7,2026-09-19T18:57:12
p,0.993073277433467,0.9798561151079137,0.5317173709409091,0.9994648106215951,AVISTA,1.0.7,2026-09-19T18:57:12
p,0.991979584396646,0.9798343536190133,0.5339839092251953,0.9994648106215951,AVISTA,1.0.7,2026-09-19T18:57:12
p,0.991250455705432,0.9798198198198198,0.5491048671335493,0.9994648106215951,AVISTA,1.0.7,2026-09-19T18:57:12
p,0.991250455705432,0.9801730353280461,0.5509016282699468,0.9994648106215951,AVISTA,1.0.7,2026-09-19T18:57:12
p,0.991250455705432,0.9805265055896142,0.5797859709876166,0.9994648106215951,AVISTA,1.0.7,2026-09-19T18:57:12
p,0.991250455705432,0.9808802308802309,0.5823477182763743,0.9994648106215951,AVISTA,1.0.7,2026-09-19T18:57:12
p,0.991250455705432,0.9844315713251267,0.585377790215794,0.9994648106215951,AVISTA,1.0.7,2026-09-19T18:57:12
p,0.991250455705432,0.9847881202462876,0.6030995832595557,0.9994648106215951,AVISTA,1.0.7,2026-09-19T18:57:12
p,0.991250455705432,0.9851449275362318,0.6180099398134077,0.9994648106215951,AVISTA,1.0.7,2026-09-19T18:57:12
p,0.990521327014218,0.9851341551849166,0.6201571802611299,0.9994648106215951,AVISTA,1.0.7,2026-09-19T18:57:12
p,0.989792198323004,0.9851233671988389,0.6325651321061282,0.9994648106215951,AVISTA,1.0.7,2026-09-19T18:57:12
p,0.989792198323004,0.985480943738657,0.6333234421486147,0.9994648106215951,AVISTA,1.0.7,2026-09-19T18:57:12
p,0.989792198323004,0.9883509282854023,0.6338691592569063,0.9994648106215951,AVISTA,1.0.7,2026-09-19T18:57:12
p,0.987969376594969,0.9883296863603209,0.6362147124419368,0.9994648106215951,AVISTA,1.0.7,2026-09-19T18:57:12
p,0.987969376594969,0.9886902590295512,0.6473262678445909,0.9994648106215951,AVISTA,1.0.7,2026-09-19T18:57:12
p,0.986875683558148,0.9886778670562454,0.6494022026570989,0.9994648106215951,AVISTA,1.0.7,2026-09-19T18:57:12
p,0.985781990521327,0.9886654478976235,0.6515716526814075,0.9994648106215951,AVISTA,1.0.7,2026-09-19T18:57:12
p,0.98541742617572,0.9886613021214338,0.6557291186018706,0.9994648106215951,AVISTA,1.0.7,2026-09-19T18:57:12
p,0.98541742617572,0.9904727006229388,0.664589071306474,0.9994648106215951,AVISTA,1.0.7,2026-09-19T18:57:12
p,0.98541742617572,0.9908357771260997,0.6819904879139436,0.9994648106215951,AVISTA,1.0.7,2026-09-19T18:57:12
p,0.983594604447685,0.9908189496878443,0.68913426534247,0.9994648106215951,AVISTA,1.0.7,2026-09-19T18:57:12
p,0.979948960991615,0.9907851087357169,0.6942432953593987,0.9994648106215951,AVISTA,1.0.7,2026-09-19T18:57:12
p,0.979219832300401,0.9907783105864995,0.7023265936497792,0.9994648106215951,AVISTA,1.0.7,2026-09-19T18:57:12
p,0.979219832300401,0.9944465012958164,0.7026024532617335,0.9994648106215951,AVISTA,1.0.7,2026-09-19T18:57:12
p,0.9744804958075101,0.9944196428571429,0.7077779630183675,0.9994648106215951,AVISTA,1.0.7,2026-09-19T18:57:12
p,0.9744804958075101,0.9966442953020134,0.7140809129308973,0.9994648106215951,AVISTA,1.0.7,2026-09-19T18:57:12
p,0.9744804958075101,0.9970160387914957,0.71880485735381,0.9994648106215951,AVISTA,1.0.7,2026-09-19T18:57:12
p,0.9730222384250821,0.9970115801270079,0.7240973139698935,0.9994648106215951,AVISTA,1.0.7,2026-09-19T18:57:12
p,0.972657674079475,0.9970104633781763,0.7330509981770295,0.9994648106215951,AVISTA,1.0.7,2026-09-19T18:57:12
p,0.968282901932191,0.996996996996997,0.7348407343742079,0.9994648106215951,AVISTA,1.0.7,2026-09-19T18:57:12
p,0.9679183375865841,0.9969958693203155,0.7388746295943949,0.9994648106215951,AVISTA,1.0.7,2026-09-19T18:57:12
p,0.9679183375865841,0.9973703981968445,0.7500162829645469,0.9994648106215951,AVISTA,1.0.7,2026-09-19T18:57:12
p,0.9679183375865841,0.9992472713586752,0.7503650672319289,0.9994648106215951,AVISTA,1.0.7,2026-09-19T18:57:12
p,0.966824644549763,0.9992464204973625,0.753906422832879,0.9994648106215951,AVISTA,1.0.7,2026-09-19T18:57:12
p,0.9664600802041561,0.9992461364493027,0.7599898092410379,0.9994648106215951,AVISTA,1.0.7,2026-09-19T18:57:12
p,0.9657309515129421,0.999245567710298,0.7620892283904398,0.9994648106215951,AVISTA,1.0.7,2026-09-19T18:57:12
p,0.965366387167335,0.999245283018868,0.7725788331372462,0.9994648106215951,AVISTA,1.0.7,2026-09-19T18:57:12
p,0.964637258476121,0.9992447129909365,0.7736601747134981,0.9994648106215951,AVISTA,1.0.7,2026-09-19T18:57:12
p,0.9620853080568721,0.9992427110942824,0.7741747001540313,0.9994648106215951,AVISTA,1.0.7,2026-09-19T18:57:12
p,0.960991615020051,0.9992418498862775,0.7820177564561792,0.9994648106215951,AVISTA,1.0.7,2026-09-19T18:57:12
p,0.95989792198323,0.9992409867172676,0.788289040044037,0.9994648106215951,AVISTA,1.0.7,2026-09-19T18:57:12
p,0.958804228946409,0.9992401215805471,0.7938668116880582,0.9994648106215951,AVISTA,1.0.7,2026-09-19T18:57:12
p,0.957345971563981,0.9992389649923896,0.8089462725755712,0.9994648106215951,AVISTA,1.0.7,2026-09-19T18:57:12
p,0.955887714181553,0.9992378048780488,0.8112999631978978,0.9994648106215951,AVISTA,1.0.7,2026-09-19T18:57:12
p,0.955523149835946,0.9992375142966069,0.8174510792135732,0.9994648106215951,AVISTA,1.0.7,2026-09-19T18:57:12
p,0.954794021144732,0.9992369324685234,0.8176857434537489,0.9994648106215951,AVISTA,1.0.7,2026-09-19T18:57:12
p,0.954794021144732,0.999618320610687,0.8256690697798973,0.9994648106215951,AVISTA,1.0.7,2026-09-19T18:57:12
p,0.950419248997448,0.9996165644171779,0.8267083289779407,0.9994648106215951,AVISTA,1.0.7,2026-09-19T18:57:12
p,0.9485964272694131,0.9996158278908951,0.8275008773837538,0.9994648106215951,AVISTA,1.0.7,2026-09-19T18:57:12
p,0.946044476850164,0.9996147919876733,0.839938368544268,0.9994648106215951,AVISTA,1.0.7,2026-09-19T18:57:12
p,0.9456799125045571,0.9996146435452794,0.8459518741549078,0.9994648106215951,AVISTA,1.0.7,2026-09-19T18:57:12
p,0.9449507838133431,0.9996143463170073,0.847134740709147,0.9994648106215951,AVISTA,1.0.7,2026-09-19T18:57:12
p,0.9442216551221291,0.9996140486298727,0.8472580579264236,0.9994648106215951,AVISTA,1.0.7,2026-09-19T18:57:12
p,0.9427633977397011,0.9996134518747584,0.8474615556392052,0.9994648106215951,AVISTA,1.0.7,2026-09-19T18:57:12
p,0.9427633977397011,1.0,0.8514976661936529,0.9994648106215951,AVISTA,1.0.7,2026-09-19T18:57:12
p,0.9391177542836311,1.0,0.8570130652448528,0.9994648106215951,AVISTA,1.0.7,2026-09-19T18:57:12
p,0.938753189938024,1.0,0.8581252421540951,0.9994648106215951,AVISTA,1.0.7,2026-09-19T18:57:12
p,0.9376594969012031,1.0,0.8669809539859917,0.9994648106215951,AVISTA,1.0.7,2026-09-19T18:57:12
p,0.9340138534451331,1.0,0.8686755086669202,0.9994648106215951,AVISTA,1.0.7,2026-09-19T18:57:12
p,0.9296390812978491,1.0,0.8689794560947623,0.9994648106215951,AVISTA,1.0.7,2026-09-19T18:57:12
p,0.9256288734961721,1.0,0.8699030310536536,0.9994648106215951,AVISTA,1.0.7,2026-09-19T18:57:12
p,0.9238060517681371,1.0,0.8765847493418637,0.9994648106215951,AVISTA,1.0.7,2026-09-19T18:57:12
p,0.9201604083120671,1.0,0.8860366412901436,0.9994648106215951,AVISTA,1.0.7,2026-09-19T18:57:12
p,0.918702150929639,1.0,0.8876168313560213,0.9994648106215951,AVISTA,1.0.7,2026-09-19T18:57:12
p,0.917973022238425,1.0,0.88979092754474,0.9994648106215951,AVISTA,1.0.7,2026-09-19T18:57:12
p,0.915056507473569,1.0,0.8912313569777759,0.9994648106215951,AVISTA,1.0.7,2026-09-19T18:57:12
p,0.9110462996718921,1.0,0.8914896205998107,0.9994648106215951,AVISTA,1.0.7,2026-09-19T18:57:12
p,0.9074006562158221,1.0,0.8915765708197306,0.9994648106215951,AVISTA,1.0.7,2026-09-19T18:57:12
p,0.9022967553773241,1.0,0.8922741902787266,0.9994648106215951,AVISTA,1.0.7,2026-09-19T18:57:12
p,0.9004739336492891,1.0,0.8956079730314591,0.9994648106215951,AVISTA,1.0.7,2026-09-19T18:57:12
p,0.9001093693036821,1.0,0.8964562218372375,0.9994648106215951,AVISTA,1.0.7,2026-09-19T18:57:12
p,0.8990156762668611,1.0,0.9014506179469952,0.9994648106215951,AVISTA,1.0.7,2026-09-19T18:57:12
p,0.8960991615020051,1.0,0.9026084290317298,0.9994648106215951,AVISTA,1.0.7,2026-09-19T18:57:12
p,0.8924535180459351,1.0,0.903346425065834,0.9994648106215951,AVISTA,1.0.7,2026-09-19T18:57:12
p,0.8913598250091141,1.0,0.9059335010977349,0.9994648106215951,AVISTA,1.0.7,2026-09-19T18:57:12
p,0.8899015676266862,1.0,0.9064438182681528,0.9994648106215951,AVISTA,1.0.7,2026-09-19T18:57:12
p,0.8888078745898651,1.0,0.9072131411717508,0.9994648106215951,AVISTA,1.0.7,2026-09-19T18:57:12
p,0.8880787458986511,1.0,0.90726668020709,0.9994648106215951,AVISTA,1.0.7,2026-09-19T18:57:12
p,0.8869850528618302,1.0,0.9087704985299672,0.9994648106215951,AVISTA,1.0.7,2026-09-19T18:57:12
p,0.8858913598250091,1.0,0.9109252981706343,0.9994648106215951,AVISTA,1.0.7,2026-09-19T18:57:12
p,0.8826102807145462,1.0,0.9198736657403092,0.9994648106215951,AVISTA,1.0.7,2026-09-19T18:57:12
p,0.8796937659496901,1.0,0.9204923567249562,0.9994648106215951,AVISTA,1.0.7,2026-09-19T18:57:12
p,0.8789646372584761,1.0,0.9250340733311937,0.9994648106215951,AVISTA,1.0.7,2026-09-19T18:57:12
p,0.8767772511848341,1.0,0.9268356613238612,0.9994648106215951,AVISTA,1.0.7,2026-09-19T18:57:12
p,0.8734961720743711,1.0,0.9286060840172203,0.9994648106215951,AVISTA,1.0.7,2026-09-19T18:57:12
p,0.8705796573095151,1.0,0.9291625405214796,0.9994648106215951,AVISTA,1.0.7,2026-09-19T18:57:12
p,0.8694859642726941,1.0,0.9320322718115479,0.9994648106215951,AVISTA,1.0.7,2026-09-19T18:57:12
p,0.8672985781990521,1.0,0.932743495481276,0.9994648106215951,AVISTA,1.0.7,2026-09-19T18:57:12
p,0.8665694495078381,1.0,0.9333124639493591,0.9994648106215951,AVISTA,1.0.7,2026-09-19T18:57:12
p,0.8658403208166241,1.0,0.9348630665100139,0.9994648106215951,AVISTA,1.0.7,2026-09-19T18:57:12
p,0.8618301130149472,1.0,0.9407114415105176,0.9994648106215951,AVISTA,1.0.7,2026-09-19T18:57:12
p,0.8600072912869121,1.0,0.94361018659385,0.9994648106215951,AVISTA,1.0.7,2026-09-19T18:57:12
p,0.8567262121764492,1.0,0.9444026486596683,0.9994648106215951,AVISTA,1.0.7,2026-09-19T18:57:12
p,0.8552679547940212,1.0,0.9447796100553975,0.9994648106215951,AVISTA,1.0.7,2026-09-19T18:57:12
p,0.8505286183011301,1.0,0.9449185851876932,0.9994648106215951,AVISTA,1.0.7,2026-09-19T18:57:12
p,0.8476121035362741,1.0,0.9453405296310474,0.9994648106215951,AVISTA,1.0.7,2026-09-19T18:57:12
p,0.8457892818082392,1.0,0.9461484028991721,0.9994648106215951,AVISTA,1.0.7,2026-09-19T18:57:12
p,0.8443310244258112,1.0,0.9464437300491876,0.9994648106215951,AVISTA,1.0.7,2026-09-19T18:57:12
p,0.8417790740065622,1.0,0.9468691115487119,0.9994648106215951,AVISTA,1.0.7,2026-09-19T18:57:12
p,0.8403208166241342,1.0,0.9471795490331844,0.9994648106215951,AVISTA,1.0.7,2026-09-19T18:57:12
p,0.8399562522785271,1.0,0.9476332495102578,0.9994648106215951,AVISTA,1.0.7,2026-09-19T18:57:12
p,0.8392271235873131,1.0,0.9512195375943318,0.9994648106215951,AVISTA,1.0.7,2026-09-19T18:57:12
p,0.8363106088224571,1.0,0.9515842342399256,0.9994648106215951,AVISTA,1.0.7,2026-09-19T18:57:12
p,0.8344877870944222,1.0,0.9519004976666954,0.9994648106215951,AVISTA,1.0.7,2026-09-19T18:57:12
p,0.8301130149471382,1.0,0.9533338917704338,0.9994648106215951,AVISTA,1.0.7,2026-09-19T18:57:12
p,0.8290193219103171,1.0,0.9539773923986299,0.9994648106215951,AVISTA,1.0.7,2026-09-19T18:57:12
p,0.8264673714910682,1.0,0.9549420848681021,0.9994648106215951,AVISTA,1.0.7,2026-09-19T18:57:12
p,0.8224571636893911,1.0,0.9550567004027167,0.9994648106215951,AVISTA,1.0.7,2026-09-19T18:57:12
p,0.8184469558877142,1.0,0.9554046482956786,0.9994648106215951,AVISTA,1.0.7,2026-09-19T18:57:12
p,0.8169886985052862,1.0,0.9560706849852018,0.9994648106215951,AVISTA,1.0.7,2026-09-19T18:57:12
p,0.8162595698140722,1.0,0.956314109875517,0.9994648106215951,AVISTA,1.0.7,2026-09-19T18:57:12
p,0.8144367480860372,1.0,0.9566646835150856,0.9994648106215951,AVISTA,1.0.7,2026-09-19T18:57:12
p,0.8137076193948232,1.0,0.959158100837578,0.9994648106215951,AVISTA,1.0.7,2026-09-19T18:57:12
p,0.8115202333211812,1.0,0.9602467096529813,0.9994648106215951,AVISTA,1.0.7,2026-09-19T18:57:12
p,0.8082391542107182,1.0,0.9608068454788566,0.9994648106215951,AVISTA,1.0.7,2026-09-19T18:57:12
p,0.8038643820634342,1.0,0.9612424635622647,0.9994648106215951,AVISTA,1.0.7,2026-09-19T18:57:12
p,0.8002187386073643,1.0,0.9615550777297893,0.9994648106215951,AVISTA,1.0.7,2026-09-19T18:57:12
p,0.7991250455705432,1.0,0.9615607229377021,0.9994648106215951,AVISTA,1.0.7,2026-09-19T18:57:12
p,0.7827196500182282,1.0,0.9619854245087895,0.9994648106215951,AVISTA,1.0.7,2026-09-19T18:57:12
p,0.7808968282901932,1.0,0.9625016846995538,0.9994648106215951,AVISTA,1.0.7,2026-09-19T18:57:12
p,0.7801676995989792,1.0,0.9628289407864755,0.9994648106215951,AVISTA,1.0.7,2026-09-19T18:57:12
p,0.7794385709077652,1.0,0.9647477674919732,0.9994648106215951,AVISTA,1.0.7,2026-09-19T18:57:12
p,0.7768866204885162,1.0,0.9651906455283343,0.9994648106215951,AVISTA,1.0.7,2026-09-19T18:57:12
p,0.7743346700692673,1.0,0.9666525316546141,0.9994648106215951,AVISTA,1.0.7,2026-09-19T18:57:12
p,0.7736055413780533,1.0,0.9669448064700158,0.9994648106215951,AVISTA,1.0.7,2026-09-19T18:57:12
p,0.7732409770324462,1.0,0.9682585524354902,0.9994648106215951,AVISTA,1.0.7,2026-09-19T18:57:12
p,0.7717827196500182,1.0,0.9687370812523147,0.9994648106215951,AVISTA,1.0.7,2026-09-19T18:57:12
p,0.7582938388625592,1.0,0.9696121738174388,0.9994648106215951,AVISTA,1.0.7,2026-09-19T18:57:12
p,0.7561064527889172,1.0,0.9717092599117613,0.9994648106215951,AVISTA,1.0.7,2026-09-19T18:57:12
p,0.7535545023696683,1.0,0.9724485363493233,0.9994648106215951,AVISTA,1.0.7,2026-09-19T18:57:12
p,0.7517316806416332,1.0,0.9725793555367159,0.9994648106215951,AVISTA,1.0.7,2026-09-19T18:57:12
p,0.7495442945679912,1.0,0.9742179979997091,0.9994648106215951,AVISTA,1.0.7,2026-09-19T18:57:12
p,0.7488151658767772,1.0,0.9749463348282228,0.9994648106215951,AVISTA,1.0.7,2026-09-19T18:57:12
p,0.7451695224207072,1.0,0.9753239542465929,0.9994648106215951,AVISTA,1.0.7,2026-09-19T18:57:12
p,0.7433467006926723,1.0,0.9762129900326696,0.9994648106215951,AVISTA,1.0.7,2026-09-19T18:57:12
p,0.7415238789646372,1.0,0.9764663006037118,0.9994648106215951,AVISTA,1.0.7,2026-09-19T18:57:12
p,0.7411593146190303,1.0,0.9766746378659206,0.9994648106215951,AVISTA,1.0.7,2026-09-19T18:57:12
p,0.7404301859278163,1.0,0.9776394808644207,0.9994648106215951,AVISTA,1.0.7,2026-09-19T18:57:12
p,0.7389719285453883,1.0,0.9777462165763664,0.9994648106215951,AVISTA,1.0.7,2026-09-19T18:57:12
p,0.7367845424717463,1.0,0.9781567270460118,0.9994648106215951,AVISTA,1.0.7,2026-09-19T18:57:12
p,0.7327743346700692,1.0,0.9784688542610734,0.9994648106215951,AVISTA,1.0.7,2026-09-19T18:57:12
p,0.7313160772876413,1.0,0.9804169767857946,0.9994648106215951,AVISTA,1.0.7,2026-09-19T18:57:12
p,0.7291286912139993,1.0,0.9807087475935463,0.9994648106215951,AVISTA,1.0.7,2026-09-19T18:57:12
p,0.7283995625227853,1.0,0.98083859359567,0.9994648106215951,AVISTA,1.0.7,2026-09-19T18:57:12
p,0.7236602260298943,1.0,0.980922200269496,0.9994648106215951,AVISTA,1.0.7,2026-09-19T18:57:12
p,0.7203791469194313,1.0,0.9814373916122288,0.9994648106215951,AVISTA,1.0.7,2026-09-19T18:57:12
p,0.7178271965001822,1.0,0.9822481652019537,0.9994648106215951,AVISTA,1.0.7,2026-09-19T18:57:12
p,0.7050674444039373,1.0,0.9825458753429883,0.9994648106215951,AVISTA,1.0.7,2026-09-19T18:57:12
p,0.7028800583302953,1.0,0.9841310945718185,0.9994648106215951,AVISTA,1.0.7,2026-09-19T18:57:12
p,0.6999635435654393,1.0,0.9841601003682592,0.9994648106215951,AVISTA,1.0.7,2026-09-19T18:57:12
p,0.6963179001093693,1.0,0.9844740138193944,0.9994648106215951,AVISTA,1.0.7,2026-09-19T18:57:12
p,0.6934013853445133,1.0,0.9845420081099379,0.9994648106215951,AVISTA,1.0.7,2026-09-19T18:57:12
p,0.6908494349252643,1.0,0.9849609461118959,0.9994648106215951,AVISTA,1.0.7,2026-09-19T18:57:12
p,0.6879329201604083,1.0,0.9856200735945645,0.9994648106215951,AVISTA,1.0.7,2026-09-19T18:57:12
p,0.6718920889537003,1.0,0.9859673675530675,0.9994648106215951,AVISTA,1.0.7,2026-09-19T18:57:12
p,0.6678818811520233,1.0,0.9863313925716305,0.9994648106215951,AVISTA,1.0.7,2026-09-19T18:57:12
p,0.6638716733503464,1.0,0.9863731721470727,0.9994648106215951,AVISTA,1.0.7,2026-09-19T18:57:12
p,0.6624134159679184,1.0,0.98670249018878,0.9994648106215951,AVISTA,1.0.7,2026-09-19T18:57:12
p,0.6591323368574553,1.0,0.9874845490264967,0.9994648106215951,AVISTA,1.0.7,2026-09-19T18:57:12
p,0.6569449507838133,1.0,0.988970345981282,0.9994648106215951,AVISTA,1.0.7,2026-09-19T18:57:12
p,0.6554866934013853,1.0,0.9891650325493748,0.9994648106215951,AVISTA,1.0.7,2026-09-19T18:57:12
p,0.6536638716733504,1.0,0.9896333892318149,0.9994648106215951,AVISTA,1.0.7,2026-09-19T18:57:12
p,0.6503827925628873,1.0,0.9898720774841789,0.9994648106215951,AVISTA,1.0.7,2026-09-19T18:57:12
p,0.6492890995260664,1.0,0.9899032866844084,0.9994648106215951,AVISTA,1.0.7,2026-09-19T18:57:12
p,0.6474662777980313,1.0,0.9912348266420307,0.9994648106215951,AVISTA,1.0.7,2026-09-19T18:57:12
p,0.6460080204156033,1.0,0.9916144720375544,0.9994648106215951,AVISTA,1.0.7,2026-09-19T18:57:12
p,0.6423623769595334,1.0,0.9918332171143229,0.9994648106215951,AVISTA,1.0.7,2026-09-19T18:57:12
p,0.6394458621946774,1.0,0.9919003946047232,0.9994648106215951,AVISTA,1.0.7,2026-09-19T18:57:12
p,0.6274152387896463,1.0,0.9925913236932368,0.9994648106215951,AVISTA,1.0.7,2026-09-19T18:57:12
p,0.6241341596791834,1.0,0.9927847720095762,0.9994648106215951,AVISTA,1.0.7,2026-09-19T18:57:12
p,0.6215822092599343,1.0,0.992878018043157,0.9994648106215951,AVISTA,1.0.7,2026-09-19T18:57:12
p,0.6186656944950784,1.0,0.9934511144400346,0.9994648106215951,AVISTA,1.0.7,2026-09-19T18:57:12
p,0.6062705067444404,1.0,0.9935413677735389,0.9994648106215951,AVISTA,1.0.7,2026-09-19T18:57:12
p,0.6026248632883704,1.0,0.9938279659302701,0.9994648106215951,AVISTA,1.0.7,2026-09-19T18:57:12
p,0.6018957345971564,1.0,0.9942426522043581,0.9994648106215951,AVISTA,1.0.7,2026-09-19T18:57:12
p,0.5993437841779073,1.0,0.994687231793004,0.9994648106215951,AVISTA,1.0.7,2026-09-19T18:57:12
p,0.5978855267954793,1.0,0.9947795666082699,0.9994648106215951,AVISTA,1.0.7,2026-09-19T18:57:12
p,0.5953335763762304,1.0,0.9949149104469759,0.9994648106215951,AVISTA,1.0.7,2026-09-19T18:57:12
p,0.5913233685745534,1.0,0.9950114962631071,0.9994648106215951,AVISTA,1.0.7,2026-09-19T18:57:12
p,0.5902296755377324,1.0,0.9953894226225991,0.9994648106215951,AVISTA,1.0.7,2026-09-19T18:57:12
p,0.5873131607728764,1.0,0.9954728385445764,0.9994648106215951,AVISTA,1.0.7,2026-09-19T18:57:12
p,0.5738242799854174,1.0,0.9957067037385711,0.9994648106215951,AVISTA,1.0.7,2026-09-19T18:57:12
p,0.5727305869485965,1.0,0.9958974152182875,0.9994648106215951,AVISTA,1.0.7,2026-09-19T18:57:12
p,0.5676266861100985,1.0,0.9960429722173005,0.9994648106215951,AVISTA,1.0.7,2026-09-19T18:57:12
p,0.5650747356908494,1.0,0.9962522739610523,0.9994648106215951,AVISTA,1.0.7,2026-09-19T18:57:12
p,0.5614290922347794,1.0,0.9963219382457557,0.9994648106215951,AVISTA,1.0.7,2026-09-19T18:57:12
p,0.5490339044841415,1.0,0.9963421140672524,0.9994648106215951,AVISTA,1.0.7,2026-09-19T18:57:12
p,0.5344513306598615,1.0,0.9966024170072785,0.9994648106215951,AVISTA,1.0.7,2026-09-19T18:57:12
p,0.5318993802406125,1.0,0.9968031260166351,0.9994648106215951,AVISTA,1.0.7,2026-09-19T18:57:12
p,0.5289828654757565,1.0,0.9969723426495756,0.9994648106215951,AVISTA,1.0.7,2026-09-19T18:57:12
p,0.5257017863652935,1.0,0.9970286619198732,0.9994648106215951,AVISTA,1.0.7,2026-09-19T18:57:12
p,0.5125774699234414,1.0,0.9971772586696681,0.9994648106215951,AVISTA,1.0.7,2026-09-19T18:57:12
p,0.5107546481954065,1.0,0.9972553963596186,0.9994648106215951,AVISTA,1.0.7,2026-09-19T18:57:12
p,0.5067444403937295,1.0,0.9973267248583506,0.9994648106215951,AVISTA,1.0.7,2026-09-19T18:57:12
p,0.5041924899744805,1.0,0.9975767281360831,0.9994648106215951,AVISTA,1.0.7,2026-09-19T18:57:12
p,0.5012759752096245,1.0,0.9976047193648218,0.9994648106215951,AVISTA,1.0.7,2026-09-19T18:57:12
p,0.4994531534815895,1.0,0.9976081944999595,0.9994648106215951,AVISTA,1.0.7,2026-09-19T18:57:12
p,0.4965366387167335,1.0,0.9976329371011495,0.9994648106215951,AVISTA,1.0.7,2026-09-19T18:57:12
p,0.4925264309150565,1.0,0.9979208746750703,0.9994648106215951,AVISTA,1.0.7,2026-09-19T18:57:12
p,0.4888807874589865,1.0,0.9979482326837784,0.9994648106215951,AVISTA,1.0.7,2026-09-19T18:57:12
p,0.47539190667152753,1.0,0.9980654407815694,0.9994648106215951,AVISTA,1.0.7,2026-09-19T18:57:12
p,0.47393364928909953,1.0,0.998068248784486,0.9994648106215951,AVISTA,1.0.7,2026-09-19T18:57:12
p,0.47065257017863654,1.0,0.9982945764462342,0.9994648106215951,AVISTA,1.0.7,2026-09-19T18:57:12
p,0.46773605541378055,1.0,0.9983208873989267,0.9994648106215951,AVISTA,1.0.7,2026-09-19T18:57:12
p,0.46409041195771056,1.0,0.9983429906112534,0.9994648106215951,AVISTA,1.0.7,2026-09-19T18:57:12
p,0.45023696682464454,1.0,0.9985176593997527,0.9994648106215951,AVISTA,1.0.7,2026-09-19T18:57:12
p,0.44586219467736055,1.0,0.998566966196508,0.9994648106215951,AVISTA,1.0.7,2026-09-19T18:57:12
p,0.44513306598614655,1.0,0.9985799369770665,0.9994648106215951,AVISTA,1.0.7,2026-09-19T18:57:12
p,0.44440393729493255,1.0,0.9986739020499552,0.9994648106215951,AVISTA,1.0.7,2026-09-19T18:57:12
p,0.44185198687568356,1.0,0.9987442196927704,0.9994648106215951,AVISTA,1.0.7,2026-09-19T18:57:12
p,0.43857090776522056,1.0,0.9988428184690546,0.9994648106215951,AVISTA,1.0.7,2026-09-19T18:57:12
p,0.43820634341961356,1.0,0.9988862294990296,0.9994648106215951,AVISTA,1.0.7,2026-09-19T18:57:12
p,0.43784177907400657,1.0,0.9988963137341352,0.9994648106215951,AVISTA,1.0.7,2026-09-19T18:57:12
p,0.43747721472839957,1.0,0.9989291917471094,0.9994648106215951,AVISTA,1.0.7,2026-09-19T18:57:12
p,0.4341961356179366,1.0,0.9989784889488704,0.9994648106215951,AVISTA,1.0.7,2026-09-19T18:57:12
p,0.4334670069267226,1.0,0.9989859861485758,0.9994648106215951,AVISTA,1.0.7,2026-09-19T18:57:12
p,0.4298213634706526,1.0,0.9990547452192231,0.9994648106215951,AVISTA,1.0.7,2026-09-19T18:57:12
p,0.4265402843601896,1.0,0.9990719088773328,0.9994648106215951,AVISTA,1.0.7,2026-09-19T18:57:12
p,0.41305140357273057,1.0,0.9991006804347533,0.9994648106215951,AVISTA,1.0.7,2026-09-19T18:57:12
p,0.41232227488151657,1.0,0.9991048863803713,0.9994648106215951,AVISTA,1.0.7,2026-09-19T18:57:12
p,0.4097703244622676,1.0,0.9991518777890406,0.9994648106215951,AVISTA,1.0.7,2026-09-19T18:57:12
p,0.4064892453518046,1.0,0.99920614264474,0.9994648106215951,AVISTA,1.0.7,2026-09-19T18:57:12
p,0.4061246810061976,1.0,0.9992506349989553,0.9994648106215951,AVISTA,1.0.7,2026-09-19T18:57:12
p,0.3915421071819176,1.0,0.9993041059681862,0.9994648106215951,AVISTA,1.0.7,2026-09-19T18:57:12
p,0.3886255924170616,1.0,0.999315214541365,0.9994648106215951,AVISTA,1.0.7,2026-09-19T18:57:12
p,0.38607364199781263,1.0,0.999395533795087,0.9994648106215951,AVISTA,1.0.7,2026-09-19T18:57:12
p,0.38279256288734964,1.0,0.9994381421386794,0.9994648106215951,AVISTA,1.0.7,2026-09-19T18:57:12
p,0.38024061246810065,1.0,0.9995040502324366,0.9994648106215951,AVISTA,1.0.7,2026-09-19T18:57:12
p,0.3776886620488516,1.0,0.9995550336435404,0.9994648106215951,AVISTA,1.0.7,2026-09-19T18:57:12
p,0.3751367116296026,1.0,0.9995802071434308,0.9994648106215951,AVISTA,1.0.7,2026-09-19T18:57:12
p,0.36201239518775064,1.0,0.999640756001682,0.9994648106215951,AVISTA,1.0.7,2026-09-19T18:57:12
p,0.35873131607728764,1.0,0.9996610814944066,0.9994648106215951,AVISTA,1.0.7,2026-09-19T18:57:12
p,0.3448778709442217,1.0,0.9996829042487683,0.9994648106215951,AVISTA,1.0.7,2026-09-19T18:57:12
p,0.3415967918337587,1.0,0.9996860757666503,0.9994648106215951,AVISTA,1.0.7,2026-09-19T18:57:12
p,0.33795114837768864,1.0,0.9996870303406378,0.9994648106215951,AVISTA,1.0.7,2026-09-19T18:57:12
p,0.33467006926722564,1.0,0.9997163618742408,0.9994648106215951,AVISTA,1.0.7,2026-09-19T18:57:12
p,0.33102442581115565,1.0,0.9997473300848495,0.9994648106215951,AVISTA,1.0.7,2026-09-19T18:57:12
p,0.32847247539190666,1.0,0.9997710116176114,0.9994648106215951,AVISTA,1.0.7,2026-09-19T18:57:12
p,0.32482683193583667,1.0,0.9997769773335797,0.9994648106215951,AVISTA,1.0.7,2026-09-19T18:57:12
p,0.3219103171709807,1.0,0.9997978807344478,0.9994648106215951,AVISTA,1.0.7,2026-09-19T18:57:12
p,0.3189938024061247,1.0,0.9998266399856826,0.9994648106215951,AVISTA,1.0.7,2026-09-19T18:57:12
p,0.3168064163324827,1.0,0.9998358426177145,0.9994648106215951,AVISTA,1.0.7,2026-09-19T18:57:12
p,0.3142544659132337,1.0,0.9998367675812637,0.9994648106215951,AVISTA,1.0.7,2026-09-19T18:57:12
p,0.3138899015676267,1.0,0.9998382469042401,0.9994648106215951,AVISTA,1.0.7,2026-09-19T18:57:12
p,0.3131607728764127,1.0,0.9998424318683938,0.9994648106215951,AVISTA,1.0.7,2026-09-19T18:57:12
p,0.2996718920889537,1.0,0.9998433848074705,0.9994648106215951,AVISTA,1.0.7,2026-09-19T18:57:12
p,0.2967553773240977,1.0,0.9998512295320721,0.9994648106215951,AVISTA,1.0.7,2026-09-19T18:57:12
p,0.2942034269048487,1.0,0.9998600449589032,0.9994648106215951,AVISTA,1.0.7,2026-09-19T18:57:12
p,0.2912869121399927,1.0,0.9998674745584941,0.9994648106215951,AVISTA,1.0.7,2026-09-19T18:57:12
p,0.2876412686839227,1.0,0.9998682213117457,0.9994648106215951,AVISTA,1.0.7,2026-09-19T18:57:12
p,0.2872767043383157,1.0,0.9998727942697447,0.9994648106215951,AVISTA,1.0.7,2026-09-19T18:57:12
p,0.27232956616842874,1.0,0.9998731698013877,0.9994648106215951,AVISTA,1.0.7,2026-09-19T18:57:12
p,0.27196500182282174,1.0,0.9998743192642054,0.9994648106215951,AVISTA,1.0.7,2026-09-19T18:57:12
p,0.27123587313160774,1.0,0.9998764683420366,0.9994648106215951,AVISTA,1.0.7,2026-09-19T18:57:12
p,0.26831935836675175,1.0,0.9998798968818535,0.9994648106215951,AVISTA,1.0.7,2026-09-19T18:57:12
p,0.26503827925628876,1.0,0.9998830261982116,0.9994648106215951,AVISTA,1.0.7,2026-09-19T18:57:12
p,0.26248632883703976,1.0,0.9998836853314077,0.9994648106215951,AVISTA,1.0.7,2026-09-19T18:57:12
p,0.26212176449143276,1.0,0.9998939909371797,0.9994648106215951,AVISTA,1.0.7,2026-09-19T18:57:12
p,0.2595698140721837,1.0,0.9998953706286063,0.9994648106215951,AVISTA,1.0.7,2026-09-19T18:57:12
p,0.2555596062705067,1.0,0.9998976098003136,0.9994648106215951,AVISTA,1.0.7,2026-09-19T18:57:12
p,0.2551950419248997,1.0,0.9999090760535455,0.9994648106215951,AVISTA,1.0.7,2026-09-19T18:57:12
p,0.25191396281443673,1.0,0.9999096254392573,0.9994648106215951,AVISTA,1.0.7,2026-09-19T18:57:12
p,0.25154939846882973,1.0,0.9999097891466343,0.9994648106215951,AVISTA,1.0.7,2026-09-19T18:57:12
p,0.24644549763033174,1.0,0.9999155329210974,0.9994648106215951,AVISTA,1.0.7,2026-09-19T18:57:12
p,0.24279985417426175,1.0,0.9999254454125603,0.9994648106215951,AVISTA,1.0.7,2026-09-19T18:57:12
p,0.23988333940940576,1.0,0.9999265974766801,0.9994648106215951,AVISTA,1.0.7,2026-09-19T18:57:12
p,0.23660226029894277,1.0,0.9999287590984917,0.9994648106215951,AVISTA,1.0.7,2026-09-19T18:57:12
p,0.22165512212905578,1.0,0.9999352115900323,0.9994648106215951,AVISTA,1.0.7,2026-09-19T18:57:12
p,0.21800947867298578,1.0,0.9999420491326381,0.9994648106215951,AVISTA,1.0.7,2026-09-19T18:57:12
p,0.2150929639081298,1.0,0.9999424877350593,0.9994648106215951,AVISTA,1.0.7,2026-09-19T18:57:12
p,0.2016040831206708,1.0,0.9999435732017478,0.9994648106215951,AVISTA,1.0.7,2026-09-19T18:57:12
p,0.1975938753189938,1.0,0.9999451257290531,0.9994648106215951,AVISTA,1.0.7,2026-09-19T18:57:12
p,0.19394823186292381,1.0,0.9999532168034049,0.9994648106215951,AVISTA,1.0.7,2026-09-19T18:57:12
p,0.19030258840685382,1.0,0.9999544471836115,0.9994648106215951,AVISTA,1.0.7,2026-09-19T18:57:12
p,0.1873860736419978,1.0,0.9999557005373615,0.9994648106215951,AVISTA,1.0.7,2026-09-19T18:57:12
p,0.1841049945315348,1.0,0.9999587071490966,0.9994648106215951,AVISTA,1.0.7,2026-09-19T18:57:12
p,0.18009478672985782,1.0,0.9999597931411138,0.9994648106215951,AVISTA,1.0.7,2026-09-19T18:57:12
p,0.17644914327378783,1.0,0.9999608994103493,0.9994648106215951,AVISTA,1.0.7,2026-09-19T18:57:12
p,0.17280349981771784,1.0,0.9999696075684938,0.9994648106215951,AVISTA,1.0.7,2026-09-19T18:57:12
p,0.17061611374407584,1.0,0.9999704068905947,0.9994648106215951,AVISTA,1.0.7,2026-09-19T18:57:12
p,0.16660590594239882,1.0,0.9999754646028378,0.9994648106215951,AVISTA,1.0.7,2026-09-19T18:57:12
p,0.16368939117754283,1.0,0.9999761098883936,0.9994648106215951,AVISTA,1.0.7,2026-09-19T18:57:12
p,0.16004374772147284,1.0,0.9999783440652786,0.9994648106215951,AVISTA,1.0.7,2026-09-19T18:57:12
p,0.15712723295661685,1.0,0.9999789136220281,0.9994648106215951,AVISTA,1.0.7,2026-09-19T18:57:12
p,0.15457528253736785,1.0,0.9999791880809551,0.9994648106215951,AVISTA,1.0.7,2026-09-19T18:57:12
p,0.15165876777251186,1.0,0.9999811390917399,0.9994648106215951,AVISTA,1.0.7,2026-09-19T18:57:12
p,0.14910681735326284,1.0,0.9999820721954723,0.9994648106215951,AVISTA,1.0.7,2026-09-19T18:57:12
p,0.13488880787458987,1.0,0.9999831988514452,0.9994648106215951,AVISTA,1.0.7,2026-09-19T18:57:12
p,0.13197229310973388,1.0,0.9999847738787699,0.9994648106215951,AVISTA,1.0.7,2026-09-19T18:57:12
p,0.12905577834487786,1.0,0.9999851706396405,0.9994648106215951,AVISTA,1.0.7,2026-09-19T18:57:12
p,0.12541013488880787,1.0,0.9999855271616681,0.9994648106215951,AVISTA,1.0.7,2026-09-19T18:57:12
p,0.11082756106452789,1.0,0.9999865608237363,0.9994648106215951,AVISTA,1.0.7,2026-09-19T18:57:12
p,0.1086401749908859,1.0,0.999988059707514,0.9994648106215951,AVISTA,1.0.7,2026-09-19T18:57:12
p,0.10390083849799489,1.0,0.9999884733737598,0.9994648106215951,AVISTA,1.0.7,2026-09-19T18:57:12
p,0.1009843237331389,1.0,0.9999890853462394,0.9994648106215951,AVISTA,1.0.7,2026-09-19T18:57:12
p,0.0980678089682829,1.0,0.9999901085482881,0.9994648106215951,AVISTA,1.0.7,2026-09-19T18:57:12
p,0.09588042289464091,1.0,0.9999906947450242,0.9994648106215951,AVISTA,1.0.7,2026-09-19T18:57:12
p,0.0929639081297849,1.0,0.9999911887813379,0.9994648106215951,AVISTA,1.0.7,2026-09-19T18:57:12
p,0.08968282901932191,1.0,0.999991786819965,0.9994648106215951,AVISTA,1.0.7,2026-09-19T18:57:12
p,0.08603718556325192,1.0,0.9999918949649023,0.9994648106215951,AVISTA,1.0.7,2026-09-19T18:57:12
p,0.07327743346700692,1.0,0.9999920147969287,0.9994648106215951,AVISTA,1.0.7,2026-09-19T18:57:12
p,0.06999635435654393,1.0,0.9999922228760855,0.9994648106215951,AVISTA,1.0.7,2026-09-19T18:57:12
p,0.06671527524608094,1.0,0.9999929519502204,0.9994648106215951,AVISTA,1.0.7,2026-09-19T18:57:12
p,0.06343419613561793,1.0,0.9999930436884499,0.9994648106215951,AVISTA,1.0.7,2026-09-19T18:57:12
p,0.05942398833394094,1.0,0.9999934569433527,0.9994648106215951,AVISTA,1.0.7,2026-09-19T18:57:12
p,0.04411228581844696,1.0,0.9999939549746171,0.9994648106215951,AVISTA,1.0.7,2026-09-19T18:57:12
p,0.04083120670798396,1.0,0.9999943842895307,0.9994648106215951,AVISTA,1.0.7,2026-09-19T18:57:12
p,0.03718556325191396,1.0,0.9999950433576236,0.9994648106215951,AVISTA,1.0.7,2026-09-19T18:57:12
p,0.03281079110462997,1.0,0.9999951199560106,0.9994648106215951,AVISTA,1.0.7,2026-09-19T18:57:12
p,0.029165147648559972,1.0,0.9999956926855683,0.9994648106215951,AVISTA,1.0.7,2026-09-19T18:57:12
p,0.025884068538096973,1.0,0.9999961472890895,0.9994648106215951,AVISTA,1.0.7,2026-09-19T18:57:12
p,0.022238425082026978,1.0,0.999996351838984,0.9994648106215951,AVISTA,1.0.7,2026-09-19T18:57:12
p,0.01968647466277798,1.0,0.9999968897747177,0.9994648106215951,AVISTA,1.0.7,2026-09-19T18:57:12
p,0.01822821728034998,1.0,0.9999970549043408,0.9994648106215951,AVISTA,1.0.7,2026-09-19T18:57:12
p,0.015676266861100983,1.0,0.9999972547961677,0.9994648106215951,AVISTA,1.0.7,2026-09-19T18:57:12
p,0.012030623405030989,1.0,0.9999974005459412,0.9994648106215951,AVISTA,1.0.7,2026-09-19T18:57:12
p,0.008749544294567991,1.0,0.9999979794911567,0.9994648106215951,AVISTA,1.0.7,2026-09-19T18:57:12
p,0.006197593875318994,1.0,0.9999983688795722,0.9994648106215951,AVISTA,1.0.7,2026-09-19T18:57:12
p,0.002916514764855997,1.0,0.999998560310953,0.9994648106215951,AVISTA,1.0.7,2026-09-19T18:57:12
p,0.0,1.0,0.999998560310953,0.9994648106215951,AVISTA,1.0.7,2026-09-19T18:57:12
